ID_Startup,Nome_Real,Nome_Anonimizado,Ano_Fundacao,Ano_Encerramento,Setor_Industria,Modelo_Negocios,Status_Real,Motivo_Real_Gabarito,Rotulo_Categorico,Rotulos_Secundarios,Evento_Critico,Categoria_Evento_Critico,Ano_Evento_Critico,Contexto_Mercado_Equipe,URL_Fonte,Base_Decisao_Lean,Base_LOFA,Base_MVP,Resposta_Base,Epist_Decisao_Lean,Epist_LOFA,Epist_MVP,Resposta_Epist,Diabo_Decisao_Lean,Diabo_LOFA,Diabo_MVP,Resposta_Diabo,Anali_Decisao_Lean,Anali_LOFA,Anali_MVP,Resposta_Anali,Reg_Decisao_Lean,Reg_LOFA,Reg_MVP,Resposta_Reg,Anjo_Decisao_Lean,Anjo_LOFA,Anjo_MVP,Resposta_Anjo,Prod_Decisao_Lean,Prod_LOFA,Prod_MVP,Resposta_Prod,Inov_Decisao_Lean,Inov_LOFA,Inov_MVP,Resposta_Inov
F01,Quibi,Serviço de streaming móvel de vídeos curtos sob assinatura,2018,2020.0,MediaTech B2C,"Serviço de distribuição de vídeo via streaming restrito a smartphones, com episódios de 5 a 10 minutos produzidos sob encomenda. Modelo de receita baseado em assinatura mensal com dois planos (com anúncios ou sem anúncios). A estrutura de custos concentra despesas em licenciamento de direitos autorais, contratação de estúdios e desenvolvimento de aplicativo com suporte a orientação vertical e horizontal.",Falha,"A empresa encerrou as operações em outubro de 2020, seis meses após o lançamento do aplicativo. A conversão de usuários para assinaturas pagas situou-se abaixo das projeções financeiras e a empresa devolveu aproximadamente US$ 350 milhões do capital remanescente aos investidores.",Sem necessidade de mercado,Problema de produto;Modelo de negócios falho,Encerramento das operações e devolução do capital remanescente aos investidores,Sem necessidade de mercado,2020,"A equipe fundadora é composta por executivos sêniores com vasta experiência prévia em gestão na indústria de entretenimento, mídias digitais e plataformas de tecnologia. No ano da análise (2018), o consumo de vídeo em dispositivos móveis divide-se entre plataformas abertas de compartilhamento gratuito suportadas por publicidade e serviços de streaming por assinatura para telas domésticas.",https://news.crunchbase.com/startups/quibi-shutting-down/;https://www.npr.org/2020/10/21/926396526/quibi-short-form-streaming-service-shutting-down;https://techcrunch.com/2018/08/07/katzenberg-whitmans-newtv-raises-1b-from-every-major-hollywood-studio-and-alibaba/;https://www.youtube.com/watch?v=xQQaztSG39Y,Necessita Pivotagem,A premissa crítica é a capacidade de atrair e reter usuários pagantes em um mercado saturado por plataformas gratuitas de compartilhamento de vídeos.,Desenvolver um MVP com um catálogo limitado de conteúdo e testar em um grupo de usuários-alvo para avaliar a aderência ao modelo de assinatura e a retenção de usuários.,"```json
{
  ""analise_coerencia_problema_solucao"": ""O problema identificado é a falta de uma plataforma de streaming de vídeos curtos sob assinatura exclusivamente para smartphones, o que atende a uma demanda crescente por conteúdo de curta duração consumido em dispositivos móveis. A solução proposta, um serviço de streaming com episódios de 5 a 10 minutos, parece coerente com a dor do cliente."",
  ""analise_viabilidade_economica_canais"": ""O modelo de monetização baseado em assinaturas mensais com opção de planos com e sem anúncios é viável, considerando os custos de licenciamento de direitos autorais e desenvolvimento de aplicativo. No entanto, a concorrência de plataformas gratuitas pode dificultar a aquisição de clientes."",
  ""premissa_salto_de_fe_lofa"": ""A premissa crítica é a capacidade de atrair e reter usuários pagantes em um mercado saturado por plataformas gratuitas de compartilhamento de vídeos."",
  ""experimento_mvp_prioritario"": ""Desenvolver um MVP com um catálogo limitado de conteúdo e testar em um grupo de usuários-alvo para avaliar a aderência ao modelo de assinatura e a retenção de usuários."",
  ""decisao_lean"": ""Necessita Pivotagem""
}
```",Necessita Pivotagem,A premissa crítica é que o público-alvo está disposto a pagar por um serviço de streaming de vídeos curtos quando alternativas gratuitas já existem e atendem à mesma necessidade.,Desenvolver um MVP com um catálogo limitado de vídeos curtos e lançá-lo em um mercado teste para medir a adesão de assinantes e a retenção de clientes. É crucial monitorar a taxa de conversão de usuários gratuitos para assinantes e a satisfação do cliente para validar a premissa crítica.,"{
  ""analise_coerencia_problema_solucao"": ""A proposta de valor do serviço de streaming de vídeos curtos sob assinatura parece atender a uma demanda crescente por conteúdo de fácil consumo em dispositivos móveis. No entanto, a solução proposta não diferencia-se claramente de alternativas gratuitas já existentes, como redes sociais e plataformas de streaming com anúncios, que já atendem a essa necessidade."",
  ""analise_viabilidade_economica_canais"": ""A estrutura de custos envolvendo licenciamento de direitos autorais e desenvolvimento de aplicativo é significativa. A monetização baseada em assinaturas mensais com anúncios precisa ser testada para verificar se a receita cobre os custos operacionais e gera lucro. A viabilidade econômica dependerá da capacidade de atrair e reter assinantes suficientes para sustentar o modelo."",
  ""premissa_salto_de_fe_lofa"": ""A premissa crítica é que o público-alvo está disposto a pagar por um serviço de streaming de vídeos curtos quando alternativas gratuitas já existem e atendem à mesma necessidade."",
  ""experimento_mvp_prioritario"": ""Desenvolver um MVP com um catálogo limitado de vídeos curtos e lançá-lo em um mercado teste para medir a adesão de assinantes e a retenção de clientes. É crucial monitorar a taxa de conversão de usuários gratuitos para assinantes e a satisfação do cliente para validar a premissa crítica."",
  ""decisao_lean"": ""Necessita Pivotagem""
}",Reprovação por Showstopper (Descarte),A premissa crítica é a capacidade de atrair e reter usuários pagantes para um serviço de streaming de vídeos curtos quando existem alternativas gratuitas e populares no mercado.,"A criação de um MVP para testar a proposta de valor é inviável devido à existência de alternativas gratuitas que já atendem à demanda do mercado. O teste de campo com clientes potenciais não seria capaz de validar a hipótese de um modelo de assinatura para vídeos curtos, pois o público já tem acesso gratuito a conteúdo semelhante.","{
  ""analise_coerencia_problema_solucao"": ""O problema identificado é a falta de um serviço de streaming de vídeos curtos sob assinatura para smartphones, mas o mercado já oferece alternativas gratuitas de vídeos curtos em redes sociais e plataformas de streaming por assinatura tradicionais que cobrem uma ampla gama de conteúdo. A solução proposta não atende a uma dor prioritária do cliente, pois a demanda por um serviço pago de vídeos curtos já é atendida por alternativas gratuitas ou de baixo custo."",
  ""analise_viabilidade_economica_canais"": ""O modelo de monetização baseado em assinaturas mensais com anúncios e sem anúncios é questionável, pois o custo de aquisição do cliente (CAC) pode ser elevado devido à necessidade de marketing digital e a concorrência de plataformas gratuitas. Além disso, a estrutura de custos envolvendo licenciamento de direitos autorais e desenvolvimento de aplicativo pode tornar a economia unitária deficitária."",
  ""premissa_salto_de_fe_lofa"": ""A premissa crítica é a capacidade de atrair e reter usuários pagantes para um serviço de streaming de vídeos curtos quando existem alternativas gratuitas e populares no mercado."",
  ""experimento_mvp_prioritario"": ""A criação de um MVP para testar a proposta de valor é inviável devido à existência de alternativas gratuitas que já atendem à demanda do mercado. O teste de campo com clientes potenciais não seria capaz de validar a hipótese de um modelo de assinatura para vídeos curtos, pois o público já tem acesso gratuito a conteúdo semelhante."",
  ""decisao_lean"": ""Reprovação por Showstopper (Descarte)""
}",Avançar para MVP,"A premissa crítica é a capacidade de atrair um número suficiente de assinantes para cobrir os custos de produção e licenciamento de conteúdo, bem como os custos de desenvolvimento e manutenção do aplicativo.",Desenvolver um MVP com um catálogo limitado de conteúdo e testar com um grupo de usuários-alvo para validar a demanda e ajustar a oferta.,"{
  ""analise_coerencia_problema_solucao"": ""O problema identificado é a falta de um serviço de streaming móvel especializado em vídeos curtos sob assinatura, que atende a uma demanda crescente por conteúdo de fácil consumo em dispositivos móveis. A solução proposta é coerente com o problema, oferecendo um serviço que preenche essa lacuna no mercado."",
  ""analise_viabilidade_economica_canais"": ""O modelo de monetização baseado em assinaturas com planos com e sem anúncios é viável, mas a estrutura de custos envolvendo licenciamento de direitos autorais e desenvolvimento de aplicativo é significativa. A viabilidade econômica dependerá da capacidade de atrair e reter assinantes suficientes para cobrir esses custos."",
  ""premissa_salto_de_fe_lofa"": ""A premissa crítica é a capacidade de atrair um número suficiente de assinantes para cobrir os custos de produção e licenciamento de conteúdo, bem como os custos de desenvolvimento e manutenção do aplicativo."",
  ""experimento_mvp_prioritario"": ""Desenvolver um MVP com um catálogo limitado de conteúdo e testar com um grupo de usuários-alvo para validar a demanda e ajustar a oferta."",
  ""decisao_lean"": ""Avançar para MVP""
}",Reprovação por Showstopper (Descarte),A premissa crítica é a capacidade de atrair e reter assinantes pagantes em um mercado saturado por alternativas gratuitas de alta qualidade.,"Desenvolver um MVP com um pequeno catálogo de conteúdo e realizar testes com um grupo limitado de usuários para avaliar a retenção de assinaturas e a satisfação do cliente. No entanto, a existência de alternativas gratuitas robustas pode tornar difícil a atração de assinantes.","```json
{
  ""analise_coerencia_problema_solucao"": ""A proposta de valor atende a uma demanda crescente por conteúdo de vídeo curto e conveniente para consumo em dispositivos móveis, alinhando-se com a crescente preferência por entretenimento sob demanda. No entanto, o problema é amplamente atendido por alternativas gratuitas consolidadas no mercado, como redes sociais e plataformas de streaming com conteúdo gratuito."",
  ""analise_viabilidade_economica_canais"": ""O modelo de monetização baseado em assinaturas mensais com opções de planos com e sem anúncios é viável, mas a existência de alternativas gratuitas robustas pode dificultar a aquisição de clientes e a retenção de assinaturas. Além disso, os custos de licenciamento de direitos autorais e desenvolvimento de aplicativo podem ser significativos."",
  ""premissa_salto_de_fe_lofa"": ""A premissa crítica é a capacidade de atrair e reter assinantes pagantes em um mercado saturado por alternativas gratuitas de alta qualidade."",
  ""experimento_mvp_prioritario"": ""Desenvolver um MVP com um pequeno catálogo de conteúdo e realizar testes com um grupo limitado de usuários para avaliar a retenção de assinaturas e a satisfação do cliente. No entanto, a existência de alternativas gratuitas robustas pode tornar difícil a atração de assinantes."",
  ""decisao_lean"": ""Reprovação por Showstopper (Descarte)""
}
```",Necessita Pivotagem,A premissa crítica é a capacidade de atrair e reter assinantes pagantes em um mercado onde alternativas gratuitas são amplamente disponíveis e já estabelecidas.,O MVP deve incluir um aplicativo mínimo com um catálogo limitado de conteúdo e testes de aquisição de usuários em nichos específicos para validar a proposta de valor e a viabilidade econômica.,"{
  ""analise_coerencia_problema_solucao"": ""A proposta de valor atende a uma demanda crescente por conteúdo de vídeo curto e otimizado para consumo em dispositivos móveis, com uma solução que oferece um modelo de assinatura flexível (com ou sem anúncios). No entanto, a existência de alternativas gratuitas robustas e consolidadas no mercado pode mitigar a urgência da dor do cliente."",
  ""analise_viabilidade_economica_canais"": ""O modelo de monetização baseado em assinaturas mensais parece viável, mas a viabilidade econômica dependerá significativamente da capacidade de aquisição de usuários e da retenção de assinaturas, o que pode ser desafiador em um mercado saturado com opções gratuitas."",
  ""premissa_salto_de_fe_lofa"": ""A premissa crítica é a capacidade de atrair e reter assinantes pagantes em um mercado onde alternativas gratuitas são amplamente disponíveis e já estabelecidas."",
  ""experimento_mvp_prioritario"": ""O MVP deve incluir um aplicativo mínimo com um catálogo limitado de conteúdo e testes de aquisição de usuários em nichos específicos para validar a proposta de valor e a viabilidade econômica."",
  ""decisao_lean"": ""Necessita Pivotagem""
}",Reprovação por Showstopper (Descarte),A premissa crítica é que o público pagará por um serviço de streaming de vídeos curtos quando existem alternativas gratuitas e populares que atendem a essa demanda.,"Dado o Showstopper identificado, a criação de um MVP não é justificada, pois a proposta não atende a uma dor prioritária do cliente.","{
  ""analise_coerencia_problema_solucao"": ""O problema identificado é a falta de uma plataforma de streaming de vídeos curtos sob assinatura para smartphones, mas a dor do cliente é questionável, pois existem alternativas gratuitas e populares que já atendem a essa demanda com publicidade. A solução proposta não oferece um diferencial claro que justifique uma assinatura paga."",
  ""analise_viabilidade_economica_canais"": ""O modelo de monetização baseado em assinaturas pode não ser viável, pois os custos de produção e licenciamento de conteúdo podem ser elevados, e a receita por assinante pode não ser suficiente para cobrir esses custos, especialmente se a adesão for baixa."",
  ""premissa_salto_de_fe_lofa"": ""A premissa crítica é que o público pagará por um serviço de streaming de vídeos curtos quando existem alternativas gratuitas e populares que atendem a essa demanda."",
  ""experimento_mvp_prioritario"": ""Dado o Showstopper identificado, a criação de um MVP não é justificada, pois a proposta não atende a uma dor prioritária do cliente."",
  ""decisao_lean"": ""Reprovação por Showstopper (Descarte)""
}",Necessita Pivotagem,A capacidade de atrair e reter uma base de assinantes suficiente para sustentar a economia unitária.,Desenvolver um MVP com um catálogo limitado de conteúdo e realizar testes A/B com diferentes estratégias de precificação e marketing para avaliar a retenção de assinantes.,"```json
{
  ""analise_coerencia_problema_solucao"": ""A proposta de valor atende a uma demanda crescente por conteúdo de vídeo curto e direcionado para smartphones, mas a solução precisa diferenciar-se das alternativas gratuitas já existentes para ser competitiva."",
  ""analise_viabilidade_economica_canais"": ""O modelo de monetização por assinatura mensal com opção de anúncios é viável, mas a sustentabilidade financeira dependerá de uma base de assinantes suficiente para cobrir os custos de produção e licenciamento de conteúdo."",
  ""premissa_salto_de_fe_lofa"": ""A capacidade de atrair e reter uma base de assinantes suficiente para sustentar a economia unitária."",
  ""experimento_mvp_prioritario"": ""Desenvolver um MVP com um catálogo limitado de conteúdo e realizar testes A/B com diferentes estratégias de precificação e marketing para avaliar a retenção de assinantes."",
  ""decisao_lean"": ""Necessita Pivotagem""
}
```"
F02,Theranos,Plataforma de testes laboratoriais e análises clínicas em ponto de atendimento,2003,2018.0,HealthTech Diagnostics,"Plataforma de diagnósticos laboratoriais voltada à execução de testes automatizados a partir de amostras de sangue capilar em cartuchos e dispositivos miniaturizados proprietários. O modelo de receita baseia-se na cobrança direta por exame realizado (desembolso direto do paciente ou reembolso securitário) e em parcerias de distribuição em centros de atendimento integrados a redes de farmácias. A estrutura de custos concentra despesas em pesquisa e desenvolvimento de microfluídica, fabricação de hardware proprietário e processos de certificação laboratorial e regulatória.",Falha,"A empresa encerrou as operações e foi liquidada em 2018 após investigações da SEC, do Departamento de Justiça dos Estados Unidos e de agências reguladoras de saúde (CMS/FDA) que constataram inconsistências na exatidão dos equipamentos proprietários, culminando na invalidação de exames realizados, revogação de licenças laboratoriais e processos judiciais contra os executivos.",Problema regulatório ou legal,Produto ruim;Modelo de negócios falho,Abertura de processo e acusação formal de fraude pela SEC contra a empresa e sua liderança,Problema regulatório ou legal,2018,"A equipe fundadora conta com formação técnica em engenharia química e suporte de conselheiros acadêmicos especializados em engenharia de processos. No ano da análise (2003), o setor de medicina diagnóstica nos Estados Unidos é estruturado em torno de processamento centralizado de amostras venosas em laboratórios clínicos de referência e analisadores comerciais hospitalares.",https://www.sec.gov/news/press-release/2018-41;https://www.justice.gov/usao-ndca/pr/theranos-founder-and-former-chief-operating-officer-charged-wire-fraud;https://www.cnn.com/2022/07/07/tech/theranos-rise-and-fall/index.html;https://en.wikipedia.org/wiki/Theranos;https://en.wikipedia.org/wiki/Elizabeth_Holmes,Reprovação por Showstopper (Descarte),"A premissa crítica é a capacidade de desenvolver e certificar tecnologia de microfluídica em dispositivos miniaturizados para testes laboratoriais em 2003, quando a tecnologia não estava suficientemente madura.",A construção de um MVP em 2003 é inviável devido à falta de maturidade tecnológica e regulatória necessária para desenvolver e certificar a tecnologia de microfluídica.,"```json
{
  ""analise_coerencia_problema_solucao"": ""A proposta de valor atende a uma necessidade real de diagnósticos rápidos e acessíveis, mas a solução requer tecnologia avançada em microfluídica e certificações regulatórias complexas que não estavam maduras em 2003."",
  ""analise_viabilidade_economica_canais"": ""O modelo de monetização é viável em princípio, mas a fabricação de hardware proprietário e a obtenção de certificações regulatórias são desafios significativos que impactam os custos operacionais e a escalabilidade."",
  ""premissa_salto_de_fe_lofa"": ""A premissa crítica é a capacidade de desenvolver e certificar tecnologia de microfluídica em dispositivos miniaturizados para testes laboratoriais em 2003, quando a tecnologia não estava suficientemente madura."",
  ""experimento_mvp_prioritario"": ""A construção de um MVP em 2003 é inviável devido à falta de maturidade tecnológica e regulatória necessária para desenvolver e certificar a tecnologia de microfluídica."",
  ""decisao_lean"": ""Reprovação por Showstopper (Descarte)""
}
```",Reprovação por Showstopper (Descarte),"A premissa crítica é a capacidade de desenvolver e validar tecnologias de microfluídica e dispositivos proprietários que atendam aos rigorosos padrões de certificação laboratorial e regulatória, além de ser economicamente viável em escala.","Desenvolver um protótipo funcional do dispositivo e realizar testes clínicos iniciais para validar a tecnologia e obter feedback de usuários médicos. No entanto, a complexidade regulatória e científica torna a construção de um MVP imediato impraticável.","{
  ""analise_coerencia_problema_solucao"": ""A proposta de valor visa resolver a necessidade de diagnósticos rápidos e portáteis, mas em 2003, a tecnologia e a regulamentação não estavam maduras para suportar testes laboratoriais automatizados em ponto de atendimento com amostras de sangue capilar. A solução proposta é inovadora, mas enfrenta desafios significativos de aceitação e validação científica."",
  ""analise_viabilidade_economica_canais"": ""A monetização baseada na cobrança direta por exame e parcerias com farmácias é viável em princípio, mas a complexidade regulatória e científica envolvida pode resultar em custos operacionais unitários muito altos, tornando a economia unitária deficitária sem escala."",
  ""premissa_salto_de_fe_lofa"": ""A premissa crítica é a capacidade de desenvolver e validar tecnologias de microfluídica e dispositivos proprietários que atendam aos rigorosos padrões de certificação laboratorial e regulatória, além de ser economicamente viável em escala."",
  ""experimento_mvp_prioritario"": ""Desenvolver um protótipo funcional do dispositivo e realizar testes clínicos iniciais para validar a tecnologia e obter feedback de usuários médicos. No entanto, a complexidade regulatória e científica torna a construção de um MVP imediato impraticável."",
  ""decisao_lean"": ""Reprovação por Showstopper (Descarte)""
}",Necessita Pivotagem,"A premissa crítica mais arriscada é a capacidade de desenvolver e validar tecnologia de microfluídica e dispositivos proprietários de forma eficiente e econômica, bem como obter as certificações necessárias para comercialização.","O experimento MVP prioritário deve envolver a construção de um protótipo funcional do dispositivo e a realização de testes clínicos para validar a eficácia e segurança do produto. Além disso, é necessário estabelecer parcerias com laboratórios e redes de farmácias para testar o modelo de receita.","```json
{
  ""analise_coerencia_problema_solucao"": ""A proposta de valor almeja resolver a necessidade de diagnósticos rápidos e acessíveis em ambientes de ponto de atendimento, o que é uma dor real no mercado de saúde. No entanto, a solução proposta, que envolve tecnologia de microfluídica e dispositivos proprietários, é tecnicamente avançada e experimental para o ano de 2003, o que pode comprometer a viabilidade imediata."",
  ""analise_viabilidade_economica_canais"": ""O modelo de receita baseado na cobrança direta por exame e parcerias com redes de farmácias é coerente com a proposta de valor. No entanto, a necessidade de investimentos significativos em pesquisa e desenvolvimento, fabricação de hardware e certificação laboratorial e regulatória pode resultar em custos operacionais elevados, potencialmente comprometendo a viabilidade econômica inicial."",
  ""premissa_salto_de_fe_lofa"": ""A premissa crítica mais arriscada é a capacidade de desenvolver e validar tecnologia de microfluídica e dispositivos proprietários de forma eficiente e econômica, bem como obter as certificações necessárias para comercialização."",
  ""experimento_mvp_prioritario"": ""O experimento MVP prioritário deve envolver a construção de um protótipo funcional do dispositivo e a realização de testes clínicos para validar a eficácia e segurança do produto. Além disso, é necessário estabelecer parcerias com laboratórios e redes de farmácias para testar o modelo de receita."",
  ""decisao_lean"": ""Necessita Pivotagem""
}
```",Reprovação por Showstopper (Descarte),A premissa crítica é a capacidade de desenvolver e certificar tecnologia de microfluídica em dispositivos miniaturizados em um ambiente regulatório e científico restritivo de 2003.,A impossibilidade de criar um MVP devido às barreiras regulatórias e científicas proíbe a realização de experimentos práticos.,"```json
{
  ""analise_coerencia_problema_solucao"": ""A proposta de valor atende a uma necessidade real de diagnósticos rápidos e acessíveis em pontos de atendimento, mas o modelo de solução requer tecnologia e certificações avançadas que não estavam disponíveis na época (2003), tornando a implementação impraticável."",
  ""analise_viabilidade_economica_canais"": ""O modelo de monetização é viável em teoria, mas a complexidade regulatória e científica do setor em 2003 torna inviável a criação de um MVP econômico e escalável devido aos altos custos de desenvolvimento e certificação."",
  ""premissa_salto_de_fe_lofa"": ""A premissa crítica é a capacidade de desenvolver e certificar tecnologia de microfluídica em dispositivos miniaturizados em um ambiente regulatório e científico restritivo de 2003."",
  ""experimento_mvp_prioritario"": ""A impossibilidade de criar um MVP devido às barreiras regulatórias e científicas proíbe a realização de experimentos práticos."",
  ""decisao_lean"": ""Reprovação por Showstopper (Descarte)""
}
```",Reprovação por Showstopper (Descarte),A obtenção de certificações laboratoriais e regulatórias para o dispositivo de microfluídica e cartuchos proprietários é a premissa crítica mais arriscada.,"O desenvolvimento de um protótipo funcional do dispositivo e a realização de testes clínicos iniciais são essenciais para validar a tecnologia e iniciar o processo de certificação. No entanto, a complexidade e o tempo necessários para a obtenção das certificações podem ser um obstáculo significativo.","```json
{
  ""analise_coerencia_problema_solucao"": ""A proposta de valor alinha-se logicamente ao problema identificado, oferecendo uma solução inovadora para a realização de testes laboratoriais em ponto de atendimento. No entanto, a solução depende de tecnologia proprietária e certificações laboratoriais complexas."",
  ""analise_viabilidade_economica_canais"": ""O modelo de receita é viável, baseando-se na cobrança direta por exame e parcerias de distribuição. No entanto, a viabilidade econômica está condicionada à efetivação de pesquisas e desenvolvimentos tecnológicos e à obtenção de certificações laboratoriais."",
  ""premissa_salto_de_fe_lofa"": ""A obtenção de certificações laboratoriais e regulatórias para o dispositivo de microfluídica e cartuchos proprietários é a premissa crítica mais arriscada."",
  ""experimento_mvp_prioritario"": ""O desenvolvimento de um protótipo funcional do dispositivo e a realização de testes clínicos iniciais são essenciais para validar a tecnologia e iniciar o processo de certificação. No entanto, a complexidade e o tempo necessários para a obtenção das certificações podem ser um obstáculo significativo."",
  ""decisao_lean"": ""Reprovação por Showstopper (Descarte)""
}
```",Necessita Pivotagem,A capacidade de desenvolver e certificar tecnologias de microfluídica e dispositivos proprietários de forma eficiente e dentro do prazo regulatório é a premissa crítica.,"Desenvolver um protótipo funcional do dispositivo e realizar testes clínicos iniciais para validar a eficácia e segurança do produto, seguido de uma parceria piloto com uma rede de farmácias para testar a viabilidade do modelo de receita.","```json
{
  ""analise_coerencia_problema_solucao"": ""A proposta de valor atende a uma necessidade real de diagnósticos rápidos e acessíveis, mas o modelo de exames capilares em cartuchos e dispositivos proprietários enfrenta desafios de aceitação e integração com a infraestrutura existente de laboratórios e redes de saúde."",
  ""analise_viabilidade_economica_canais"": ""O modelo de receita direta do paciente e reembolso securitário é viável, mas a necessidade de certificações laboratoriais e regulatórias cria custos significativos e atrasos iniciais. A parceria com redes de farmácias pode ser um canal eficaz, mas requer validação."",
  ""premissa_salto_de_fe_lofa"": ""A capacidade de desenvolver e certificar tecnologias de microfluídica e dispositivos proprietários de forma eficiente e dentro do prazo regulatório é a premissa crítica."",
  ""experimento_mvp_prioritario"": ""Desenvolver um protótipo funcional do dispositivo e realizar testes clínicos iniciais para validar a eficácia e segurança do produto, seguido de uma parceria piloto com uma rede de farmácias para testar a viabilidade do modelo de receita."",
  ""decisao_lean"": ""Necessita Pivotagem""
}
```",Necessita Pivotagem,"A premissa crítica é a aceitação da tecnologia de microfluídica e dispositivos proprietários pelos profissionais de saúde e pacientes, bem como a capacidade de obter certificações laboratoriais e regulatórias necessárias.","Desenvolver um protótipo funcional do dispositivo e realizar testes clínicos para validar a eficácia e segurança dos testes automatizados. Em seguida, estabelecer parcerias com redes de farmácias para testar a aceitação do modelo de negócio.","{
  ""analise_coerencia_problema_solucao"": ""A proposta de valor atende a uma necessidade real na área de diagnósticos laboratoriais, oferecendo uma alternativa de testes automatizados em ponto de atendimento. No entanto, em 2003, o mercado estava acostumado com processos centralizados e a adoção de tecnologias de ponta em diagnósticos pode ter enfrentado resistência inicial."",
  ""analise_viabilidade_economica_canais"": ""O modelo de monetização baseado na cobrança por exame realizado e parcerias de distribuição em centros de atendimento integrados a redes de farmácias é lógico. No entanto, a necessidade de investimento significativo em pesquisa e desenvolvimento de microfluídica e certificação laboratorial pode comprometer a viabilidade econômica inicial."",
  ""premissa_salto_de_fe_lofa"": ""A premissa crítica é a aceitação da tecnologia de microfluídica e dispositivos proprietários pelos profissionais de saúde e pacientes, bem como a capacidade de obter certificações laboratoriais e regulatórias necessárias."",
  ""experimento_mvp_prioritario"": ""Desenvolver um protótipo funcional do dispositivo e realizar testes clínicos para validar a eficácia e segurança dos testes automatizados. Em seguida, estabelecer parcerias com redes de farmácias para testar a aceitação do modelo de negócio."",
  ""decisao_lean"": ""Necessita Pivotagem""
}",Avançar para MVP,"A premissa crítica é a capacidade de desenvolver e validar tecnologias de microfluídica e dispositivos proprietários de forma eficiente e econômica, além de obter as certificações regulatórias necessárias.","O experimento MVP deve focar na criação de um protótipo funcional do dispositivo e na realização de testes clínicos iniciais para validar a eficácia e a segurança do produto. Além disso, é necessário estabelecer parcerias com redes de farmácias para testar a viabilidade do modelo de distribuição.","```json
{
  ""analise_coerencia_problema_solucao"": ""A proposta de valor atende a uma necessidade real de diagnósticos rápidos e acessíveis, alinhando-se com a crescente demanda por soluções de saúde de ponta a ponta. A solução proposta, com testes automatizados e dispositivos miniaturizados, oferece uma abordagem inovadora para o setor de diagnósticos laboratoriais."",
  ""analise_viabilidade_economica_canais"": ""O modelo de monetização é viável, com receitas diretas do paciente e reembolsos securitários. No entanto, a viabilidade econômica depende da eficiência na fabricação de hardware proprietário e dos custos de certificação laboratorial e regulatória. Os canais de distribuição em redes de farmácias são promissores, mas requerem alinhamento estratégico e investimento inicial."",
  ""premissa_salto_de_fe_lofa"": ""A premissa crítica é a capacidade de desenvolver e validar tecnologias de microfluídica e dispositivos proprietários de forma eficiente e econômica, além de obter as certificações regulatórias necessárias."",
  ""experimento_mvp_prioritario"": ""O experimento MVP deve focar na criação de um protótipo funcional do dispositivo e na realização de testes clínicos iniciais para validar a eficácia e a segurança do produto. Além disso, é necessário estabelecer parcerias com redes de farmácias para testar a viabilidade do modelo de distribuição."",
  ""decisao_lean"": ""Avançar para MVP""
}
```"
F03,Juicero,Dispositivo conectado de prensagem a frio de sucos por sachês proprietários sob demanda,2013,2017.0,Consumer Hardware,"Sistema de alimentação baseado na comercialização de prensas eletromecânicas conectadas à internet combinada à assinatura e entrega de sachês selados de frutas e vegetais frescos picados. O modelo de receita apoia-se na venda do aparelho de prensagem e na venda recorrente de sachês proprietários, cuja leitura óptica de código QR pelo aparelho valida o lote e a validade antes da extração. A estrutura de custos engloba o desenvolvimento e montagem de componentes de engenharia de alta precisão, aquisição de insumos agrícolas frescos, envase refrigerado e logística de cadeia de frio.",Falha,"A empresa encerrou as operações em setembro de 2017 após a divulgação de testes públicos demonstrando que os sachês de suco podiam ser espremidos manualmente com rendimento equivalente ao aparelho de US$ 400, inviabilizando a proposta de valor do hardware e a sustentabilidade econômica da operação fabril.",Sem necessidade de mercado,Problema de preço ou custo;Produto ruim,Publicação de testes jornalísticos demonstrando que os sachês podiam ser espremidos manualmente sem o uso do equipamento,Sem necessidade de mercado,2017,"A equipe fundadora combina experiência prévia de empreendedorismo e gestão no setor de alimentos e bebidas orgânicas com profissionais de engenharia mecânica especializados no desenvolvimento de bens de consumo duráveis. No ano da análise (2013), o mercado de alimentação saudável e sucos naturais opera por meio de extração manual doméstica ou aquisição direta de garrafas pasteurizadas no varejo físico, em um contexto de expansão do consumo de produtos frescos e orgânicos em grandes centros urbanos.",https://en.wikipedia.org/wiki/Juicero;https://www.bbc.com/news/technology-41148663;https://www.youtube.com/watch?v=5OuJ8hQx6Wk;https://en.wikipedia.org/wiki/Doug_Evans_(entrepreneur),Necessita Pivotagem,"A premissa crítica é a viabilidade econômica da cadeia de fornecimento e logística de frio, incluindo aquisição de insumos agrícolas frescos, envase refrigerado e distribuição eficiente, sem comprometer a rentabilidade.","Desenvolver um protótipo funcional do aparelho e realizar testes com um pequeno grupo de consumidores, acompanhando a aceitação do produto e a eficiência da cadeia de fornecimento e logística de frio.","```json
{
  ""analise_coerencia_problema_solucao"": ""A proposta de valor atende a uma necessidade real de consumidores que buscam sucos frescos e naturais, sem a necessidade de preparação manual ou compra de produtos pasteurizados. A solução oferece uma alternativa conveniente e higiênica, com potencial de atrair consumidores preocupados com saúde e praticidade."",
  ""analise_viabilidade_economica_canais"": ""O modelo de receita baseado na venda do aparelho e na assinatura de sachês é viável, considerando os custos de produção e logística. No entanto, a cadeia de frio e a logística de envase refrigerado podem ser desafios significativos, impactando diretamente os custos operacionais e a rentabilidade."",
  ""premissa_salto_de_fe_lofa"": ""A premissa crítica é a viabilidade econômica da cadeia de fornecimento e logística de frio, incluindo aquisição de insumos agrícolas frescos, envase refrigerado e distribuição eficiente, sem comprometer a rentabilidade."",
  ""experimento_mvp_prioritario"": ""Desenvolver um protótipo funcional do aparelho e realizar testes com um pequeno grupo de consumidores, acompanhando a aceitação do produto e a eficiência da cadeia de fornecimento e logística de frio."",
  ""decisao_lean"": ""Necessita Pivotagem""
}
```",Necessita Pivotagem,"A premissa crítica é a adesão do consumidor a um novo sistema de sucos em sachês e a necessidade de um aparelho específico para extrair o suco, o que requer um alto nível de aceitação e investimento inicial.",Desenvolver um MVP que inclua a prensa e um pequeno lote de sachês para testar a aceitação do produto e a viabilidade econômica. O MVP deve incluir um sistema de entrega e logística de cadeia de frio.,"```json
{
  ""analise_coerencia_problema_solucao"": ""A proposta de valor atende a uma necessidade real de consumidores que buscam sucos naturais e frescos, mas a solução requer uma infraestrutura complexa e um ecossistema de sachês proprietários, o que pode ser um desafio de adoção."",
  ""analise_viabilidade_economica_canais"": ""A viabilidade econômica depende da eficiência da cadeia de suprimentos e da logística de frio para sachês, bem como da capacidade de monetizar o aparelho e os sachês. A existência de alternativas gratuitas ou de baixo custo pode ser um obstáculo."",
  ""premissa_salto_de_fe_lofa"": ""A premissa crítica é a adesão do consumidor a um novo sistema de sucos em sachês e a necessidade de um aparelho específico para extrair o suco, o que requer um alto nível de aceitação e investimento inicial."",
  ""experimento_mvp_prioritario"": ""Desenvolver um MVP que inclua a prensa e um pequeno lote de sachês para testar a aceitação do produto e a viabilidade econômica. O MVP deve incluir um sistema de entrega e logística de cadeia de frio."",
  ""decisao_lean"": ""Necessita Pivotagem""
}
```",Necessita Pivotagem,"A premissa crítica é a aceitação do consumidor por um novo dispositivo de alta tecnologia e a adesão à compra de sachês proprietários, em vez de sucos naturais tradicionais ou extração manual.",Desenvolver um protótipo funcional do aparelho e realizar testes com um grupo limitado de consumidores para avaliar a aceitação e a viabilidade econômica.,"```json
{
  ""analise_coerencia_problema_solucao"": ""A proposta de valor atende a uma necessidade real de consumo de sucos naturais frescos e convenientes, mas a solução requer um alto nível de adesão tecnológica e mudança de hábito do consumidor, o que pode ser um desafio."",
  ""analise_viabilidade_economica_canais"": ""O modelo de monetização depende da venda de equipamentos e sachês, mas a logística de cadeia de frio e aquisição de insumos agrícolas frescos podem resultar em custos operacionais elevados, potencialmente comprometendo a viabilidade econômica."",
  ""premissa_salto_de_fe_lofa"": ""A premissa crítica é a aceitação do consumidor por um novo dispositivo de alta tecnologia e a adesão à compra de sachês proprietários, em vez de sucos naturais tradicionais ou extração manual."",
  ""experimento_mvp_prioritario"": ""Desenvolver um protótipo funcional do aparelho e realizar testes com um grupo limitado de consumidores para avaliar a aceitação e a viabilidade econômica."",
  ""decisao_lean"": ""Necessita Pivotagem""
}
```",Necessita Pivotagem,"A premissa crítica é a viabilidade econômica da cadeia de fornecimento e logística de sachês frescos, incluindo custos de produção e manutenção da cadeia de frio, sem a qual o modelo de negócio não é economicamente sustentável.",O MVP deve incluir a produção de um protótipo funcional da prensa e a criação de sachês pilotos para testar a aceitação do produto e a viabilidade econômica da cadeia de fornecimento. É necessário validar a eficiência da logística de entrega e a satisfação do cliente com a qualidade dos sucos.,"```json
{
  ""analise_coerencia_problema_solucao"": ""A proposta de valor atende a uma necessidade de consumo de sucos naturais e frescos, oferecendo uma solução inovadora que combina tecnologia e conveniência. A solução proposta é coerente com o problema identificado, pois resolve a dor do cliente de ter acesso a sucos frescos de forma prática e higiênica."",
  ""analise_viabilidade_economica_canais"": ""A viabilidade econômica do modelo depende da eficiência na produção e distribuição dos sachês, bem como na logística de entrega mantendo a cadeia de frio. O custo de produção e logística de sachês frescos pode ser alto, o que pode comprometer a rentabilidade se não houver uma escala significativa."",
  ""premissa_salto_de_fe_lofa"": ""A premissa crítica é a viabilidade econômica da cadeia de fornecimento e logística de sachês frescos, incluindo custos de produção e manutenção da cadeia de frio, sem a qual o modelo de negócio não é economicamente sustentável."",
  ""experimento_mvp_prioritario"": ""O MVP deve incluir a produção de um protótipo funcional da prensa e a criação de sachês pilotos para testar a aceitação do produto e a viabilidade econômica da cadeia de fornecimento. É necessário validar a eficiência da logística de entrega e a satisfação do cliente com a qualidade dos sucos."",
  ""decisao_lean"": ""Necessita Pivotagem""
}
```",Reprovação por Showstopper (Descarte),A premissa crítica é a obtenção de certificações sanitárias e regulatórias necessárias para comercializar um dispositivo que manipula alimentos frescos e requer uma cadeia de frio rigorosa.,"O experimento MVP prioritário envolveria a construção de um protótipo funcional e a realização de testes laboratoriais para validar a segurança e eficácia do processo de prensagem a frio, seguido de uma campanha piloto com um pequeno grupo de usuários para coletar feedback.","```json
{
  ""analise_coerencia_problema_solucao"": ""A proposta de valor atende a uma necessidade de consumo de sucos naturais e frescos, oferecendo uma solução inovadora que combina tecnologia e conveniência. No entanto, a solução depende de certificações sanitárias e regulatórias complexas para garantir a segurança dos alimentos e a eficácia do processo de prensagem a frio."",
  ""analise_viabilidade_economica_canais"": ""O modelo de monetização baseado na venda de aparelhos e sachês é viável em princípio, mas os custos operacionais de logística e inspeção de qualidade podem ser elevados, especialmente no estágio inicial de desenvolvimento e escala."",
  ""premissa_salto_de_fe_lofa"": ""A premissa crítica é a obtenção de certificações sanitárias e regulatórias necessárias para comercializar um dispositivo que manipula alimentos frescos e requer uma cadeia de frio rigorosa."",
  ""experimento_mvp_prioritario"": ""O experimento MVP prioritário envolveria a construção de um protótipo funcional e a realização de testes laboratoriais para validar a segurança e eficácia do processo de prensagem a frio, seguido de uma campanha piloto com um pequeno grupo de usuários para coletar feedback."",
  ""decisao_lean"": ""Reprovação por Showstopper (Descarte)""
}
```",Necessita Pivotagem,"A premissa crítica é a aceitação do consumidor por um novo dispositivo e sistema de entrega de sachês, que requer investimento inicial e mudança de hábito.",Desenvolver um protótipo funcional do aparelho e iniciar testes com um grupo de usuários-alvo para validar a aceitação do conceito e ajustar a experiência do usuário.,"```json
{
  ""analise_coerencia_problema_solucao"": ""A proposta de valor atende a uma necessidade real de consumidores que buscam sucos frescos e naturais sem o inconveniente de prepará-los manualmente. A solução oferece uma alternativa conveniente e higiênica, mas depende da aceitação de um novo hábito de consumo."",
  ""analise_viabilidade_economica_canais"": ""O modelo de receita é sustentável com a venda do aparelho e a assinatura de sachês, contudo, os custos de produção e logística de cadeia de frio são significativos, o que pode comprometer a rentabilidade inicial."",
  ""premissa_salto_de_fe_lofa"": ""A premissa crítica é a aceitação do consumidor por um novo dispositivo e sistema de entrega de sachês, que requer investimento inicial e mudança de hábito."",
  ""experimento_mvp_prioritario"": ""Desenvolver um protótipo funcional do aparelho e iniciar testes com um grupo de usuários-alvo para validar a aceitação do conceito e ajustar a experiência do usuário."",
  ""decisao_lean"": ""Necessita Pivotagem""
}
```",Necessita Pivotagem,"A premissa crítica é a aceitação do dispositivo e dos sachês por um público significativo, considerando a existência de alternativas já estabelecidas no mercado.",O MVP deve incluir a produção de um protótipo funcional do dispositivo e a criação de sachês pilotos. É necessário testar a aceitação do produto com um grupo de usuários-alvo e avaliar os custos de produção e logística.,"{
  ""analise_coerencia_problema_solucao"": ""O problema identificado é a falta de uma solução conveniente e higiênica para a extração de sucos naturais em casa. A solução proposta, um dispositivo conectado que prensa sucos a partir de sachês proprietários, atende a essa necessidade, oferecendo conveniência e higiene. No entanto, a existência de alternativas como sucos em garrafas pasteurizadas e o crescimento de sucos em lojas especializadas deve ser considerada."",
  ""analise_viabilidade_economica_canais"": ""O modelo de receita baseado na venda do aparelho e na assinatura de sachês é viável, mas os custos de desenvolvimento e produção de um dispositivo de alta precisão, além dos custos de logística de cadeia de frio para os sachês, são significativos. A monetização depende de um alto volume de vendas para compensar esses custos."",
  ""premissa_salto_de_fe_lofa"": ""A premissa crítica é a aceitação do dispositivo e dos sachês por um público significativo, considerando a existência de alternativas já estabelecidas no mercado."",
  ""experimento_mvp_prioritario"": ""O MVP deve incluir a produção de um protótipo funcional do dispositivo e a criação de sachês pilotos. É necessário testar a aceitação do produto com um grupo de usuários-alvo e avaliar os custos de produção e logística."",
  ""decisao_lean"": ""Necessita Pivotagem""
}",Necessita Pivotagem,A premissa crítica é a viabilidade econômica da cadeia de fornecimento de sachês frescos e a capacidade de manter a logística de frio eficiente e rentável.,Desenvolver um protótipo funcional da prensa e iniciar testes com um grupo limitado de consumidores para validar a aceitação do produto e a viabilidade da logística de entrega de sachês.,"```json
{
  ""analise_coerencia_problema_solucao"": ""A proposta de valor atende a uma necessidade real de consumidores que buscam sucos naturais e frescos, mas sem a complexidade da extração manual. A solução oferece conveniência e frescor, alinhando-se bem com o mercado de alimentação saudável em expansão."",
  ""analise_viabilidade_economica_canais"": ""A monetização baseada na venda do aparelho e na assinatura de sachês é coerente, mas a logística de cadeia de frio e aquisição de insumos agrícolas frescos podem gerar custos elevados, impactando a economia unitária."",
  ""premissa_salto_de_fe_lofa"": ""A premissa crítica é a viabilidade econômica da cadeia de fornecimento de sachês frescos e a capacidade de manter a logística de frio eficiente e rentável."",
  ""experimento_mvp_prioritario"": ""Desenvolver um protótipo funcional da prensa e iniciar testes com um grupo limitado de consumidores para validar a aceitação do produto e a viabilidade da logística de entrega de sachês."",
  ""decisao_lean"": ""Necessita Pivotagem""
}
```"
F04,23andMe,Plataforma de genotipagem e testes genéticos direto ao consumidor,2006,2024.0,Biotech / Consumer Health,"Serviço de testes genéticos direto ao consumidor baseado no envio postal de kits de autocoleta de saliva para análise laboratorial de DNA por microarranjos de genotipagem. O modelo de receita apoia-se na venda direta do kit com fornecimento de relatórios online sobre ancestralidade e características genéticas, além da agregação de uma base de dados genotípicos anonimizados para viabilizar parcerias de pesquisa com indústrias farmacêuticas e biotecnológicas. A estrutura de custos engloba aquisição e montagem dos kits físicos, ensaios laboratoriais em instalações terceirizadas credenciadas, processamento bioinformático em servidores e frete postal bidirecional.",Falha,"A empresa acumulou perdas operacionais sucessivas devido ao alto custo de aquisição de clientes e à natureza de compra não recorrente dos testes genéticos, agravadas por restrições regulatórias da FDA sobre relatórios de saúde em 2013 e por um incidente severo de violação de dados em 2023, culminando na renúncia coletiva do conselho de administração e em processo de recuperação judicial e reestruturação de ativos em 2024-2025.",Problema regulatório ou legal,Modelo de negócios falho;Problema de preço ou custo,"Determinação regulatória da FDA em 2013 ordenando a suspensão da comercialização de testes de saúde por falta de autorização sanitária, seguida por severa crise financeira, vazamento massivo de dados em 2023 e renúncia de todo o conselho de administração independente em 2024",Problema regulatório ou legal,2024,"A equipe fundadora reúne formação em ciências biológicas com experiência em análise de investimentos em saúde, em conjunto com especialistas em biotecnologia e pesquisa genômica aplicada. No ano da análise (2006), os ensaios de genotipagem e sequenciamento genético são realizados primariamente em laboratórios clínicos e centros de pesquisa sob prescrição médica, em um cenário de ausência de marcos regulatórios específicos para testes laboratoriais comercializados diretamente ao público.",https://med.stanford.edu/biodesign/our-impact/stories/From-the-Innovators-Workbench-Anne-Wojcicki-CEO-23andme.html;https://www.sec.gov/Archives/edgar/data/1804591/000180459124000045/me-20240331.htm;https://en.wikipedia.org/wiki/23andMe;https://en.wikipedia.org/wiki/Anne_Wojcicki,Necessita Pivotagem,"A premissa crítica é a aceitação e regulamentação do serviço de testes genéticos direto ao consumidor, que é crucial para a sustentabilidade do modelo de negócio.","O experimento MVP envolve a criação de um protótipo funcional do kit de autocoleta e a realização de testes com um grupo limitado de consumidores para validar a aceitação do produto e a viabilidade técnica. Além disso, é necessário iniciar discussões com autoridades regulatórias para entender os requisitos necessários.","```json
{
  ""analise_coerencia_problema_solucao"": ""A proposta de valor atende a uma demanda emergente por testes genéticos direto ao consumidor, oferecendo uma solução inovadora que combina kits de autocoleta com análises laboratoriais e relatórios personalizados. A solução é coerente com o problema, pois aborda a necessidade de acesso a informações genéticas de forma conveniente e confiável."",
  ""analise_viabilidade_economica_canais"": ""O modelo de receita é viável, com custos operacionais que incluem aquisição e montagem de kits, ensaios laboratoriais e processamento bioinformático. O canal de distribuição via envio postal é adequado para alcançar o público-alvo, mas a viabilidade econômica dependerá da eficiência operacional e da escala."",
  ""premissa_salto_de_fe_lofa"": ""A premissa crítica é a aceitação e regulamentação do serviço de testes genéticos direto ao consumidor, que é crucial para a sustentabilidade do modelo de negócio."",
  ""experimento_mvp_prioritario"": ""O experimento MVP envolve a criação de um protótipo funcional do kit de autocoleta e a realização de testes com um grupo limitado de consumidores para validar a aceitação do produto e a viabilidade técnica. Além disso, é necessário iniciar discussões com autoridades regulatórias para entender os requisitos necessários."",
  ""decisao_lean"": ""Necessita Pivotagem""
}
```",Necessita Pivotagem,A obtenção e manutenção de certificações e licenças regulatórias para operar testes genéticos direto ao consumidor é a premissa crítica que sustenta a viabilidade do modelo de negócio.,"O MVP deve incluir a criação de um protótipo funcional do kit de autocoleta, a realização de testes pilotos com um pequeno grupo de usuários e a avaliação de feedback para ajustar a oferta e preparar a estrutura regulatória necessária.","{
  ""analise_coerencia_problema_solucao"": ""A proposta de valor atende a uma necessidade emergente de acesso a informações genéticas e de ancestralidade, mas a solução depende de um contexto regulatório ainda não estabelecido para testes genéticos direto ao consumidor."",
  ""analise_viabilidade_economica_canais"": ""O modelo de monetização é viável desde que os custos de produção e logística sejam eficientemente gerenciados, com a possibilidade de agregação de valor por meio de parcerias de pesquisa com empresas farmacêuticas e biotecnológicas."",
  ""premissa_salto_de_fe_lofa"": ""A obtenção e manutenção de certificações e licenças regulatórias para operar testes genéticos direto ao consumidor é a premissa crítica que sustenta a viabilidade do modelo de negócio."",
  ""experimento_mvp_prioritario"": ""O MVP deve incluir a criação de um protótipo funcional do kit de autocoleta, a realização de testes pilotos com um pequeno grupo de usuários e a avaliação de feedback para ajustar a oferta e preparar a estrutura regulatória necessária."",
  ""decisao_lean"": ""Necessita Pivotagem""
}",Necessita Pivotagem,"A premissa crítica é a capacidade de obter e manter uma estrutura regulatória que permita a comercialização direta ao consumidor de testes genéticos sem restrições excessivas, bem como a viabilidade econômica de captar e processar dados genéticos de forma segura e confidencial.","O experimento MVP envolveria a criação de um protótipo funcional do kit de coleta de DNA e a realização de testes laboratoriais em um laboratório credenciado, seguido de uma campanha piloto de marketing para avaliar o interesse do público e a viabilidade regulatória. A obtenção de feedback de usuários e a avaliação da aceitação do produto são cruciais.","```json
{
  ""analise_coerencia_problema_solucao"": ""A proposta de valor atende a uma demanda emergente por testes genéticos direcionados ao consumidor, embora a existência de marcos regulatórios claros seja incipiente em 2006. A solução proposta, que envolve a coleta e análise de DNA por meio de kits de autocoleta, é inovadora e potencialmente atrativa para indivíduos interessados em conhecer sua genética."",
  ""analise_viabilidade_economica_canais"": ""O modelo de monetização baseado na venda direta de kits de testes genéticos e na agregação de dados genéticos para pesquisas é viável em princípio, mas a viabilidade econômica depende de uma estrutura regulatória que permita a comercialização direta ao consumidor sem restrições excessivas. Canais de distribuição baseados em marketing digital e parcerias com varejistas de saúde podem ser eficazes, mas a incerteza regulatória é um fator crítico."",
  ""premissa_salto_de_fe_lofa"": ""A premissa crítica é a capacidade de obter e manter uma estrutura regulatória que permita a comercialização direta ao consumidor de testes genéticos sem restrições excessivas, bem como a viabilidade econômica de captar e processar dados genéticos de forma segura e confidencial."",
  ""experimento_mvp_prioritario"": ""O experimento MVP envolveria a criação de um protótipo funcional do kit de coleta de DNA e a realização de testes laboratoriais em um laboratório credenciado, seguido de uma campanha piloto de marketing para avaliar o interesse do público e a viabilidade regulatória. A obtenção de feedback de usuários e a avaliação da aceitação do produto são cruciais."",
  ""decisao_lean"": ""Necessita Pivotagem""
}
```",Necessita Pivotagem,A capacidade de atrair e manter clientes em um ambiente regulatório incerto e competitivo com laboratórios tradicionais.,"Desenvolver um MVP com um pequeno conjunto de clientes para testar a aceitação do produto e a viabilidade operacional, focando na coleta de dados genéticos e na entrega de relatórios de ancestralidade.","```json
{
  ""analise_coerencia_problema_solucao"": ""A proposta de valor atende a uma necessidade crescente por autodescoberta genética, embora o mercado em 2006 esteja em sua infância e careça de regulamentação específica para testes genéticos direto ao consumidor."",
  ""analise_viabilidade_economica_canais"": ""A monetização baseada na venda de kits e relatórios genéticos é viável, contudo, a estrutura de custos operacionais, incluindo aquisição de kits, frete postal e análise laboratorial, pode ser elevada e ineficiente sem escala significativa."",
  ""premissa_salto_de_fe_lofa"": ""A capacidade de atrair e manter clientes em um ambiente regulatório incerto e competitivo com laboratórios tradicionais."",
  ""experimento_mvp_prioritario"": ""Desenvolver um MVP com um pequeno conjunto de clientes para testar a aceitação do produto e a viabilidade operacional, focando na coleta de dados genéticos e na entrega de relatórios de ancestralidade."",
  ""decisao_lean"": ""Necessita Pivotagem""
}
```",Reprovação por Showstopper (Descarte),A premissa crítica é a obtenção de certificações e licenças sanitárias para operar em um ambiente regulatório incipiente e em constante evolução.,A construção de um MVP para testar a hipótese de demanda e a viabilidade operacional é inviável devido à ausência de marcos regulatórios claros e à necessidade de certificações médicas complexas.,"```json
{
  ""analise_coerencia_problema_solucao"": ""A proposta de valor atende a uma demanda emergente por testes genéticos direto ao consumidor, mas carece de um marco regulatório claro em 2006, o que pode comprometer a viabilidade legal e operacional."",
  ""analise_viabilidade_economica_canais"": ""O modelo de receita é viável em termos de custos operacionais e potencial monetização, mas a falta de regulamentação pode criar barreiras significativas para a aquisição de clientes e a comercialização do serviço."",
  ""premissa_salto_de_fe_lofa"": ""A premissa crítica é a obtenção de certificações e licenças sanitárias para operar em um ambiente regulatório incipiente e em constante evolução."",
  ""experimento_mvp_prioritario"": ""A construção de um MVP para testar a hipótese de demanda e a viabilidade operacional é inviável devido à ausência de marcos regulatórios claros e à necessidade de certificações médicas complexas."",
  ""decisao_lean"": ""Reprovação por Showstopper (Descarte)""
}
```",Necessita Pivotagem,A premissa crítica é a aceitação e adoção inicial do serviço por consumidores em um ambiente de regulamentação incipiente e incerteza sobre a validade e confiabilidade dos resultados genéticos.,"Desenvolver um MVP com um pequeno lote de kits de teste genético e relatórios online, focando em um público-alvo específico (por exemplo, entusiastas de genética ou pesquisadores amadores) para validar a demanda e a aceitação do produto. Este MVP deve incluir um estudo piloto para avaliar a eficiência operacional e a viabilidade econômica.","```json
{
  ""analise_coerencia_problema_solucao"": ""A proposta de valor atende a uma demanda emergente por informações genéticas pessoais, embora o mercado em 2006 seja incipiente e sem regulamentação específica para testes genéticos direto ao consumidor. A solução de kits de autocoleta e análise laboratorial é inovadora, mas carece de clareza sobre o perfil do early adopter e a dor real que resolve."",
  ""analise_viabilidade_economica_canais"": ""O modelo de receita baseado na venda de kits e relatórios online é promissor, mas a viabilidade econômica depende da eficiência operacional e da capacidade de escalar os custos de produção e análise laboratorial. A agregação de uma base de dados genotípica para parcerias de pesquisa pode ser um diferencial, mas requer clareza sobre a monetização e a viabilidade regulatória."",
  ""premissa_salto_de_fe_lofa"": ""A premissa crítica é a aceitação e adoção inicial do serviço por consumidores em um ambiente de regulamentação incipiente e incerteza sobre a validade e confiabilidade dos resultados genéticos."",
  ""experimento_mvp_prioritario"": ""Desenvolver um MVP com um pequeno lote de kits de teste genético e relatórios online, focando em um público-alvo específico (por exemplo, entusiastas de genética ou pesquisadores amadores) para validar a demanda e a aceitação do produto. Este MVP deve incluir um estudo piloto para avaliar a eficiência operacional e a viabilidade econômica."",
  ""decisao_lean"": ""Necessita Pivotagem""
}
```",Necessita Pivotagem,"A premissa crítica é a aceitação e adoção inicial do público para testes genéticos direto ao consumidor, sem um marco regulatório claro e com baixa consciência de mercado sobre a relevância desses testes.","O MVP inicial poderia ser a criação de um site informativo sobre genotipagem e testes genéticos, seguido por um estudo piloto com um pequeno grupo de consumidores para coleta de feedback e validação da demanda.","{
  ""analise_coerencia_problema_solucao"": ""A proposta de valor atende a uma necessidade emergente de acesso a informações genéticas pessoais, mas o problema é ainda emergente e não prioritário para o público em geral em 2006, com pouca consciência de mercado sobre os benefícios dos testes genéticos direto ao consumidor. A solução proposta é inovadora, mas a dor do cliente não é suficientemente urgente ou amplamente reconhecida."",
  ""analise_viabilidade_economica_canais"": ""O modelo de monetização baseado na venda de kits de testes genéticos e relatórios online é viável tecnicamente, mas a estrutura de custos, incluindo aquisição de kits, ensaios laboratoriais e processamento bioinformático, é significativamente elevada, tornando a margem de lucro inicialmente baixa e dependente de escala. Os canais de aquisição do cliente, como marketing digital e parcerias, são incipientes em 2006."",
  ""premissa_salto_de_fe_lofa"": ""A premissa crítica é a aceitação e adoção inicial do público para testes genéticos direto ao consumidor, sem um marco regulatório claro e com baixa consciência de mercado sobre a relevância desses testes."",
  ""experimento_mvp_prioritario"": ""O MVP inicial poderia ser a criação de um site informativo sobre genotipagem e testes genéticos, seguido por um estudo piloto com um pequeno grupo de consumidores para coleta de feedback e validação da demanda."",
  ""decisao_lean"": ""Necessita Pivotagem""
}",Necessita Pivotagem,A premissa crítica é a capacidade de captar e manter clientes através de uma estratégia de marketing eficaz e de obter credibilidade no mercado em um cenário de ausência de regulamentação específica para testes genéticos direcionados ao consumidor.,"O experimento MVP deve envolver a produção de um pequeno lote de kits de coleta de saliva e a realização de testes pilotos com um grupo de usuários-alvo para validar a aceitação do produto e a viabilidade operacional. Além disso, é crucial estabelecer parcerias iniciais com laboratórios e instituições de pesquisa para validar a qualidade dos resultados.","```json
{
  ""analise_coerencia_problema_solucao"": ""A proposta de valor atende a uma demanda emergente por testes genéticos direcionados ao consumidor, oferecendo uma solução inovadora que combina kits de autocoleta de saliva com análises laboratoriais e relatórios personalizados. A solução é coerente com o problema, pois atende a uma necessidade de acesso a informações genéticas de forma conveniente e confiável."",
  ""analise_viabilidade_economica_canais"": ""O modelo de monetização é viável, com receitas geradas pela venda direta de kits e relatórios online, além da agregação de uma base de dados genotípica para parcerias de pesquisa. No entanto, a viabilidade econômica dependerá da eficiência operacional e da capacidade de escalar os custos de produção e logística."",
  ""premissa_salto_de_fe_lofa"": ""A premissa crítica é a capacidade de captar e manter clientes através de uma estratégia de marketing eficaz e de obter credibilidade no mercado em um cenário de ausência de regulamentação específica para testes genéticos direcionados ao consumidor."",
  ""experimento_mvp_prioritario"": ""O experimento MVP deve envolver a produção de um pequeno lote de kits de coleta de saliva e a realização de testes pilotos com um grupo de usuários-alvo para validar a aceitação do produto e a viabilidade operacional. Além disso, é crucial estabelecer parcerias iniciais com laboratórios e instituições de pesquisa para validar a qualidade dos resultados."",
  ""decisao_lean"": ""Necessita Pivotagem""
}
```"
F05,Jawbone,Desenvolvedora e fabricante de dispositivos vestíveis e equipamentos de áudio sem fio,1999,2017.0,Wearable Tech,"Empresa de desenvolvimento e fabricação de hardware de áudio e dispositivos de comunicação sem fio baseados em tecnologia de processamento digital de sinais para cancelamento de ruído acústico. O modelo de receita baseia-se na venda transacional direta de aparelhos físicos aos consumidores finais por meio de canais de varejo eletrônico e parcerias com operadoras de telecomunicações e distribuidores de eletrônicos. A estrutura de custos engloba pesquisa e desenvolvimento de algoritmos de áudio e engenharia de produto, aquisição de componentes eletrônicos, terceirização da montagem industrial e distribuição logística internacional.",Falha,"A empresa entrou em processo de liquidação judicial e encerrou as operações em 2017 após enfrentar sucessivos problemas de controle de qualidade e devoluções em sua linha de pulseiras vestíveis, perda de participação de mercado para concorrentes de eletrônicos e incapacidade de sustentar os custos da dívida e da estrutura fabril.",Problema de preço ou custo,Produto ruim;Concorrência predatória,Processo de liquidação judicial dos ativos e encerramento formal das operações em julho de 2017 após acúmulo de passivos e perda de mercado no segmento de pulseiras conectadas,Problema de preço ou custo,2017,"A equipe fundadora é formada por profissionais com formação em engenharia mecânica e desenvolvimento de produto, com experiência prévia de pesquisa aplicada em sistemas de comunicação e microfones com supressão de ruído acústico. No ano da análise (1999), o mercado de telefonia celular inicia a transição para redes digitais com acessórios de áudio com fio convencionais, em um período em que os protocolos de comunicação sem fio de curto alcance estavam em fase preliminar de padronização industrial.",https://en.wikipedia.org/wiki/Jawbone_(company);https://en.wikipedia.org/wiki/Hosain_Rahman;https://www.businessinsider.com/jawbone-is-liquidating-report-2017-7;https://web.archive.org/web/20170707011928/https://www.theverge.com/2017/7/6/15929676/jawbone-liquidating-assets-going-out-of-business,Necessita Pivotagem,"A premissa crítica é a capacidade de desenvolver e comercializar dispositivos de áudio sem fio com cancelamento de ruído em um mercado ainda em formação, com protocolos de comunicação sem fio não padronizados.",Desenvolver um protótipo funcional de dispositivo de áudio sem fio com cancelamento de ruído e realizar testes com um pequeno grupo de usuários para validar a aceitação do produto e ajustar a proposta de valor.,"```json
{
  ""analise_coerencia_problema_solucao"": ""A proposta de valor alinha-se logicamente ao problema identificado, oferecendo soluções de áudio sem fio e cancelamento de ruído para um mercado emergente de telefonia celular digital. No entanto, o mercado em 1999 ainda estava em fase inicial de padronização de protocolos de comunicação sem fio, o que pode comprometer a adoção inicial."",
  ""analise_viabilidade_economica_canais"": ""A viabilidade econômica depende da capacidade de desenvolver e fabricar dispositivos de áudio sem fio com margem lucrativa, além de estabelecer parcerias com varejistas e operadoras de telecomunicações. Os custos de desenvolvimento e produção de hardware podem ser elevados, e a escala de produção inicial pode ser limitada."",
  ""premissa_salto_de_fe_lofa"": ""A premissa crítica é a capacidade de desenvolver e comercializar dispositivos de áudio sem fio com cancelamento de ruído em um mercado ainda em formação, com protocolos de comunicação sem fio não padronizados."",
  ""experimento_mvp_prioritario"": ""Desenvolver um protótipo funcional de dispositivo de áudio sem fio com cancelamento de ruído e realizar testes com um pequeno grupo de usuários para validar a aceitação do produto e ajustar a proposta de valor."",
  ""decisao_lean"": ""Necessita Pivotagem""
}
```",Avançar para MVP,"A premissa crítica é a capacidade de desenvolver e fabricar dispositivos de áudio sem fio com cancelamento de ruído em escala comercial, frente à incerteza tecnológica e regulatória da época.",Desenvolver um protótipo mínimo viável (MVP) de dispositivo de áudio sem fio com cancelamento de ruído e realizar testes com um grupo limitado de consumidores e parceiros de telecomunicações para validar a demanda e ajustar a solução.,"{
  ""analise_coerencia_problema_solucao"": ""A proposta de valor alinha-se logicamente ao problema identificado, oferecendo soluções de áudio sem fio e cancelamento de ruído para um mercado emergente de telefonia celular digital."",
  ""analise_viabilidade_economica_canais"": ""A viabilidade econômica depende da capacidade de fabricação e distribuição de dispositivos físicos, com custos de produção e logística que precisam ser equacionados com a receita esperada por meio de canais de varejo eletrônico e parcerias com operadoras de telecomunicações."",
  ""premissa_salto_de_fe_lofa"": ""A premissa crítica é a capacidade de desenvolver e fabricar dispositivos de áudio sem fio com cancelamento de ruído em escala comercial, frente à incerteza tecnológica e regulatória da época."",
  ""experimento_mvp_prioritario"": ""Desenvolver um protótipo mínimo viável (MVP) de dispositivo de áudio sem fio com cancelamento de ruído e realizar testes com um grupo limitado de consumidores e parceiros de telecomunicações para validar a demanda e ajustar a solução."",
  ""decisao_lean"": ""Avançar para MVP""
}",Necessita Pivotagem,"A premissa crítica é a capacidade de desenvolver e fabricar dispositivos de áudio sem fio com cancelamento de ruído acústico em escala, em um momento em que a tecnologia ainda estava em fase de padronização.",Desenvolver um protótipo funcional do dispositivo e realizar testes com um grupo limitado de consumidores para validar a demanda e ajustar a solução antes de investir em produção em escala.,"{
  ""analise_coerencia_problema_solucao"": ""A proposta de valor alinha-se logicamente ao problema identificado, oferecendo soluções de áudio sem fio e cancelamento de ruído para o mercado emergente de telefonia celular digital. No entanto, a tecnologia de cancelamento de ruído acústico era relativamente nova e não estava amplamente adotada na época."",
  ""analise_viabilidade_economica_canais"": ""O modelo de monetização baseado na venda direta de dispositivos físicos é viável, mas a estrutura de custos envolvendo pesquisa e desenvolvimento intensivo, aquisição de componentes eletrônicos e logística internacional pode ser desafiadora em um mercado ainda não maduro."",
  ""premissa_salto_de_fe_lofa"": ""A premissa crítica é a capacidade de desenvolver e fabricar dispositivos de áudio sem fio com cancelamento de ruído acústico em escala, em um momento em que a tecnologia ainda estava em fase de padronização."",
  ""experimento_mvp_prioritario"": ""Desenvolver um protótipo funcional do dispositivo e realizar testes com um grupo limitado de consumidores para validar a demanda e ajustar a solução antes de investir em produção em escala."",
  ""decisao_lean"": ""Necessita Pivotagem""
}",Necessita Pivotagem,"A premissa crítica é a capacidade de desenvolver e fabricar dispositivos de áudio sem fio com cancelamento de ruído em larga escala, com custos operacionais viáveis e margens de lucro sustentáveis.",Desenvolver um protótipo funcional do dispositivo e realizar testes com um grupo limitado de usuários para validar a aceitação do produto e ajustar o design e a funcionalidade antes de escalar a produção.,"```json
{
  ""analise_coerencia_problema_solucao"": ""A proposta de valor alinha-se logicamente com o problema identificado, oferecendo soluções de áudio sem fio e cancelamento de ruído para um mercado emergente de telefonia celular digital."",
  ""analise_viabilidade_economica_canais"": ""O modelo de receita baseado na venda direta de dispositivos físicos e parcerias com distribuidores e operadoras de telecomunicações é coerente, mas a viabilidade econômica depende de uma economia de escala que ainda não está claramente definida no estágio atual."",
  ""premissa_salto_de_fe_lofa"": ""A premissa crítica é a capacidade de desenvolver e fabricar dispositivos de áudio sem fio com cancelamento de ruído em larga escala, com custos operacionais viáveis e margens de lucro sustentáveis."",
  ""experimento_mvp_prioritario"": ""Desenvolver um protótipo funcional do dispositivo e realizar testes com um grupo limitado de usuários para validar a aceitação do produto e ajustar o design e a funcionalidade antes de escalar a produção."",
  ""decisao_lean"": ""Necessita Pivotagem""
}
```",Avançar para MVP,"A premissa crítica é a capacidade de desenvolver e fabricar dispositivos sem fio com cancelamento de ruído acústico em escala, bem como a obtenção de certificações de segurança e qualidade para dispositivos eletrônicos.","O experimento MVP prioritário envolve a criação de um protótipo funcional do dispositivo, seguido por testes de usabilidade com um grupo de usuários-alvo e a obtenção de certificações preliminares necessárias para comercialização.","```json
{
  ""analise_coerencia_problema_solucao"": ""A proposta de valor atende a uma necessidade emergente no mercado de telefonia celular, que está passando por uma transição tecnológica para redes digitais e dispositivos sem fio. A solução proposta, com cancelamento de ruído acústico, alinha-se logicamente com o problema do cliente, que busca melhorias na qualidade de áudio em ambientes ruidosos."",
  ""analise_viabilidade_economica_canais"": ""A monetização baseada na venda direta de dispositivos físicos aos consumidores finais, por meio de canais de varejo eletrônico e parcerias com operadoras de telecomunicações, é coerente com o modelo de negócio. No entanto, a viabilidade econômica dependerá da eficiência da cadeia de suprimentos e da logística internacional."",
  ""premissa_salto_de_fe_lofa"": ""A premissa crítica é a capacidade de desenvolver e fabricar dispositivos sem fio com cancelamento de ruído acústico em escala, bem como a obtenção de certificações de segurança e qualidade para dispositivos eletrônicos."",
  ""experimento_mvp_prioritario"": ""O experimento MVP prioritário envolve a criação de um protótipo funcional do dispositivo, seguido por testes de usabilidade com um grupo de usuários-alvo e a obtenção de certificações preliminares necessárias para comercialização."",
  ""decisao_lean"": ""Avançar para MVP""
}
```",Avançar para MVP,"A capacidade de desenvolver e fabricar dispositivos de áudio sem fio com cancelamento de ruído acústico em larga escala, enfrentando desafios tecnológicos e de custos.",Desenvolver um protótipo funcional do dispositivo de áudio sem fio com cancelamento de ruído e realizar testes com um grupo de usuários-alvo para validar a aceitação do produto e ajustar a solução antes de escalar a produção.,"{
  ""analise_coerencia_problema_solucao"": ""A proposta de valor alinha-se logicamente ao problema identificado, oferecendo soluções inovadoras em cancelamento de ruído acústico para dispositivos de áudio sem fio, atendendo a uma demanda emergente no mercado de telefonia celular."",
  ""analise_viabilidade_economica_canais"": ""O modelo de monetização baseado na venda direta de dispositivos físicos é viável, considerando os custos de produção e a parceria com distribuidores e operadoras de telecomunicações. No entanto, a viabilidade econômica depende da capacidade de escalar a produção e reduzir custos com o tempo."",
  ""premissa_salto_de_fe_lofa"": ""A capacidade de desenvolver e fabricar dispositivos de áudio sem fio com cancelamento de ruído acústico em larga escala, enfrentando desafios tecnológicos e de custos."",
  ""experimento_mvp_prioritario"": ""Desenvolver um protótipo funcional do dispositivo de áudio sem fio com cancelamento de ruído e realizar testes com um grupo de usuários-alvo para validar a aceitação do produto e ajustar a solução antes de escalar a produção."",
  ""decisao_lean"": ""Avançar para MVP""
}",Necessita Pivotagem,"A premissa crítica é a capacidade de desenvolver e comercializar dispositivos de áudio sem fio com cancelamento de ruído em um mercado ainda emergente e competitivo, com a necessidade de investimentos significativos em pesquisa e desenvolvimento.",Desenvolver um protótipo funcional de um dispositivo de áudio sem fio com cancelamento de ruído e realizar testes com um grupo limitado de consumidores e parceiros de telecomunicações para validar a demanda e ajustar o produto.,"{
  ""analise_coerencia_problema_solucao"": ""A proposta de valor alinha-se logicamente ao problema identificado, oferecendo soluções de áudio sem fio e cancelamento de ruído para um mercado emergente de telefonia celular digital. No entanto, a tecnologia de comunicação sem fio ainda estava em fase inicial em 1999, o que pode limitar a adoção inicial."",
  ""analise_viabilidade_economica_canais"": ""A monetização por meio de vendas transacionais diretas e parcerias com operadoras e distribuidores é viável, mas a viabilidade econômica dependerá da capacidade de escalar a produção e reduzir custos devido à natureza de hardware e logística."",
  ""premissa_salto_de_fe_lofa"": ""A premissa crítica é a capacidade de desenvolver e comercializar dispositivos de áudio sem fio com cancelamento de ruído em um mercado ainda emergente e competitivo, com a necessidade de investimentos significativos em pesquisa e desenvolvimento."",
  ""experimento_mvp_prioritario"": ""Desenvolver um protótipo funcional de um dispositivo de áudio sem fio com cancelamento de ruído e realizar testes com um grupo limitado de consumidores e parceiros de telecomunicações para validar a demanda e ajustar o produto."",
  ""decisao_lean"": ""Necessita Pivotagem""
}",Avançar para MVP,"A premissa crítica é a capacidade de desenvolver e validar algoritmos de processamento de sinais para cancelamento de ruído em dispositivos sem fio, bem como a capacidade de escalar a produção e a distribuição internacional.","Desenvolver um protótipo funcional do dispositivo com cancelamento de ruído e realizar testes com um grupo de usuários-alvo para coletar feedback e validar a aceitação do produto. Além disso, estabelecer parcerias iniciais com operadoras de telecomunicações para testar a viabilidade do canal de distribuição.","```json
{
  ""analise_coerencia_problema_solucao"": ""A proposta de valor atende a uma necessidade emergente de cancelamento de ruído em dispositivos de áudio sem fio, alinhada com a tendência de transição para redes digitais de telefonia celular. A solução proposta é coerente com o problema identificado, pois oferece uma inovação tecnológica relevante para o mercado emergente de acessórios sem fio."",
  ""analise_viabilidade_economica_canais"": ""A monetização baseada na venda direta de dispositivos físicos por meio de canais eletrônicos e parcerias com operadoras é viável, considerando os custos de produção e distribuição. No entanto, a viabilidade econômica depende da capacidade de escalar a produção e reduzir os custos unitários com o aumento da demanda."",
  ""premissa_salto_de_fe_lofa"": ""A premissa crítica é a capacidade de desenvolver e validar algoritmos de processamento de sinais para cancelamento de ruído em dispositivos sem fio, bem como a capacidade de escalar a produção e a distribuição internacional."",
  ""experimento_mvp_prioritario"": ""Desenvolver um protótipo funcional do dispositivo com cancelamento de ruído e realizar testes com um grupo de usuários-alvo para coletar feedback e validar a aceitação do produto. Além disso, estabelecer parcerias iniciais com operadoras de telecomunicações para testar a viabilidade do canal de distribuição."",
  ""decisao_lean"": ""Avançar para MVP""
}
```"
F06,Anki,Desenvolvedora de robótica de consumo e inteligência artificial para entretenimento,2010,2019.0,Robotics / Consumer AI,"Desenvolvimento e fabricação de dispositivos robóticos de entretenimento integrados a aplicativos móveis por visão computacional e inteligência artificial. O modelo de receita apoia-se na venda transacional de hardware (veículos autônomos e robôs compactos) e de pistas e acessórios físicos por meio de canais de varejo físico e comércio eletrônico. A estrutura de custos engloba pesquisa e desenvolvimento de software e firmware de robótica, fabricação seriada de componentes microeletrônicos e sensores ópticos na Ásia, certificação de conformidade e despesas de logística e distribuição global.",Falha,"A empresa encerrou as atividades em abril de 2019 após esgotar suas reservas financeiras e fracassar na obtenção de uma nova rodada de investimento ou aquisição corporativa, não conseguindo gerar margens brutas suficientes nas vendas de hardware para cobrir os altos custos de desenvolvimento de hardware e software.",Fim do caixa,Problema de preço ou custo;Modelo de negócios falho,"Encerramento abrupto das operações e liquidação dos ativos em abril de 2019 após o cancelamento de uma rodada de financiamento de US$ 100 milhões, esgotando o capital de giro para sustentar a operação fabril",Fim do caixa,2019,"A equipe fundadora é composta por pesquisadores com pós-graduação estrita (doutorado) em robótica, com experiência acadêmica e técnica em inteligência artificial, visão computacional e algoritmos de trajetória autônoma. No ano da análise (2010), o setor de entretenimento doméstico e produtos eletrônicos de consumo é baseado em dispositivos estáticos ou rádio-controlados sem processamento inteligente a bordo, coincidindo com o surgimento de sensores ópticos miniaturizados e protocolos sem fio de baixo consumo energético.",https://en.wikipedia.org/wiki/Anki;https://en.wikipedia.org/wiki/Boris_Sofman;https://venturebeat.com/ai/anki-shuts-down-after-raising-nearly-200-million/;https://en.wikipedia.org/wiki/Cozmo,Avançar para MVP,"A premissa crítica é a capacidade de desenvolver e fabricar dispositivos robóticos de alta qualidade a um custo viável, garantindo margens suficientes para sustentar o modelo de negócios.","Desenvolver um protótipo de veículo autônomo com funcionalidades básicas de IA e visão computacional, testando-o com um grupo de usuários-alvo para coletar feedback e validar a demanda.","```json
{
  ""analise_coerencia_problema_solucao"": ""A proposta de valor alinha-se logicamente ao problema do cliente, oferecendo soluções de entretenimento inovadoras que integram robótica e IA, atendendo a uma demanda emergente por dispositivos inteligentes e interativos."",
  ""analise_viabilidade_economica_canais"": ""O modelo de monetização é viável, com receitas provenientes da venda de hardware e acessórios. No entanto, a fabricação e distribuição global podem gerar custos elevados, necessitando de uma análise detalhada de custos operacionais e margens."",
  ""premissa_salto_de_fe_lofa"": ""A premissa crítica é a capacidade de desenvolver e fabricar dispositivos robóticos de alta qualidade a um custo viável, garantindo margens suficientes para sustentar o modelo de negócios."",
  ""experimento_mvp_prioritario"": ""Desenvolver um protótipo de veículo autônomo com funcionalidades básicas de IA e visão computacional, testando-o com um grupo de usuários-alvo para coletar feedback e validar a demanda."",
  ""decisao_lean"": ""Avançar para MVP""
}
```",Avançar para MVP,"A premissa crítica é a aceitação do público em adotar dispositivos de robótica e IA para entretenimento, considerando o nível de maturidade do mercado em 2010.","Desenvolver um protótipo funcional de um veículo autônomo com integração de visão computacional e IA, seguido por um teste piloto com um grupo de usuários para coletar feedback e validar a proposta de valor.","{
  ""analise_coerencia_problema_solucao"": ""A proposta de valor alinha-se logicamente ao problema identificado, oferecendo soluções de robótica e IA para entretenimento em um mercado emergente de dispositivos inteligentes. O problema é a falta de interação autônoma e inteligente em dispositivos de consumo, que a solução visa resolver."",
  ""analise_viabilidade_economica_canais"": ""A viabilidade econômica é sustentável, com receitas provenientes da venda de hardware e acessórios, e custos controlados por meio de fabricação na Ásia. Os canais de distribuição são adequados para alcançar o público-alvo."",
  ""premissa_salto_de_fe_lofa"": ""A premissa crítica é a aceitação do público em adotar dispositivos de robótica e IA para entretenimento, considerando o nível de maturidade do mercado em 2010."",
  ""experimento_mvp_prioritario"": ""Desenvolver um protótipo funcional de um veículo autônomo com integração de visão computacional e IA, seguido por um teste piloto com um grupo de usuários para coletar feedback e validar a proposta de valor."",
  ""decisao_lean"": ""Avançar para MVP""
}",Avançar para MVP,"A premissa crítica é a capacidade de desenvolver e fabricar dispositivos robóticos de entretenimento com tecnologia de ponta, incluindo sensores ópticos e processamento de visão computacional, a preços acessíveis para o consumidor.",Desenvolver um protótipo funcional do dispositivo robótico e realizar testes com um grupo limitado de consumidores para validar a proposta de valor e ajustar o produto antes de escalar a produção.,"{
  ""analise_coerencia_problema_solucao"": ""A proposta de valor alinha-se logicamente ao problema identificado, oferecendo um dispositivo robótico de entretenimento que integra inteligência artificial e visão computacional, atendendo a uma demanda emergente por interatividade e automação em produtos de consumo."",
  ""analise_viabilidade_economica_canais"": ""O modelo de monetização baseado na venda de hardware e acessórios é viável, considerando os custos de fabricação e distribuição. No entanto, a viabilidade depende da capacidade de escalar a produção e reduzir custos com a certificação de conformidade."",
  ""premissa_salto_de_fe_lofa"": ""A premissa crítica é a capacidade de desenvolver e fabricar dispositivos robóticos de entretenimento com tecnologia de ponta, incluindo sensores ópticos e processamento de visão computacional, a preços acessíveis para o consumidor."",
  ""experimento_mvp_prioritario"": ""Desenvolver um protótipo funcional do dispositivo robótico e realizar testes com um grupo limitado de consumidores para validar a proposta de valor e ajustar o produto antes de escalar a produção."",
  ""decisao_lean"": ""Avançar para MVP""
}",Avançar para MVP,A capacidade de desenvolver e fabricar dispositivos robóticos de alta qualidade a preços acessíveis para o consumidor final.,Desenvolver um protótipo funcional de veículo autônomo e testar em um evento de crowdfunding para validar a aceitação do produto e ajustar o design e a precificação.,"```json
{
  ""analise_coerencia_problema_solucao"": ""A proposta de valor alinha-se logicamente ao problema identificado, oferecendo robótica de consumo e IA para entretenimento em um mercado emergente de sensores e tecnologias sem fio."",
  ""analise_viabilidade_economica_canais"": ""O modelo de monetização baseado na venda de hardware e acessórios é viável, considerando os custos de fabricação e distribuição, mas requer uma escala significativa para atingir margens lucrativas."",
  ""premissa_salto_de_fe_lofa"": ""A capacidade de desenvolver e fabricar dispositivos robóticos de alta qualidade a preços acessíveis para o consumidor final."",
  ""experimento_mvp_prioritario"": ""Desenvolver um protótipo funcional de veículo autônomo e testar em um evento de crowdfunding para validar a aceitação do produto e ajustar o design e a precificação."",
  ""decisao_lean"": ""Avançar para MVP""
}
```",Avançar para MVP,"A premissa crítica é a capacidade de desenvolver e fabricar dispositivos robóticos com alto nível de inteligência artificial e visão computacional a preços acessíveis para o consumidor, mantendo a competitividade no mercado.","O MVP deve incluir a criação de um protótipo funcional de um dispositivo robótico com capacidades básicas de visão computacional e inteligência artificial, seguido de testes com um grupo de usuários para coletar feedback e validar a proposta de valor.","```json
{
  ""analise_coerencia_problema_solucao"": ""A proposta de valor alinha-se logicamente ao problema identificado, oferecendo soluções de entretenimento robótico e inteligência artificial que complementam o mercado de dispositivos estáticos ou rádio-controlados. A solução proposta é inovadora e potencialmente atrativa para consumidores que buscam interação mais avançada com tecnologia."",
  ""analise_viabilidade_economica_canais"": ""O modelo de monetização baseado na venda de hardware e acessórios é viável, considerando a estrutura de custos que envolve pesquisa e desenvolvimento, fabricação e certificação. Os canais de distribuição, tanto físicos quanto online, são adequados para alcançar o público-alvo."",
  ""premissa_salto_de_fe_lofa"": ""A premissa crítica é a capacidade de desenvolver e fabricar dispositivos robóticos com alto nível de inteligência artificial e visão computacional a preços acessíveis para o consumidor, mantendo a competitividade no mercado."",
  ""experimento_mvp_prioritario"": ""O MVP deve incluir a criação de um protótipo funcional de um dispositivo robótico com capacidades básicas de visão computacional e inteligência artificial, seguido de testes com um grupo de usuários para coletar feedback e validar a proposta de valor."",
  ""decisao_lean"": ""Avançar para MVP""
}
```",Avançar para MVP,"A capacidade de desenvolver e escalar a produção de dispositivos robóticos com tecnologia de ponta, mantendo margens econômicas viáveis, é a premissa crítica.",Desenvolver um MVP com um protótipo funcional de um robô compacto e um aplicativo móvel básico para testar a aceitação do produto e a viabilidade econômica em um mercado limitado.,"```json
{
  ""analise_coerencia_problema_solucao"": ""A proposta de valor alinha-se logicamente ao problema identificado, oferecendo soluções de entretenimento inovadoras baseadas em robótica e IA para um mercado ainda em formação, mas com potencial de crescimento significativo."",
  ""analise_viabilidade_economica_canais"": ""O modelo de monetização baseado na venda de hardware e acessórios parece viável, considerando os custos de fabricação e logística. No entanto, a viabilidade depende da capacidade de escalar a produção e distribuição globalmente."",
  ""premissa_salto_de_fe_lofa"": ""A capacidade de desenvolver e escalar a produção de dispositivos robóticos com tecnologia de ponta, mantendo margens econômicas viáveis, é a premissa crítica."",
  ""experimento_mvp_prioritario"": ""Desenvolver um MVP com um protótipo funcional de um robô compacto e um aplicativo móvel básico para testar a aceitação do produto e a viabilidade econômica em um mercado limitado."",
  ""decisao_lean"": ""Avançar para MVP""
}
```",Necessita Pivotagem,"A premissa crítica é a capacidade de desenvolver e escalar a produção de robôs de entretenimento com tecnologia de IA e visão computacional, bem como a aceitação do mercado para um produto inovador nessa época.",Desenvolver um protótipo funcional de robô de entretenimento com IA e realizar testes com um grupo de usuários-alvo para coletar feedback e validar a proposta de valor.,"{
  ""analise_coerencia_problema_solucao"": ""O problema identificado é a falta de robôs de entretenimento inteligentes e autônomos no mercado, com a solução sendo a fabricação e venda de dispositivos robóticos integrados a aplicativos móveis. A proposta de valor atende a uma demanda emergente por tecnologia de consumo avançada, embora o mercado em 2010 seja incipiente para tal solução."",
  ""analise_viabilidade_economica_canais"": ""O modelo de receita baseado na venda de hardware e acessórios parece viável, com canais de distribuição tanto físicos quanto online. No entanto, a viabilidade econômica depende da capacidade de escalar a produção e distribuição globalmente sem comprometer a margem de lucro."",
  ""premissa_salto_de_fe_lofa"": ""A premissa crítica é a capacidade de desenvolver e escalar a produção de robôs de entretenimento com tecnologia de IA e visão computacional, bem como a aceitação do mercado para um produto inovador nessa época."",
  ""experimento_mvp_prioritario"": ""Desenvolver um protótipo funcional de robô de entretenimento com IA e realizar testes com um grupo de usuários-alvo para coletar feedback e validar a proposta de valor."",
  ""decisao_lean"": ""Necessita Pivotagem""
}",Avançar para MVP,"A premissa crítica é a capacidade de desenvolver e fabricar dispositivos robóticos com alto nível de integração de IA e visão computacional, bem como a viabilidade econômica da escala de produção e distribuição global.","O MVP deve incluir a criação de um protótipo funcional de um robô de entretenimento com capacidades básicas de IA e visão computacional, seguido por um teste piloto com um grupo de usuários selecionados para feedback sobre a funcionalidade e a experiência do usuário.","```json
{
  ""analise_coerencia_problema_solucao"": ""A proposta de valor alinha-se logicamente ao problema identificado, oferecendo soluções de entretenimento inovadoras baseadas em robótica e IA para um público que busca experiências interativas e personalizadas. A solução proposta, com dispositivos autônomos e aplicativos móveis, atende a uma necessidade crescente de integração de tecnologia avançada no entretenimento doméstico."",
  ""analise_viabilidade_economica_canais"": ""O modelo de receita baseado na venda de hardware e acessórios é viável, considerando a estrutura de custos de fabricação e distribuição. A combinação de canais de varejo físico e comércio eletrônico oferece uma abordagem equilibrada para alcançar um público diversificado, desde entusiastas de tecnologia até consumidores casuais."",
  ""premissa_salto_de_fe_lofa"": ""A premissa crítica é a capacidade de desenvolver e fabricar dispositivos robóticos com alto nível de integração de IA e visão computacional, bem como a viabilidade econômica da escala de produção e distribuição global."",
  ""experimento_mvp_prioritario"": ""O MVP deve incluir a criação de um protótipo funcional de um robô de entretenimento com capacidades básicas de IA e visão computacional, seguido por um teste piloto com um grupo de usuários selecionados para feedback sobre a funcionalidade e a experiência do usuário."",
  ""decisao_lean"": ""Avançar para MVP""
}
```"
F07,Sidecar,Plataforma peer-to-peer de caronas e transporte urbano sob demanda via aplicativo móvel,2012,2015.0,Mobility / Marketplace P2P,"Marketplace bilateral de mobilidade urbana que conecta motoristas em veículos particulares a passageiros por meio de aplicativo móvel com pareamento geoespacial e cálculo dinâmico de rotas. O modelo de receita apoia-se na retenção de uma comissão percentual (take-rate) sobre os pagamentos e doações voluntárias acordadas em cada viagem concluída. A estrutura de custos engloba o desenvolvimento e suporte de infraestrutura em nuvem, aquisição e verificação cadastral de motoristas parceiros e despesas com processamento de pagamentos digitais.",Falha,"A empresa encerrou as operações em dezembro de 2015 após perder participação de mercado para concorrentes com maior disponibilidade de capital (como Uber e Lyft), não conseguindo sustentar a liquidez dos efeitos de rede bilateral nem a expansão de passageiros e motoristas parceiros antes de vender seus ativos de tecnologia para a General Motors em 2016.",Concorrência predatória,Modelo de negócios falho;Fim do caixa,Encerramento formal das operações em dezembro de 2015 e venda dos ativos de software e propriedade intelectual para a General Motors em janeiro de 2016,Concorrência predatória,2015,"A equipe fundadora é liderada por um empreendedor em série com formação em engenharia elétrica e histórico de desenvolvimento de empresas de software e infraestrutura de rede, associado a engenheiros de software e especialistas em sistemas de transporte. No ano da análise (2012), o transporte individual urbano é dominado pelo modelo regulado de frotas municipais de táxis concessionados e operadoras executivas locais, em um momento em que plataformas de transporte compartilhado em veículos particulares iniciam operações preliminares sem marco regulatório definido, recebendo contestações administrativas de órgãos municipais de trânsito.",https://techcrunch.com/2012/06/26/sidecar/;https://www.theguardian.com/technology/2015/dec/30/uber-competitor-sidecar-shut-down;https://en.wikipedia.org/wiki/Sidecar_(company);https://en.wikipedia.org/wiki/Sunil_Paul;https://www.failory.com/cemetery/sidecar,Necessita Pivotagem,A premissa crítica é a capacidade de escalar rapidamente a base de usuários e motoristas sem enfrentar obstáculos regulatórios que possam impedir a operação da plataforma.,"O MVP deve incluir a criação de um aplicativo mínimo com funcionalidades básicas de pareamento e pagamento, seguido de testes em uma cidade pequena com regulamentação menos rígida para validar a viabilidade operacional e de receita.","```json
{
  ""analise_coerencia_problema_solucao"": ""A proposta de valor atende a uma dor real dos usuários urbanos que buscam alternativas econômicas e flexíveis ao transporte tradicional. A solução proposta, um marketplace peer-to-peer via aplicativo móvel, é coerente e potencialmente escalável."",
  ""analise_viabilidade_economica_canais"": ""O modelo de monetização baseado em take-rate e doações voluntárias é viável, contanto que a plataforma consiga escalar rapidamente para minimizar custos fixos e maximizar a base de usuários ativos. A aquisição de motoristas e passageiros pode ser desafiadora devido à falta de regulamentação e contestações administrativas."",
  ""premissa_salto_de_fe_lofa"": ""A premissa crítica é a capacidade de escalar rapidamente a base de usuários e motoristas sem enfrentar obstáculos regulatórios que possam impedir a operação da plataforma."",
  ""experimento_mvp_prioritario"": ""O MVP deve incluir a criação de um aplicativo mínimo com funcionalidades básicas de pareamento e pagamento, seguido de testes em uma cidade pequena com regulamentação menos rígida para validar a viabilidade operacional e de receita."",
  ""decisao_lean"": ""Necessita Pivotagem""
}
```",Avançar para MVP,"A premissa crítica é a capacidade de alcançar uma massa crítica de usuários ativos que garanta a viabilidade econômica da plataforma, superando os desafios regulatórios e a concorrência existente.","Desenvolver um MVP com funcionalidades básicas de pareamento geoespacial e processamento de pagamentos, focando inicialmente em uma região com baixa regulamentação e alta demanda por transporte urbano.","{
  ""analise_coerencia_problema_solucao"": ""A proposta de valor atende a uma necessidade real de mobilidade urbana mais flexível e econômica, conectando motoristas e passageiros via aplicativo móvel. A solução é coerente com o problema, oferecendo uma alternativa ao transporte tradicional."",
  ""analise_viabilidade_economica_canais"": ""O modelo de monetização baseado em comissões sobre viagens concluídas é viável, desde que a plataforma alcance uma escala crítica de usuários ativos e a infraestrutura de processamento de pagamentos seja eficiente. Os canais de aquisição de motoristas e passageiros devem ser bem definidos e escaláveis."",
  ""premissa_salto_de_fe_lofa"": ""A premissa crítica é a capacidade de alcançar uma massa crítica de usuários ativos que garanta a viabilidade econômica da plataforma, superando os desafios regulatórios e a concorrência existente."",
  ""experimento_mvp_prioritario"": ""Desenvolver um MVP com funcionalidades básicas de pareamento geoespacial e processamento de pagamentos, focando inicialmente em uma região com baixa regulamentação e alta demanda por transporte urbano."",
  ""decisao_lean"": ""Avançar para MVP""
}",Necessita Pivotagem,A premissa crítica mais arriscada é a capacidade de superar as barreiras regulatórias e administrativas sem as quais a plataforma não pode operar legalmente.,"O experimento MVP prioritário deve incluir a criação de um protótipo funcional do aplicativo, testes com um pequeno grupo de motoristas e passageiros, e a busca por alinhamento com órgãos reguladores locais para validar a viabilidade legal.","{
  ""analise_coerencia_problema_solucao"": ""A proposta de valor da plataforma peer-to-peer de caronas e transporte urbano sob demanda via aplicativo móvel é coerente com o problema do tráfego urbano e a necessidade de alternativas de mobilidade econômicas e eficientes. No entanto, a falta de um marco regulatório claro e a contestação administrativa por parte dos órgãos municipais de trânsito podem comprometer a viabilidade da solução."",
  ""analise_viabilidade_economica_canais"": ""O modelo de monetização baseado em comissões percentuais e doações voluntárias parece viável, mas a estrutura de custos, incluindo aquisição e verificação cadastral de motoristas parceiros, pode ser significativa. Além disso, a necessidade de infraestrutura robusta em nuvem e processamento de pagamentos digitais pode aumentar os custos operacionais."",
  ""premissa_salto_de_fe_lofa"": ""A premissa crítica mais arriscada é a capacidade de superar as barreiras regulatórias e administrativas sem as quais a plataforma não pode operar legalmente."",
  ""experimento_mvp_prioritario"": ""O experimento MVP prioritário deve incluir a criação de um protótipo funcional do aplicativo, testes com um pequeno grupo de motoristas e passageiros, e a busca por alinhamento com órgãos reguladores locais para validar a viabilidade legal."",
  ""decisao_lean"": ""Necessita Pivotagem""
}",Necessita Pivotagem,"A aceitação e adoção da plataforma pelos motoristas e passageiros, bem como a conformidade com as regulamentações emergentes de transporte urbano.","Desenvolver um MVP com funcionalidades básicas de pareamento geoespacial e processamento de pagamentos, testando com um grupo limitado de motoristas e passageiros em uma cidade de baixo risco regulatório.","```json
{
  ""analise_coerencia_problema_solucao"": ""A proposta de valor atende a uma necessidade real de mobilidade urbana acessível e flexível, complementando o modelo tradicional de táxis e transporte executivo. A solução de marketplace P2P via aplicativo móvel é coerente com o problema identificado."",
  ""analise_viabilidade_economica_canais"": ""O modelo de monetização baseado em comissão sobre viagens concluídas e doações voluntárias é viável, com custos de desenvolvimento e suporte de infraestrutura em nuvem, aquisição e verificação de motoristas e processamento de pagamentos. No entanto, a falta de marco regulatório pode gerar riscos operacionais significativos."",
  ""premissa_salto_de_fe_lofa"": ""A aceitação e adoção da plataforma pelos motoristas e passageiros, bem como a conformidade com as regulamentações emergentes de transporte urbano."",
  ""experimento_mvp_prioritario"": ""Desenvolver um MVP com funcionalidades básicas de pareamento geoespacial e processamento de pagamentos, testando com um grupo limitado de motoristas e passageiros em uma cidade de baixo risco regulatório."",
  ""decisao_lean"": ""Necessita Pivotagem""
}
```",Reprovação por Showstopper (Descarte),A obtenção de um marco regulatório favorável e a capacidade de superar contestações administrativas de órgãos municipais de trânsito.,"Desenvolver um MVP com funcionalidades básicas de pareamento geoespacial e processamento de pagamentos, focando em uma cidade com menor resistência regulatória para testar a viabilidade operacional.","```json
{
  ""analise_coerencia_problema_solucao"": ""A proposta de valor atende a uma necessidade real de mobilidade urbana mais flexível e econômica, mas a falta de marco regulatório claro pode gerar riscos operacionais significativos."",
  ""analise_viabilidade_economica_canais"": ""O modelo de monetização baseado em comissão percentual é viável, mas a estrutura de custos para aquisição e verificação de motoristas pode ser elevada no início, especialmente sem certeza regulatória."",
  ""premissa_salto_de_fe_lofa"": ""A obtenção de um marco regulatório favorável e a capacidade de superar contestações administrativas de órgãos municipais de trânsito."",
  ""experimento_mvp_prioritario"": ""Desenvolver um MVP com funcionalidades básicas de pareamento geoespacial e processamento de pagamentos, focando em uma cidade com menor resistência regulatória para testar a viabilidade operacional."",
  ""decisao_lean"": ""Reprovação por Showstopper (Descarte)""
}
```",Necessita Pivotagem,A capacidade de atrair e reter um número crítico de motoristas e passageiros para criar uma rede de transporte vibrante e sustentável é a premissa mais arriscada. A falta de marco regulatório claro pode ser um obstáculo significativo.,"Desenvolver um MVP que permita a conexão básica entre motoristas e passageiros, com foco inicial em uma área geográfica restrita e um grupo de usuários beta. Este MVP deve incluir a funcionalidade de pareamento geoespacial e cálculo de rotas, além de um sistema de pagamento simplificado.","```json
{
  ""analise_coerencia_problema_solucao"": ""A proposta de valor atende a uma necessidade real de mobilidade urbana mais econômica e flexível, oferecendo uma solução inovadora para um mercado em transição regulatória. A conexão peer-to-peer via aplicativo móvel é uma abordagem coerente para atender a essa demanda."",
  ""analise_viabilidade_economica_canais"": ""O modelo de monetização baseado em comissões sobre viagens concluídas é viável, contanto que a plataforma consiga escalar rapidamente e atrair um número suficiente de motoristas e passageiros. Os custos de desenvolvimento e suporte à infraestrutura em nuvem, aquisição e verificação de motoristas, e processamento de pagamentos são gerenciáveis inicialmente, mas a escalabilidade depende de uma adesão rápida e sustentável."",
  ""premissa_salto_de_fe_lofa"": ""A capacidade de atrair e reter um número crítico de motoristas e passageiros para criar uma rede de transporte vibrante e sustentável é a premissa mais arriscada. A falta de marco regulatório claro pode ser um obstáculo significativo."",
  ""experimento_mvp_prioritario"": ""Desenvolver um MVP que permita a conexão básica entre motoristas e passageiros, com foco inicial em uma área geográfica restrita e um grupo de usuários beta. Este MVP deve incluir a funcionalidade de pareamento geoespacial e cálculo de rotas, além de um sistema de pagamento simplificado."",
  ""decisao_lean"": ""Necessita Pivotagem""
}
```",Necessita Pivotagem,A premissa crítica é a aceitação e adesão dos motoristas e passageiros à plataforma em um ambiente regulatório incerto e competitivo.,"Desenvolver um MVP com funcionalidades básicas de pareamento e pagamento, focando inicialmente em uma região com baixa regulamentação e alta demanda por transporte.","{
  ""analise_coerencia_problema_solucao"": ""A proposta de valor alinha-se logicamente ao problema identificado, oferecendo uma solução de mobilidade urbana mais flexível e econômica para passageiros e motoristas, em um contexto de incerteza regulatória."",
  ""analise_viabilidade_economica_canais"": ""O modelo de monetização baseado em comissão sobre viagens parece viável, mas a estrutura de custos de aquisição e verificação de motoristas pode ser significativa inicialmente. A escalabilidade depende da adesão de usuários e da eficiência do pareamento geoespacial."",
  ""premissa_salto_de_fe_lofa"": ""A premissa crítica é a aceitação e adesão dos motoristas e passageiros à plataforma em um ambiente regulatório incerto e competitivo."",
  ""experimento_mvp_prioritario"": ""Desenvolver um MVP com funcionalidades básicas de pareamento e pagamento, focando inicialmente em uma região com baixa regulamentação e alta demanda por transporte."",
  ""decisao_lean"": ""Necessita Pivotagem""
}",Necessita Pivotagem,A premissa crítica é a capacidade de superar as barreiras regulatórias e de aceitação do mercado para estabelecer uma base sólida de motoristas e passageiros.,"Desenvolver um MVP com funcionalidades básicas de pareamento e pagamento, focando em uma cidade com baixa regulamentação inicial, para testar a aderência do modelo e validar a hipótese de mercado.","```json
{
  ""analise_coerencia_problema_solucao"": ""A proposta de valor atende a uma necessidade real de mobilidade urbana mais acessível e flexível, alinhando-se com o problema do congestionamento e da falta de opções de transporte econômico. A solução via aplicativo móvel é coerente e inovadora, oferecendo um modelo peer-to-peer que pode desafiar o status quo regulatório."",
  ""analise_viabilidade_economica_canais"": ""O modelo de monetização baseado em comissão percentual é viável, com potencial de escala e margem lucrativa. Os canais de aquisição e suporte em nuvem são robustos, mas a regulamentação do setor pode impactar a viabilidade operacional."",
  ""premissa_salto_de_fe_lofa"": ""A premissa crítica é a capacidade de superar as barreiras regulatórias e de aceitação do mercado para estabelecer uma base sólida de motoristas e passageiros."",
  ""experimento_mvp_prioritario"": ""Desenvolver um MVP com funcionalidades básicas de pareamento e pagamento, focando em uma cidade com baixa regulamentação inicial, para testar a aderência do modelo e validar a hipótese de mercado."",
  ""decisao_lean"": ""Necessita Pivotagem""
}
```"
F08,Color,Aplicativo móvel de rede social e compartilhamento de fotos por proximidade geográfica,2011,2012.0,Social App,"Rede social móvel baseada na agregação e exibição em tempo real de fotos e vídeos capturados por usuários localizados em um raio físico comum de aproximadamente 45 metros, utilizando sensores de rádio, Bluetooth e acústica do smartphone sem exigir solicitação de amizade ou perfis pré-estabelecidos. A empresa opera em estágio pré-operacional de receita (pré-revenue), concentrando recursos na expansão de downloads e base ativa de usuários antes da introdução de formatos publicitários locais patrocinados. A estrutura de custos engloba o desenvolvimento de aplicativos em sistemas operacionais móveis, processamento e compressão de imagens em servidores de nuvem e despesas administrativas com equipe técnica e aquisição de domínios corporativos.",Falha,"A empresa encerrou as operações no final de 2012 após registrar baixa retenção e engajamento insuficiente de usuários pós-lançamento, cuja dependência de múltiplos usuários simultâneos no mesmo perímetro geográfico gerava feeds vazios em áreas de baixa densidade, culminando na venda de sua equipe de engenharia para a Apple por cerca de US$ 7 milhões.",Sem necessidade de mercado,Produto ruim;Modelo de negócios falho,Descontinuação definitiva do aplicativo e liquidação dos ativos corporativos no final de 2012 após aquisição da equipe técnica pela Apple,Sem necessidade de mercado,2012,"A equipe fundadora é liderada por empreendedores com histórico prévio de desenvolvimento e venda de plataformas de software para a web e serviços de mídia digital, reunindo profissionais de engenharia de software e operações. No ano da análise (2011), as redes sociais móveis expandem-se com a popularização de smartphones dotados de câmeras, operando predominantemente sob grafos sociais relacionais explícitos (redes de amigos e seguidores) e perfis com filtros fotográficos, em contraste com propostas de redes efêmeras baseadas estritamente em proximidade física por sensores.",https://en.wikipedia.org/wiki/Color_Labs;https://en.wikipedia.org/wiki/Bill_Nguyen;https://www.cnet.com/culture/new-photo-app-color-hopes-to-see-the-future/;https://domainnamewire.com/2011/03/24/sequoia-and-bain-capital-backed-startup-was-350000-color-com-buyer/;https://www.erichstauffer.com/management/what-happened-to-color,Avançar para MVP,A premissa crítica é que o público-alvo valoriza a experiência de compartilhamento de conteúdo baseada em proximidade geográfica e que essa experiência supera a conveniência e a familiaridade das redes sociais tradicionais.,"O MVP deve incluir a criação de um aplicativo funcional que permite a captura e compartilhamento de fotos e vídeos em tempo real com usuários próximos, sem a necessidade de perfis pré-estabelecidos. O experimento deve medir a adesão e a retenção de usuários para validar a hipótese de valor.","```json
{
  ""analise_coerencia_problema_solucao"": ""A proposta de valor do aplicativo móvel baseado em proximidade geográfica é coerente com o problema identificado, que é a necessidade de interação social e compartilhamento de conteúdo em tempo real com pessoas próximas. No entanto, a solução precisa ser testada para verificar se realmente atende a uma dor do cliente prioritária, dada a existência de alternativas estabelecidas como redes sociais tradicionais."",
  ""analise_viabilidade_economica_canais"": ""A monetização através de publicidade local parece viável, mas a escalabilidade depende da capacidade de atrair e reter usuários ativos. Os custos de desenvolvimento e manutenção de servidores em nuvem devem ser monitorados para garantir que a economia unitária seja defensável."",
  ""premissa_salto_de_fe_lofa"": ""A premissa crítica é que o público-alvo valoriza a experiência de compartilhamento de conteúdo baseada em proximidade geográfica e que essa experiência supera a conveniência e a familiaridade das redes sociais tradicionais."",
  ""experimento_mvp_prioritario"": ""O MVP deve incluir a criação de um aplicativo funcional que permite a captura e compartilhamento de fotos e vídeos em tempo real com usuários próximos, sem a necessidade de perfis pré-estabelecidos. O experimento deve medir a adesão e a retenção de usuários para validar a hipótese de valor."",
  ""decisao_lean"": ""Avançar para MVP""
}
```",Necessita Pivotagem,A premissa crítica é que a solução proposta (rede social baseada em proximidade geográfica) realmente atende a uma demanda não satisfeita por alternativas existentes e que a aderência ao aplicativo será suficiente para justificar a monetização por publicidade local.,Desenvolver um MVP limitado a um raio geográfico restrito e monitorar a aderência e o engajamento dos usuários para validar a hipótese de valor antes de investir em escala.,"{
  ""analise_coerencia_problema_solucao"": ""A proposta de valor do aplicativo móvel baseado na proximidade geográfica é coerente com o problema identificado de usuários que desejam compartilhar conteúdo em tempo real com pessoas próximas, sem a necessidade de estabelecer conexões prévias. No entanto, a solução proposta deve ser testada para verificar se realmente atende a uma demanda real e não substituída por alternativas existentes como redes sociais convencionais com filtros geográficos."",
  ""analise_viabilidade_economica_canais"": ""O modelo de monetização baseado em publicidade local patrocinada é viável desde que a base de usuários cresça e a aderência ao aplicativo seja alta. A integração de sensores e tecnologias de comunicação móvel (Bluetooth, acústica) deve ser testada para minimizar custos operacionais e maximizar a eficiência do produto."",
  ""premissa_salto_de_fe_lofa"": ""A premissa crítica é que a solução proposta (rede social baseada em proximidade geográfica) realmente atende a uma demanda não satisfeita por alternativas existentes e que a aderência ao aplicativo será suficiente para justificar a monetização por publicidade local."",
  ""experimento_mvp_prioritario"": ""Desenvolver um MVP limitado a um raio geográfico restrito e monitorar a aderência e o engajamento dos usuários para validar a hipótese de valor antes de investir em escala."",
  ""decisao_lean"": ""Necessita Pivotagem""
}",Necessita Pivotagem,A premissa crítica é a capacidade de atração e retenção de usuários em um mercado já saturado por redes sociais estabelecidas que oferecem recursos semelhantes.,"O MVP deve incluir a criação de um aplicativo funcional com a funcionalidade básica de compartilhamento de fotos e vídeos por proximidade geográfica, seguido de uma campanha de marketing para atração de usuários e feedback sobre a experiência de uso.","{
  ""analise_coerencia_problema_solucao"": ""A proposta de valor do aplicativo móvel de rede social baseada em proximidade geográfica é coerente com a necessidade de interação social e compartilhamento de conteúdo em tempo real, mas enfrenta a concorrência de redes sociais estabelecidas que já oferecem recursos semelhantes de forma integrada."",
  ""analise_viabilidade_economica_canais"": ""A viabilidade econômica do modelo depende da escalabilidade da base de usuários e da introdução de formatos publicitários locais, mas a concorrência de redes sociais estabelecidas pode dificultar a aquisição de usuários e a monetização inicial."",
  ""premissa_salto_de_fe_lofa"": ""A premissa crítica é a capacidade de atração e retenção de usuários em um mercado já saturado por redes sociais estabelecidas que oferecem recursos semelhantes."",
  ""experimento_mvp_prioritario"": ""O MVP deve incluir a criação de um aplicativo funcional com a funcionalidade básica de compartilhamento de fotos e vídeos por proximidade geográfica, seguido de uma campanha de marketing para atração de usuários e feedback sobre a experiência de uso."",
  ""decisao_lean"": ""Necessita Pivotagem""
}",Avançar para MVP,A premissa crítica é a capacidade de atrair e reter uma base de usuários suficiente para tornar a monetização através de publicidade local viável.,"O MVP deve incluir a funcionalidade básica de compartilhamento de fotos e vídeos por proximidade geográfica, sem a necessidade de perfis pré-estabelecidos ou solicitação de amizade, para testar a aderência do produto com o público-alvo.","```json
{
  ""analise_coerencia_problema_solucao"": ""O problema identificado é a falta de uma rede social efêmera baseada em proximidade geográfica, que é uma dor real para usuários que desejam compartilhar experiências em tempo real com pessoas próximas. A solução proposta, um aplicativo móvel que utiliza sensores para conectar usuários em um raio de 45 metros, é coerente com a identificação do problema."",
  ""analise_viabilidade_economica_canais"": ""A proposta de monetização através de publicidade local patrocinada é viável, mas a viabilidade econômica depende da escala e da retenção de usuários. Os custos de desenvolvimento e manutenção do aplicativo e dos servidores de nuvem são significativos, mas não apresentam um bloqueador fatal desde que a escala seja alcançada."",
  ""premissa_salto_de_fe_lofa"": ""A premissa crítica é a capacidade de atrair e reter uma base de usuários suficiente para tornar a monetização através de publicidade local viável."",
  ""experimento_mvp_prioritario"": ""O MVP deve incluir a funcionalidade básica de compartilhamento de fotos e vídeos por proximidade geográfica, sem a necessidade de perfis pré-estabelecidos ou solicitação de amizade, para testar a aderência do produto com o público-alvo."",
  ""decisao_lean"": ""Avançar para MVP""
}
```",Avançar para MVP,"A premissa crítica é a capacidade de atrair e reter usuários em massa sem a necessidade de perfis pré-estabelecidos ou conexões de amizade, o que é arriscado em um mercado dominado por redes sociais com grafos sociais explícitos.","Desenvolver um MVP com funcionalidades básicas de compartilhamento de fotos e vídeos por proximidade geográfica, testando a adesão de usuários em um pequeno grupo de beta e coletando feedback para iterações subsequentes.","```json
{
  ""analise_coerencia_problema_solucao"": ""A proposta de valor do aplicativo móvel baseada na proximidade geográfica e compartilhamento de fotos em tempo real é coerente com o problema identificado de usuários que desejam interagir com conteúdo gerado por outros próximos fisicamente, sem a necessidade de estabelecer conexões prévias."",
  ""analise_viabilidade_economica_canais"": ""O modelo de monetização baseado em publicidade local patrocinada é viável, considerando a expansão de downloads e base ativa de usuários, com custos operacionais concentrados em desenvolvimento de aplicativos e processamento de imagens em nuvem."",
  ""premissa_salto_de_fe_lofa"": ""A premissa crítica é a capacidade de atrair e reter usuários em massa sem a necessidade de perfis pré-estabelecidos ou conexões de amizade, o que é arriscado em um mercado dominado por redes sociais com grafos sociais explícitos."",
  ""experimento_mvp_prioritario"": ""Desenvolver um MVP com funcionalidades básicas de compartilhamento de fotos e vídeos por proximidade geográfica, testando a adesão de usuários em um pequeno grupo de beta e coletando feedback para iterações subsequentes."",
  ""decisao_lean"": ""Avançar para MVP""
}
```",Avançar para MVP,"A premissa crítica é a capacidade de atrair e reter um número significativo de usuários que estejam dispostos a compartilhar conteúdo em tempo real com estranhos baseados apenas na proximidade física, sem a necessidade de estabelecer conexões prévias.","O MVP deve incluir a criação de um aplicativo funcional que permite a captura e compartilhamento de fotos e vídeos em tempo real com outros usuários próximos, sem a necessidade de conexões prévias. É importante testar a aderência do público a essa nova forma de interação social.","{
  ""analise_coerencia_problema_solucao"": ""A proposta de valor atende a uma necessidade emergente de interação social baseada em proximidade física, oferecendo uma alternativa inovadora às redes sociais tradicionais que focam em relacionamentos pré-existentes. A solução proposta é coerente com o problema identificado, pois utiliza tecnologia de sensores para criar uma experiência de rede social em tempo real."",
  ""analise_viabilidade_economica_canais"": ""O modelo de monetização baseado em publicidade local patrocinada é viável, uma vez que a proximidade geográfica pode atrair anunciantes interessados em alcançar um público local específico. No entanto, a viabilidade econômica dependerá da capacidade de escalar a base de usuários e manter custos operacionais baixos."",
  ""premissa_salto_de_fe_lofa"": ""A premissa crítica é a capacidade de atrair e reter um número significativo de usuários que estejam dispostos a compartilhar conteúdo em tempo real com estranhos baseados apenas na proximidade física, sem a necessidade de estabelecer conexões prévias."",
  ""experimento_mvp_prioritario"": ""O MVP deve incluir a criação de um aplicativo funcional que permite a captura e compartilhamento de fotos e vídeos em tempo real com outros usuários próximos, sem a necessidade de conexões prévias. É importante testar a aderência do público a essa nova forma de interação social."",
  ""decisao_lean"": ""Avançar para MVP""
}",Reprovação por Showstopper (Descarte),"A premissa crítica é a capacidade de atrair e reter usuários em massa para uma rede social baseada estritamente em proximidade geográfica, sem a necessidade de perfis ou solicitação de amizade, em um mercado já saturado de alternativas.","Desenvolver um MVP limitado a um pequeno grupo de usuários em uma área geográfica restrita para testar a aderência e a retenção de usuários, mas a existência de alternativas gratuitas e consolidadas sugere que este experimento pode não ser suficiente para superar o showstopper.","{
  ""analise_coerencia_problema_solucao"": ""O problema identificado é a necessidade de uma rede social móvel baseada em proximidade geográfica, mas a dor do cliente não é clara ou prioritária, pois existem alternativas gratuitas e consolidadas que já atendem a essa demanda, como redes sociais com filtros de localização e compartilhamento de fotos em tempo real."",
  ""analise_viabilidade_economica_canais"": ""O modelo de monetização baseado em publicidade local patrocinada é viável em princípio, mas a falta de uma dor do cliente clara e a existência de alternativas gratuitas tornam a atração e retenção de usuários um desafio significativo."",
  ""premissa_salto_de_fe_lofa"": ""A premissa crítica é a capacidade de atrair e reter usuários em massa para uma rede social baseada estritamente em proximidade geográfica, sem a necessidade de perfis ou solicitação de amizade, em um mercado já saturado de alternativas."",
  ""experimento_mvp_prioritario"": ""Desenvolver um MVP limitado a um pequeno grupo de usuários em uma área geográfica restrita para testar a aderência e a retenção de usuários, mas a existência de alternativas gratuitas e consolidadas sugere que este experimento pode não ser suficiente para superar o showstopper."",
  ""decisao_lean"": ""Reprovação por Showstopper (Descarte)""
}",Avançar para MVP,A premissa crítica é que a solução de compartilhamento de fotos e vídeos baseada em proximidade geográfica será suficientemente atraente para superar a barreira de entrada de redes sociais estabelecidas e conquistar uma base de usuários significativa.,"O experimento MVP deve focar na criação de um aplicativo funcional com capacidade de compartilhamento de fotos e vídeos baseado em sensores de proximidade, seguido de uma campanha de marketing para atrair usuários em eventos de massa e áreas de grande circulação de pessoas.","```json
{
  ""analise_coerencia_problema_solucao"": ""A proposta de valor do aplicativo móvel baseado em proximidade geográfica é coerente com o problema identificado de interação social limitada por distância e desconhecimento de usuários próximos. A solução proposta, que utiliza sensores de rádio, Bluetooth e acústica, oferece um mecanismo inovador de conexão social."",
  ""analise_viabilidade_economica_canais"": ""A monetização através de formatos publicitários locais patrocinados é viável, uma vez que a base de usuários ativos e a proximidade geográfica permitem a personalização e relevância dos anúncios. Os custos de desenvolvimento e manutenção de servidores de nuvem são justificáveis para o modelo de negócio."",
  ""premissa_salto_de_fe_lofa"": ""A premissa crítica é que a solução de compartilhamento de fotos e vídeos baseada em proximidade geográfica será suficientemente atraente para superar a barreira de entrada de redes sociais estabelecidas e conquistar uma base de usuários significativa."",
  ""experimento_mvp_prioritario"": ""O experimento MVP deve focar na criação de um aplicativo funcional com capacidade de compartilhamento de fotos e vídeos baseado em sensores de proximidade, seguido de uma campanha de marketing para atrair usuários em eventos de massa e áreas de grande circulação de pessoas."",
  ""decisao_lean"": ""Avançar para MVP""
}
```"
F09,Clinkle,Plataforma móvel de pagamentos digitais e transferências financeiras entre pares,2011,2015.0,FinTech Consumer,"Carteira digital móvel voltada ao processamento de pagamentos em pontos de venda físicos e transferências financeiras diretas entre usuários por meio de aplicativo para smartphones conectado a contas bancárias. O modelo de receita apoia-se na retenção de taxas percentuais sobre as transações liquidadas junto aos lojistas conveniados e em tarifas de intercâmbio na emissão de cartões de débito vinculados à plataforma. A estrutura de custos compreende o desenvolvimento e engenharia de software móvel e protocolos de comunicação sem fio, conformidade regulatória e segurança bancária de dados, credenciamento de estabelecimentos comerciais e infraestrutura de servidores em nuvem.",Falha,"A empresa encerrou as operações após sucessivos atrasos e falhas técnicas no desenvolvimento do protocolo de pagamentos por ultrassom, alta rotatividade executiva na liderança e perda de credibilidade junto a investidores institucionais e usuários, não conseguindo estabelecer tração comercial com seu aplicativo e cartão de débito pré-pago.",Equipe inadequada,Produto ruim;Modelo de negócios falho,"Sucessivos adiamentos no lançamento do aplicativo comercial, renúncia coletiva de executivos sêniores em 2014-2015 e perda de tração após abandono da tecnologia inicial",Equipe inadequada,2014,"A equipe fundadora é formada por estudantes e recém-graduados em ciência da computação e engenharia com foco em desenvolvimento de software, contando com a mentoria técnica de pesquisadores universitários de engenharia. No ano da análise (2011), o mercado de pagamentos móveis no varejo físico é incipiente e marcado pela fragmentação de tecnologias de comunicação sem fio por aproximação, coexistindo com o predomínio de cartões plásticos de crédito e débito com tarja magnética ou chip emitidos por redes bancárias tradicionais.",https://en.wikipedia.org/wiki/Clinkle;https://www.businessinsider.com/inside-story-of-clinkle-2014-4;https://techcrunch.com/2015/05/15/clunk/;https://www.businessinsider.com/a-bunch-of-clinkle-employees-just-left-and-the-startup-has-apparently-been-trying-to-sell-itself-to-apple-2015-5,Avançar para MVP,A premissa crítica é a capacidade de credenciar um número suficiente de lojistas e obter a conformidade regulatória necessária para operar uma plataforma de pagamentos móveis.,"O MVP deve incluir a criação de um aplicativo básico para transferências financeiras entre usuários e a integração com contas bancárias para pagamentos em estabelecimentos parceiros. É fundamental testar a adesão de usuários e lojistas, bem como a viabilidade técnica e regulatória.","```json
{
  ""analise_coerencia_problema_solucao"": ""A proposta de valor atende a uma necessidade real de facilitar pagamentos e transferências financeiras, especialmente em um cenário onde o uso de smartphones e tecnologias móveis está em ascensão, mas ainda não dominante. A solução proposta é coerente com o problema identificado, oferecendo uma alternativa inovadora para o mercado."",
  ""analise_viabilidade_economica_canais"": ""O modelo de receita baseado em taxas sobre transações e tarifas de cartões de débito é viável, considerando a adesão de lojistas e a emissão de cartões. No entanto, a viabilidade depende da escala e da capacidade de credenciar estabelecimentos comerciais, bem como da conformidade regulatória."",
  ""premissa_salto_de_fe_lofa"": ""A premissa crítica é a capacidade de credenciar um número suficiente de lojistas e obter a conformidade regulatória necessária para operar uma plataforma de pagamentos móveis."",
  ""experimento_mvp_prioritario"": ""O MVP deve incluir a criação de um aplicativo básico para transferências financeiras entre usuários e a integração com contas bancárias para pagamentos em estabelecimentos parceiros. É fundamental testar a adesão de usuários e lojistas, bem como a viabilidade técnica e regulatória."",
  ""decisao_lean"": ""Avançar para MVP""
}
```",Necessita Pivotagem,A premissa crítica é a capacidade de superar barreiras regulatórias e de segurança para implementar uma plataforma de pagamentos móveis em um mercado ainda incipiente e fragmentado em 2011.,"O MVP deve incluir a criação de um aplicativo piloto para transferências financeiras entre usuários e testes com um pequeno grupo de lojistas conveniados, focando na conformidade regulatória e na segurança dos dados financeiros.","{
  ""analise_coerencia_problema_solucao"": ""A proposta de valor atende a uma necessidade real de facilitar pagamentos e transferências financeiras, alinhando-se com o problema do mercado de pagamentos móveis incipiente em 2011. A solução proposta, uma carteira digital móvel, parece coerente com o problema identificado."",
  ""analise_viabilidade_economica_canais"": ""O modelo de receita baseado em taxas sobre transações e tarifas de cartões de débito é lógico e viável, dado o contexto de credenciamento de estabelecimentos comerciais e a infraestrutura de servidores em nuvem. No entanto, a conformidade regulatória e a segurança bancária de dados são aspectos críticos que precisam ser rigorosamente auditados."",
  ""premissa_salto_de_fe_lofa"": ""A premissa crítica é a capacidade de superar barreiras regulatórias e de segurança para implementar uma plataforma de pagamentos móveis em um mercado ainda incipiente e fragmentado em 2011."",
  ""experimento_mvp_prioritario"": ""O MVP deve incluir a criação de um aplicativo piloto para transferências financeiras entre usuários e testes com um pequeno grupo de lojistas conveniados, focando na conformidade regulatória e na segurança dos dados financeiros."",
  ""decisao_lean"": ""Necessita Pivotagem""
}",Avançar para MVP,A adesão de lojistas e usuários para a plataforma móvel e a conformidade com as regulamentações bancárias e de segurança de dados são as premissas mais críticas para o sucesso do modelo.,"O MVP deve incluir a criação de uma versão inicial do aplicativo com funcionalidades básicas de pagamento e transferência, seguida de testes com um grupo limitado de lojistas e usuários para validar a aceitação e a viabilidade técnica.","{
  ""analise_coerencia_problema_solucao"": ""A proposta de valor alinha-se logicamente ao problema identificado, oferecendo uma solução inovadora para facilitar pagamentos e transferências financeiras em um contexto onde o mercado de pagamentos móveis ainda está em formação."",
  ""analise_viabilidade_economica_canais"": ""O modelo de receita baseado em taxas sobre transações e tarifas de cartão é viável, considerando a necessidade de investimento em infraestrutura tecnológica, conformidade regulatória e credenciamento de lojistas. Os canais de aquisição e monetização são coerentes com o modelo proposto."",
  ""premissa_salto_de_fe_lofa"": ""A adesão de lojistas e usuários para a plataforma móvel e a conformidade com as regulamentações bancárias e de segurança de dados são as premissas mais críticas para o sucesso do modelo."",
  ""experimento_mvp_prioritario"": ""O MVP deve incluir a criação de uma versão inicial do aplicativo com funcionalidades básicas de pagamento e transferência, seguida de testes com um grupo limitado de lojistas e usuários para validar a aceitação e a viabilidade técnica."",
  ""decisao_lean"": ""Avançar para MVP""
}",Avançar para MVP,A premissa crítica é a capacidade de atrair e manter uma base de usuários suficiente para gerar uma quantidade crítica de transações que sustente as receitas e cubra os custos operacionais.,O experimento MVP prioritaríamos a construção de uma versão inicial do aplicativo com funcionalidades básicas de transferência de dinheiro entre usuários e integração com contas bancárias. Seria necessário testar a adesão de usuários e a viabilidade técnica da integração com bancos.,"```json
{
  ""analise_coerencia_problema_solucao"": ""A proposta de valor atende a uma necessidade real de facilitar pagamentos e transferências financeiras, alinhando-se com o problema de ineficiência e falta de conveniência nos métodos de pagamento tradicionais. A solução proposta é coerente e visa resolver uma dor do cliente significativa."",
  ""analise_viabilidade_economica_canais"": ""O modelo de receita baseado em taxas sobre transações e tarifas de intercâmbio é viável, desde que a plataforma consiga captar um número suficiente de usuários e estabelecimentos comerciais. Os custos de desenvolvimento e conformidade regulatória são elevados, mas não apresentam um bloqueador fatal."",
  ""premissa_salto_de_fe_lofa"": ""A premissa crítica é a capacidade de atrair e manter uma base de usuários suficiente para gerar uma quantidade crítica de transações que sustente as receitas e cubra os custos operacionais."",
  ""experimento_mvp_prioritario"": ""O experimento MVP prioritaríamos a construção de uma versão inicial do aplicativo com funcionalidades básicas de transferência de dinheiro entre usuários e integração com contas bancárias. Seria necessário testar a adesão de usuários e a viabilidade técnica da integração com bancos."",
  ""decisao_lean"": ""Avançar para MVP""
}
```",Avançar para MVP,A premissa crítica é a capacidade de obter a conformidade regulatória necessária para operar como uma plataforma de pagamentos móveis e a adesão de estabelecimentos comerciais à plataforma.,"Desenvolver um MVP que ofereça funcionalidades básicas de transferências financeiras entre usuários e integração com contas bancárias, seguido de testes com um grupo de usuários beta para validar a aderência e a segurança do sistema.","```json
{
  ""analise_coerencia_problema_solucao"": ""A proposta de valor atende a uma necessidade real de facilitar pagamentos digitais e transferências financeiras entre usuários, alinhando-se com a crescente adesão a tecnologias móveis no setor financeiro. A solução proposta é coerente com o problema identificado, oferecendo uma alternativa inovadora para o mercado."",
  ""analise_viabilidade_economica_canais"": ""O modelo de receita baseado em taxas sobre transações e tarifas de intercâmbio é viável e coerente com a estrutura de custos, que inclui desenvolvimento de software, conformidade regulatória e infraestrutura de servidores em nuvem. Os canais de acesso ao cliente, como aplicativos móveis, são eficazes para o mercado-alvo."",
  ""premissa_salto_de_fe_lofa"": ""A premissa crítica é a capacidade de obter a conformidade regulatória necessária para operar como uma plataforma de pagamentos móveis e a adesão de estabelecimentos comerciais à plataforma."",
  ""experimento_mvp_prioritario"": ""Desenvolver um MVP que ofereça funcionalidades básicas de transferências financeiras entre usuários e integração com contas bancárias, seguido de testes com um grupo de usuários beta para validar a aderência e a segurança do sistema."",
  ""decisao_lean"": ""Avançar para MVP""
}
```",Avançar para MVP,"A premissa crítica é a capacidade de atrair e manter uma base de usuários suficiente para gerar uma economia de escala viável, dada a necessidade de escalar rapidamente a adesão de lojistas e a infraestrutura de servidores em nuvem.","Desenvolver um MVP que permita transações entre usuários e pequenos estabelecimentos comerciais, com foco na experiência do usuário e na segurança das transações. Testar a adesão inicial e a viabilidade econômica.","```json
{
  ""analise_coerencia_problema_solucao"": ""A proposta de valor atende a uma necessidade real de facilitar pagamentos e transferências financeiras, alinhando-se com a crescente adesão a smartphones e a busca por conveniência no varejo físico. A solução proposta é coerente com o problema, oferecendo uma alternativa inovadora e prática."",
  ""analise_viabilidade_economica_canais"": ""O modelo de monetização baseado em taxas sobre transações e tarifas de intercâmbio de cartões é viável, considerando a estrutura de custos de desenvolvimento e manutenção de sistemas de pagamento seguros e regulamentados. A estratégia de canais de acesso ao cliente, incluindo a parceria com estabelecimentos comerciais, é coerente com o modelo de receita."",
  ""premissa_salto_de_fe_lofa"": ""A premissa crítica é a capacidade de atrair e manter uma base de usuários suficiente para gerar uma economia de escala viável, dada a necessidade de escalar rapidamente a adesão de lojistas e a infraestrutura de servidores em nuvem."",
  ""experimento_mvp_prioritario"": ""Desenvolver um MVP que permita transações entre usuários e pequenos estabelecimentos comerciais, com foco na experiência do usuário e na segurança das transações. Testar a adesão inicial e a viabilidade econômica."",
  ""decisao_lean"": ""Avançar para MVP""
}
```",Avançar para MVP,"A premissa crítica é a adesão de usuários e estabelecimentos comerciais à plataforma, bem como a conformidade com as regulamentações bancárias e de segurança.","O MVP deve incluir a funcionalidade básica de transferências financeiras entre usuários e pagamentos em estabelecimentos conveniados, com foco em segurança e usabilidade.","{
  ""analise_coerencia_problema_solucao"": ""A proposta de valor atende a uma necessidade real de facilitar pagamentos e transferências financeiras, especialmente em um contexto onde a tecnologia móvel está em ascensão e os pagamentos digitais ainda estão se desenvolvendo. A solução proposta é coerente com o problema identificado, oferecendo uma alternativa inovadora para transações financeiras."",
  ""analise_viabilidade_economica_canais"": ""O modelo de receita é viável, com taxas sobre transações e tarifas de cartões de débito. A estrutura de custos é compreensível, com foco em desenvolvimento de software, conformidade regulatória e infraestrutura de servidores em nuvem. Os canais de monetização e acesso ao cliente são bem definidos e alinhados com o modelo de negócio."",
  ""premissa_salto_de_fe_lofa"": ""A premissa crítica é a adesão de usuários e estabelecimentos comerciais à plataforma, bem como a conformidade com as regulamentações bancárias e de segurança."",
  ""experimento_mvp_prioritario"": ""O MVP deve incluir a funcionalidade básica de transferências financeiras entre usuários e pagamentos em estabelecimentos conveniados, com foco em segurança e usabilidade."",
  ""decisao_lean"": ""Avançar para MVP""
}",Avançar para MVP,A premissa crítica é a capacidade de atrair e manter um número suficiente de estabelecimentos comerciais conveniados para oferecer uma experiência de pagamento em massa e viável para os usuários.,"Desenvolver um MVP focado na funcionalidade de transferências financeiras entre usuários e integração com contas bancárias, seguido por uma campanha de teste em um grupo limitado de estabelecimentos comerciais para validar a viabilidade do modelo de receita com taxas sobre transações.","```json
{
  ""analise_coerencia_problema_solucao"": ""A proposta de valor atende a uma necessidade emergente de simplificação e segurança nos pagamentos móveis, alinhando-se com o crescimento acelerado da adoção de smartphones e a busca por alternativas mais convenientes e seguras de pagamento em relação aos métodos tradicionais."",
  ""analise_viabilidade_economica_canais"": ""O modelo de receita é viável, com taxas sobre transações e tarifas de cartões, contudo, a conformidade regulatória e a segurança bancária são custos significativos que precisam ser bem gerenciados para assegurar a sustentabilidade financeira."",
  ""premissa_salto_de_fe_lofa"": ""A premissa crítica é a capacidade de atrair e manter um número suficiente de estabelecimentos comerciais conveniados para oferecer uma experiência de pagamento em massa e viável para os usuários."",
  ""experimento_mvp_prioritario"": ""Desenvolver um MVP focado na funcionalidade de transferências financeiras entre usuários e integração com contas bancárias, seguido por uma campanha de teste em um grupo limitado de estabelecimentos comerciais para validar a viabilidade do modelo de receita com taxas sobre transações."",
  ""decisao_lean"": ""Avançar para MVP""
}
```"
F10,Beepi,Marketplace peer-to-peer de compra e venda de veículos seminovos com inspeção e entrega domiciliar,2013,2017.0,Marketplace C2C,"Marketplace online bilateral de intermediação de compra e venda de automóveis usados entre particulares sem manutenção de pátio físico de revenda. O modelo de receita baseia-se na retenção de uma comissão percentual sobre o preço final de venda do veículo (take-rate de aproximadamente 9%), além de receitas acessórias com intermediação de financiamentos e garantias mecânicas estendidas. A estrutura de custos concentra despesas na contratação e deslocamento de técnicos para vistorias mecânicas presenciais com laudos padronizados, serviços de reboque e frete para entrega dos veículos aos compradores, custos de cartório e transferência documental e garantia de compra do veículo caso não fosse vendido em até 30 dias.",Falha,"A empresa encerrou as atividades no início de 2017 após esgotar suas reservas financeiras devido a altos custos fixos de logística e inspeção técnica presencial para cada veículo, não conseguindo atingir rentabilidade por unidade transacionada (unit economics) e fracassando nas negociações de fusão ou venda de ativos para concorrentes e concessionárias.",Fim do caixa,Problema de preço ou custo;Modelo de negócios falho,Fracasso nas negociações de aquisição pela Fair.com e liquidação dos ativos corporativos em fevereiro de 2017 após esgotamento de liquidez,Fim do caixa,2017,"A equipe fundadora é composta por profissionais com formação em engenharia e gestão de negócios com histórico prévio em consultoria de estratégia corporativa e empreendedorismo em empresas de base tecnológica. No ano da análise (2013), o comércio de automóveis seminovos e usados é transacionado predominantemente por meio de concessionárias físicas tradicionais e plataformas de classificados online estáticos, nos quais compradores e vendedores assumem integralmente os custos e riscos de vistoria veicular, liquidação financeira e transferência cartorial.",https://www.failory.com/cemetery/beepi;https://www.innovatorsunder35.com/the-list/alejandro-resnik/;https://www.cio.com/article/236945/cio-cmo-partner-to-drive-used-car-sales.html;https://static1.squarespace.com/static/55c4e9aae4b05eaf17ef79ff/t/5dda940ca46d122f382872d1/1574605837793/Beepi_EStrategyCase.pdf,Avançar para MVP,A premissa crítica é a capacidade de atrair e manter um volume suficiente de anúncios de veículos para sustentar a estrutura de custos e gerar receitas consistentes.,"Desenvolver um MVP com um pequeno número de anunciantes e compradores para testar a viabilidade da plataforma, focando na experiência do usuário, qualidade da inspeção e eficiência da entrega.","```json
{
  ""analise_coerencia_problema_solucao"": ""A proposta de valor atende a uma dor real do mercado, oferecendo uma solução de comodidade e segurança para a compra e venda de veículos seminovos entre particulares, com a garantia de inspeção técnica e entrega domiciliar."",
  ""analise_viabilidade_economica_canais"": ""O modelo de monetização é viável, com a comissão percentual sobre as vendas e receitas acessórias. Os custos de operação são gerenciáveis, concentrando-se principalmente na contratação de técnicos para inspeções e serviços de entrega, sem a necessidade de um pátio físico."",
  ""premissa_salto_de_fe_lofa"": ""A premissa crítica é a capacidade de atrair e manter um volume suficiente de anúncios de veículos para sustentar a estrutura de custos e gerar receitas consistentes."",
  ""experimento_mvp_prioritario"": ""Desenvolver um MVP com um pequeno número de anunciantes e compradores para testar a viabilidade da plataforma, focando na experiência do usuário, qualidade da inspeção e eficiência da entrega."",
  ""decisao_lean"": ""Avançar para MVP""
}
```",Avançar para MVP,"A premissa crítica é a escalabilidade da plataforma, considerando os custos operacionais elevados de contratação de técnicos e logística de entrega, que devem ser absorvidos enquanto a base de usuários cresce para atingir uma economia de escala sustentável.","O MVP deve focar na criação de um protótipo funcional da plataforma, com um sistema de inspeção simplificado e parcerias iniciais com técnicos locais e serviços de entrega. O objetivo é testar a aderência do modelo com um pequeno grupo de usuários e ajustar conforme feedback.","{
  ""analise_coerencia_problema_solucao"": ""A proposta de valor alinha-se logicamente ao problema identificado, oferecendo uma solução inovadora que reduz riscos e custos para compradores e vendedores de veículos seminovos, através de uma plataforma de marketplace com inspeção e entrega domiciliar."",
  ""analise_viabilidade_economica_canais"": ""A estrutura de custos e receitas é coerente, com a plataforma gerando receita através de comissões e serviços acessórios, enquanto os custos são concentrados em vistorias, entrega e serviços de transferência documental. O modelo de monetização é viável, embora dependa de uma escala significativa para garantir margens de lucro."",
  ""premissa_salto_de_fe_lofa"": ""A premissa crítica é a escalabilidade da plataforma, considerando os custos operacionais elevados de contratação de técnicos e logística de entrega, que devem ser absorvidos enquanto a base de usuários cresce para atingir uma economia de escala sustentável."",
  ""experimento_mvp_prioritario"": ""O MVP deve focar na criação de um protótipo funcional da plataforma, com um sistema de inspeção simplificado e parcerias iniciais com técnicos locais e serviços de entrega. O objetivo é testar a aderência do modelo com um pequeno grupo de usuários e ajustar conforme feedback."",
  ""decisao_lean"": ""Avançar para MVP""
}",Avançar para MVP,"A premissa crítica é a capacidade de atrair e manter uma base de usuários suficiente para garantir uma taxa de comissão sustentável e viável economicamente, considerando os custos operacionais.","O MVP deve incluir a plataforma online de intermediação, serviços de inspeção e entrega inicial, e a cobrança da comissão sobre as vendas realizadas. É importante testar a aderência do mercado e a viabilidade econômica.","{
  ""analise_coerencia_problema_solucao"": ""A proposta de valor do marketplace C2C para a compra e venda de veículos seminovos atende a uma necessidade real de reduzir os riscos e custos associados a essas transações, oferecendo inspeção mecânica, entrega domiciliar e garantia de compra. A solução proposta é coerente com o problema identificado."",
  ""analise_viabilidade_economica_canais"": ""O modelo de monetização baseado em comissão sobre a venda do veículo e receitas acessórias é viável, considerando os custos operacionais de inspeção, entrega e serviços de cartório. Os canais de acesso ao cliente são bem definidos e alinhados com a estratégia."",
  ""premissa_salto_de_fe_lofa"": ""A premissa crítica é a capacidade de atrair e manter uma base de usuários suficiente para garantir uma taxa de comissão sustentável e viável economicamente, considerando os custos operacionais."",
  ""experimento_mvp_prioritario"": ""O MVP deve incluir a plataforma online de intermediação, serviços de inspeção e entrega inicial, e a cobrança da comissão sobre as vendas realizadas. É importante testar a aderência do mercado e a viabilidade econômica."",
  ""decisao_lean"": ""Avançar para MVP""
}",Necessita Pivotagem,"A premissa crítica é a capacidade de gerar lucratividade com a estrutura de custos de inspeção e entrega domiciliar, que deve ser testada rigorosamente.","Desenvolver um MVP com foco na plataforma online e testar a viabilidade da comissão sobre a venda do veículo, enquanto a inspeção e entrega domiciliar são realizadas por parceiros terceirizados para minimizar custos.","{
  ""analise_coerencia_problema_solucao"": ""O problema identificado é a falta de confiança e transparência no mercado de compra e venda de veículos seminovos, com a solução de fornecer uma plataforma online com inspeção mecânica e entrega domiciliar, o que atende a uma necessidade real dos consumidores."",
  ""analise_viabilidade_economica_canais"": ""A proposta de monetização através de comissão sobre a venda do veículo e receitas acessórias é viável, contudo, os custos operacionais de inspeção, entrega e garantia podem ser elevados, potencialmente comprometendo a economia unitária."",
  ""premissa_salto_de_fe_lofa"": ""A premissa crítica é a capacidade de gerar lucratividade com a estrutura de custos de inspeção e entrega domiciliar, que deve ser testada rigorosamente."",
  ""experimento_mvp_prioritario"": ""Desenvolver um MVP com foco na plataforma online e testar a viabilidade da comissão sobre a venda do veículo, enquanto a inspeção e entrega domiciliar são realizadas por parceiros terceirizados para minimizar custos."",
  ""decisao_lean"": ""Necessita Pivotagem""
}",Avançar para MVP,"A premissa crítica é a capacidade de atrair e manter compradores e vendedores no marketplace, garantindo uma taxa de comissão sustentável e escalável.","Desenvolver um MVP com uma plataforma online básica para anúncios de veículos, incluindo a funcionalidade de agendamento de vistorias e entrega domiciliar, para testar a aderência do modelo com o mercado.","```json
{
  ""analise_coerencia_problema_solucao"": ""O problema identificado é a falta de confiança e segurança na transação de veículos seminovos entre particulares, com a solução de oferecer um marketplace que inclui inspeção mecânica e entrega domiciliar, alinhando-se logicamente com a proposta de valor."",
  ""analise_viabilidade_economica_canais"": ""O modelo de monetização baseado em comissões sobre a venda do veículo e receitas acessórias é coerente com os custos de operação, incluindo vistorias, entrega e serviços de cartório. O canal de acesso ao cliente é viável através de marketing digital e parcerias com plataformas de anúncios."",
  ""premissa_salto_de_fe_lofa"": ""A premissa crítica é a capacidade de atrair e manter compradores e vendedores no marketplace, garantindo uma taxa de comissão sustentável e escalável."",
  ""experimento_mvp_prioritario"": ""Desenvolver um MVP com uma plataforma online básica para anúncios de veículos, incluindo a funcionalidade de agendamento de vistorias e entrega domiciliar, para testar a aderência do modelo com o mercado."",
  ""decisao_lean"": ""Avançar para MVP""
}
```",Avançar para MVP,"A capacidade de atrair e manter compradores e vendedores no marketplace, bem como a eficiência dos serviços de inspeção e entrega, é a premissa crítica para o sucesso do modelo.",O MVP deve incluir a criação de um site funcional com um sistema de inspeção e entrega simplificado para testar a adesão de usuários e a viabilidade operacional dos serviços.,"```json
{
  ""analise_coerencia_problema_solucao"": ""A proposta de valor ataca uma dor real do mercado de automóveis usados, onde a falta de confiança e a complexidade do processo de compra e venda são significativas. A solução de um marketplace com inspeção e entrega domiciliar oferece uma alternativa atrativa e confiável para os usuários."",
  ""analise_viabilidade_economica_canais"": ""O modelo de monetização baseado em comissões sobre vendas parece viável, considerando a estrutura de custos concentrada em serviços de vistoria, entrega e documentação. No entanto, é crucial monitorar a eficiência destes serviços para garantir margens sustentáveis."",
  ""premissa_salto_de_fe_lofa"": ""A capacidade de atrair e manter compradores e vendedores no marketplace, bem como a eficiência dos serviços de inspeção e entrega, é a premissa crítica para o sucesso do modelo."",
  ""experimento_mvp_prioritario"": ""O MVP deve incluir a criação de um site funcional com um sistema de inspeção e entrega simplificado para testar a adesão de usuários e a viabilidade operacional dos serviços."",
  ""decisao_lean"": ""Avançar para MVP""
}
```",Avançar para MVP,"A premissa crítica é a capacidade de escalar a operação de inspeção e entrega domiciliar sem aumentar drasticamente os custos unitários, mantendo a margem de lucro.","Desenvolver um MVP focado na plataforma de intermediação, com serviços de inspeção e entrega limitados a uma região geográfica, para testar a aderência do modelo com o público-alvo e ajustar os custos operacionais.","{
  ""analise_coerencia_problema_solucao"": ""O problema identificado é a falta de confiança entre compradores e vendedores em transações de veículos seminovos, bem como a complexidade de vistoria e transferência documental. A solução proposta, que inclui inspeção mecânica, entrega domiciliar e garantia de compra, atende diretamente a essa dor do cliente."",
  ""analise_viabilidade_economica_canais"": ""O modelo de monetização baseado em comissões sobre vendas parece viável, considerando os custos operacionais de inspeção, entrega e serviços de cartório. A estratégia de canais de aquisição via marketing digital e parcerias com plataformas de classificados online é coerente com o cenário de mercado."",
  ""premissa_salto_de_fe_lofa"": ""A premissa crítica é a capacidade de escalar a operação de inspeção e entrega domiciliar sem aumentar drasticamente os custos unitários, mantendo a margem de lucro."",
  ""experimento_mvp_prioritario"": ""Desenvolver um MVP focado na plataforma de intermediação, com serviços de inspeção e entrega limitados a uma região geográfica, para testar a aderência do modelo com o público-alvo e ajustar os custos operacionais."",
  ""decisao_lean"": ""Avançar para MVP""
}",Avançar para MVP,"A premissa crítica é a capacidade de atrair um número suficiente de compradores e vendedores para criar uma rede de mercado vibrante e sustentável, garantindo liquidez e transações frequentes.","O MVP deve incluir um protótipo funcional do marketplace online, com um processo de inspeção e entrega simplificado para um pequeno grupo de usuários. A equipe deve monitorar a adesão de compradores e vendedores, bem como a satisfação com os serviços de inspeção e entrega.","```json
{
  ""analise_coerencia_problema_solucao"": ""A proposta de valor atende a uma necessidade real no mercado de facilitar a transação de veículos seminovos entre particulares, oferecendo serviços de inspeção e entrega domiciliar que reduzem riscos e incertezas para os compradores e vendedores. A solução proposta é coerente com o problema identificado, pois oferece uma alternativa mais segura e conveniente em relação às opções existentes."",
  ""analise_viabilidade_economica_canais"": ""O modelo de monetização baseado em comissões sobre a venda dos veículos e receitas acessórias é viável, considerando a estrutura de custos concentrada em serviços de inspeção, entrega e suporte administrativo. Os canais de acesso ao cliente são bem definidos, com foco em marketing digital e parcerias com plataformas de classificados."",
  ""premissa_salto_de_fe_lofa"": ""A premissa crítica é a capacidade de atrair um número suficiente de compradores e vendedores para criar uma rede de mercado vibrante e sustentável, garantindo liquidez e transações frequentes."",
  ""experimento_mvp_prioritario"": ""O MVP deve incluir um protótipo funcional do marketplace online, com um processo de inspeção e entrega simplificado para um pequeno grupo de usuários. A equipe deve monitorar a adesão de compradores e vendedores, bem como a satisfação com os serviços de inspeção e entrega."",
  ""decisao_lean"": ""Avançar para MVP""
}
```"
S01,Airbnb,Marketplace peer-to-peer de hospedagem residencial e curta temporada,2008,,TravelTech Marketplace,"Marketplace peer-to-peer (P2P) bilateral que conecta proprietários de residências com acomodações disponíveis a viajantes. O modelo de receita baseia-se em comissões sobre transações confirmadas, com taxa percentual cobrada do hóspede (6% a 12%) e taxa de serviço descontada do anfitrião (3%). A plataforma opera sem propriedade de imóveis, utilizando catálogo digital na web com sistema mútuo de avaliações e perfis de usuários.",Ativa,,N/A - Empresa Sobrevivente,,"Cancelamento em massa de reservas e paralisação global do turismo em 2020 durante a pandemia de Covid-19, levando à redução de 25% do quadro de funcionários e à captação de US$ 1,0 bilhão em dívida emergencial para preservação de liquidez antes do IPO.",Crise de mercado / Sobrevivência financeira,2020,"A equipe fundadora é multidisciplinar, reunindo profissionais com formação em design industrial e engenharia de software com experiência em desenvolvimento de sistemas web. No ano da análise (2008), o mercado de hospedagem turística é concentrado em redes hoteleiras e plataformas de classificados de imóveis sem processamento integrado de pagamentos ou garantia de reservas.",https://www.sequoiacap.com/companies/airbnb/;https://hbr.org/2021/05/how-airbnb-survived-the-pandemic;https://www.slideshare.net/slideshow/airbnb-first-pitch-deck-editable/45768374;https://en.wikipedia.org/wiki/Airbnb;https://www.crunchbase.com/organization/airbnb,Avançar para MVP,A premissa crítica é a capacidade de atrair e manter um número suficiente de anfitriões e hóspedes para criar uma rede vibrante e sustentável no marketplace.,O MVP deve incluir a criação de um protótipo funcional da plataforma com um pequeno número de listagens de imóveis e hóspedes para testar a aderência do modelo de negócio e a experiência do usuário.,"```json
{
  ""analise_coerencia_problema_solucao"": ""A proposta de valor atende a uma necessidade real no mercado de hospedagem turística, oferecendo uma alternativa mais flexível e econômica aos serviços tradicionais de hotéis e plataformas de classificados. A solução proposta é coerente com o problema identificado, pois resolve a falta de uma plataforma integrada para hospedagem residencial."",
  ""analise_viabilidade_economica_canais"": ""O modelo de monetização baseado em comissões sobre transações é viável, considerando as taxas de serviço e comissões estabelecidas. A plataforma digital permite a escalabilidade e a redução de custos operacionais, com foco em canais de marketing digital para alcançar o público-alvo."",
  ""premissa_salto_de_fe_lofa"": ""A premissa crítica é a capacidade de atrair e manter um número suficiente de anfitriões e hóspedes para criar uma rede vibrante e sustentável no marketplace."",
  ""experimento_mvp_prioritario"": ""O MVP deve incluir a criação de um protótipo funcional da plataforma com um pequeno número de listagens de imóveis e hóspedes para testar a aderência do modelo de negócio e a experiência do usuário."",
  ""decisao_lean"": ""Avançar para MVP""
}
```",Avançar para MVP,"A premissa crítica é a capacidade da plataforma em atrair e manter um número significativo de usuários ativos, tanto anfitriões quanto hóspedes, para garantir uma taxa de conversão de transações que sustente o modelo de receita baseado em comissões.","O MVP deve incluir a criação de um protótipo funcional da plataforma web com capacidade de cadastro de usuários, listagem de acomodações, sistema de avaliações e processamento de pagamentos seguro. É essencial testar a aderência do público-alvo e a taxa de conversão de transações.","{
  ""analise_coerencia_problema_solucao"": ""A proposta de valor do marketplace P2P para hospedagem residencial atende a uma necessidade real de viajantes em busca de opções econômicas e flexíveis de acomodação, além de proprietários que desejam monetizar suas residências vazias. A solução proposta é coerente com o problema identificado, oferecendo uma alternativa ao mercado tradicional de hospedagem."",
  ""analise_viabilidade_economica_canais"": ""O modelo de receita baseado em comissões sobre transações é coerente com o modelo de negócio, pois gera receita sem necessidade de investimento em ativos tangíveis. No entanto, a viabilidade econômica depende da capacidade de atrair e manter um número suficiente de usuários ativos para garantir uma taxa de conversão de transações."",
  ""premissa_salto_de_fe_lofa"": ""A premissa crítica é a capacidade da plataforma em atrair e manter um número significativo de usuários ativos, tanto anfitriões quanto hóspedes, para garantir uma taxa de conversão de transações que sustente o modelo de receita baseado em comissões."",
  ""experimento_mvp_prioritario"": ""O MVP deve incluir a criação de um protótipo funcional da plataforma web com capacidade de cadastro de usuários, listagem de acomodações, sistema de avaliações e processamento de pagamentos seguro. É essencial testar a aderência do público-alvo e a taxa de conversão de transações."",
  ""decisao_lean"": ""Avançar para MVP""
}",Avançar para MVP,A premissa crítica é a capacidade de atrair e manter uma base de usuários ativos suficiente para sustentar o modelo de comissões e garantir a escalabilidade da plataforma.,"Desenvolver um MVP com funcionalidades básicas de listagem de imóveis, sistema de avaliações e integração de pagamento seguro para testar a aderência do mercado e a viabilidade econômica.","{
  ""analise_coerencia_problema_solucao"": ""A proposta de valor do marketplace P2P para hospedagem residencial atende a uma necessidade emergente de flexibilidade e custo-benefício para viajantes, além de oferecer uma fonte de renda adicional para proprietários de imóveis. A solução proposta é coerente com o problema identificado, pois oferece uma alternativa ao mercado tradicional de hospedagem."",
  ""analise_viabilidade_economica_canais"": ""O modelo de monetização baseado em comissões sobre transações parece viável, considerando as taxas de serviço e comissões estabelecidas. No entanto, a viabilidade depende da capacidade de atrair e manter uma base de usuários ativos, bem como da integração de sistemas de pagamento e garantia de reservas."",
  ""premissa_salto_de_fe_lofa"": ""A premissa crítica é a capacidade de atrair e manter uma base de usuários ativos suficiente para sustentar o modelo de comissões e garantir a escalabilidade da plataforma."",
  ""experimento_mvp_prioritario"": ""Desenvolver um MVP com funcionalidades básicas de listagem de imóveis, sistema de avaliações e integração de pagamento seguro para testar a aderência do mercado e a viabilidade econômica."",
  ""decisao_lean"": ""Avançar para MVP""
}",Avançar para MVP,"A premissa crítica é a adesão de proprietários de residências e viajantes à plataforma, garantindo volume de transações suficiente para sustentar as comissões e gerar receita.","Desenvolver um MVP com funcionalidades básicas de cadastro, listagem de imóveis, sistema de avaliações e processamento de pagamentos seguro para testar a adesão de usuários e viabilidade econômica.","```json
{
  ""analise_coerencia_problema_solucao"": ""O problema identificado é a falta de uma plataforma confiável e integrada para hospedagem residencial, que é coerente com a solução proposta de um marketplace P2P com avaliações e garantia de reservas."",
  ""analise_viabilidade_economica_canais"": ""A modelagem econômica é viável, com comissões sobre transações que geram receita sem necessidade de investimento em ativos físicos. O modelo de canais de aquisição e monetização é lógico e alinhado com o mercado emergente de hospedagem."",
  ""premissa_salto_de_fe_lofa"": ""A premissa crítica é a adesão de proprietários de residências e viajantes à plataforma, garantindo volume de transações suficiente para sustentar as comissões e gerar receita."",
  ""experimento_mvp_prioritario"": ""Desenvolver um MVP com funcionalidades básicas de cadastro, listagem de imóveis, sistema de avaliações e processamento de pagamentos seguro para testar a adesão de usuários e viabilidade econômica."",
  ""decisao_lean"": ""Avançar para MVP""
}
```",Avançar para MVP,A premissa crítica é a capacidade da plataforma em atrair e manter uma base de usuários suficiente para garantir uma taxa de transação sustentável e gerar receita.,"Desenvolver um MVP com funcionalidades básicas de cadastro, listagem de imóveis, sistema de avaliações e processamento de pagamentos integrado. Testar a aderência dos usuários e a taxa de conversão de reservas.","```json
{
  ""analise_coerencia_problema_solucao"": ""A proposta de valor do marketplace P2P para hospedagem residencial atende a uma necessidade real de viajantes em busca de opções econômicas e flexíveis de acomodação, além de proprietários que desejam monetizar suas residências vazias. A solução proposta é coerente com o problema identificado, oferecendo uma alternativa ao mercado tradicional de hospedagem."",
  ""analise_viabilidade_economica_canais"": ""O modelo de monetização baseado em comissões sobre transações é viável, considerando as taxas cobradas do hóspede e do anfitrião. No entanto, a plataforma deve garantir a integração de sistemas de pagamento e mecanismos de garantia de reservas para atrair usuários."",
  ""premissa_salto_de_fe_lofa"": ""A premissa crítica é a capacidade da plataforma em atrair e manter uma base de usuários suficiente para garantir uma taxa de transação sustentável e gerar receita."",
  ""experimento_mvp_prioritario"": ""Desenvolver um MVP com funcionalidades básicas de cadastro, listagem de imóveis, sistema de avaliações e processamento de pagamentos integrado. Testar a aderência dos usuários e a taxa de conversão de reservas."",
  ""decisao_lean"": ""Avançar para MVP""
}
```",Avançar para MVP,A capacidade de construir uma comunidade confiável e escalável de proprietários e hóspedes que utilizem a plataforma regularmente.,"Desenvolver um MVP com funcionalidades básicas de listagem e reserva de imóveis, sistema de avaliações e integração de pagamento seguro. Testar a aderência do mercado com foco em validação de taxas de comissão e uso de canais de marketing para atrair usuários.","{
  ""analise_coerencia_problema_solucao"": ""A proposta de valor atende a uma necessidade emergente de flexibilidade e economia na hospedagem para viajantes, alinhada com a crescente demanda por experiências locais autênticas. A solução P2P oferece uma alternativa inovadora ao modelo tradicional de hospedagem, conectando diretamente proprietários e hóspedes."",
  ""analise_viabilidade_economica_canais"": ""O modelo de monetização é viável, com taxas de comissão que podem gerar receita significativa a partir de transações de hospedagem. No entanto, a viabilidade depende da capacidade de atrair e reter usuários em ambas as pontas do mercado, bem como da integração de sistemas de pagamento e garantia de reservas."",
  ""premissa_salto_de_fe_lofa"": ""A capacidade de construir uma comunidade confiável e escalável de proprietários e hóspedes que utilizem a plataforma regularmente."",
  ""experimento_mvp_prioritario"": ""Desenvolver um MVP com funcionalidades básicas de listagem e reserva de imóveis, sistema de avaliações e integração de pagamento seguro. Testar a aderência do mercado com foco em validação de taxas de comissão e uso de canais de marketing para atrair usuários."",
  ""decisao_lean"": ""Avançar para MVP""
}",Avançar para MVP,"A premissa crítica é a capacidade de construir uma comunidade confiável de anfitriões e hóspedes, garantindo avaliações e transações seguras.",O MVP deve incluir um protótipo funcional da plataforma com um pequeno número de listagens de imóveis e hóspedes para testar a viabilidade da solução e a aderência ao problema.,"{
  ""analise_coerencia_problema_solucao"": ""O problema identificado é a falta de uma plataforma confiável e integrada para reservas de hospedagem residencial, que é uma dor real para viajantes e proprietários de imóveis. A solução proposta, um marketplace peer-to-peer, atende a essa necessidade ao oferecer uma plataforma segura e conveniente para transações."",
  ""analise_viabilidade_economica_canais"": ""O modelo de monetização baseado em comissões sobre transações é viável, dado que o custo operacional é baixo (sem propriedade de imóveis) e o potencial de escala é significativo. Os canais de aquisição do cliente, como marketing digital e parcerias estratégicas, são coerentes com o modelo proposto."",
  ""premissa_salto_de_fe_lofa"": ""A premissa crítica é a capacidade de construir uma comunidade confiável de anfitriões e hóspedes, garantindo avaliações e transações seguras."",
  ""experimento_mvp_prioritario"": ""O MVP deve incluir um protótipo funcional da plataforma com um pequeno número de listagens de imóveis e hóspedes para testar a viabilidade da solução e a aderência ao problema."",
  ""decisao_lean"": ""Avançar para MVP""
}",Avançar para MVP,"A premissa crítica é a capacidade de atrair e manter tanto anfitriões quanto hóspedes na plataforma, garantindo um fluxo constante de transações para sustentar a receita baseada em comissões.",O MVP deve incluir um protótipo funcional da plataforma com um pequeno número de anúncios de acomodações e hóspedes para testar a viabilidade do modelo de negócio e a experiência do usuário. É essencial incluir um sistema de pagamento seguro e uma política de avaliação robusta.,"{
  ""analise_coerencia_problema_solucao"": ""A proposta de valor do marketplace P2P para hospedagem residencial atende a uma necessidade real de viajantes que buscam opções flexíveis e econômicas além dos tradicionais hotéis. A solução proposta alinha-se com o problema identificado, oferecendo uma alternativa que preenche uma lacuna no mercado de hospedagem."",
  ""analise_viabilidade_economica_canais"": ""O modelo de monetização baseado em comissões sobre transações é viável, com taxas que não parecem desproporcionais comparadas com outras plataformas de reserva. A integração de um sistema de avaliações e garantia de reservas pode atrair usuários, mas a implementação de um processo de pagamento seguro e confiável é crucial para a viabilidade."",
  ""premissa_salto_de_fe_lofa"": ""A premissa crítica é a capacidade de atrair e manter tanto anfitriões quanto hóspedes na plataforma, garantindo um fluxo constante de transações para sustentar a receita baseada em comissões."",
  ""experimento_mvp_prioritario"": ""O MVP deve incluir um protótipo funcional da plataforma com um pequeno número de anúncios de acomodações e hóspedes para testar a viabilidade do modelo de negócio e a experiência do usuário. É essencial incluir um sistema de pagamento seguro e uma política de avaliação robusta."",
  ""decisao_lean"": ""Avançar para MVP""
}"
S02,Uber,Plataforma de despacho e solicitação de transporte individual de passageiros via aplicativo móvel,2009,,Mobility / Marketplace,"Marketplace bilateral de mobilidade urbana que conecta passageiros a motoristas parceiros por meio de aplicativo móvel com geolocalização por GPS e despacho automatizado. O modelo de receita baseia-se na retenção de uma taxa de serviço percentual (take-rate entre 20% e 25%) sobre o valor bruto de cada corrida concluída. A estrutura de custos abrange o desenvolvimento e manutenção da infraestrutura de software, processamento de pagamentos digitais, aquisição e credenciamento de motoristas parceiros e despesas com suporte operacional aos usuários.",Ativa,,N/A - Empresa Sobrevivente,,"Renúncia do cofundador e diretor executivo Travis Kalanick em junho de 2017 após pressão formal de acionistas institucionais, sucedida por reestruturação da governança corporativa e investigações de conformidade regulatória antes do IPO.",Problema regulatório ou legal,2017,"A equipe fundadora é composta por empreendedores com histórico prévio de desenvolvimento de sistemas distribuídos na web e fundação de empresas de base tecnológica. No ano da análise (2009), o transporte individual urbano de passageiros é operado por frotas concessionadas de táxis municipais com tarifas reguladas e serviços privados de veículos executivos agendados previamente por telefone, em um cenário de lançamento recente dos primeiros smartphones com receptores GPS integrados.",https://techcrunch.com/2010/10/15/ubercab-closes-uber-angel-round/;https://www.sec.gov/Archives/edgar/data/1543151/000119312519103850/d647752ds1.htm;https://www.uber.com/newsroom/history/;https://en.wikipedia.org/wiki/Uber;https://en.wikipedia.org/wiki/Travis_Kalanick,Avançar para MVP,"A premissa crítica é a aceitação e adoção massiva do aplicativo pelos motoristas e passageiros, garantindo uma base crítica de usuários para sustentar a economia do marketplace.","Desenvolver um MVP com funcionalidades básicas de geolocalização, despacho e pagamento, e realizar testes com um grupo limitado de motoristas e passageiros para validar a aderência e a viabilidade da solução.","```json
{
  ""analise_coerencia_problema_solucao"": ""A proposta de valor atende a uma necessidade real de mobilidade urbana mais conveniente e eficiente, alinhando-se logicamente com a solução de um marketplace de transporte individual via aplicativo móvel. A geolocalização e o despacho automatizado resolvem a dor do cliente de encontrar e contratar serviços de transporte de maneira rápida e conveniente."",
  ""analise_viabilidade_economica_canais"": ""O modelo de monetização baseado em take-rate é viável e coerente com a estrutura de custos, que inclui desenvolvimento de software, processamento de pagamentos e aquisição de motoristas. Os canais de acesso ao cliente, como smartphones com GPS, estão alinhados com a tendência de adoção de tecnologia móvel no mercado."",
  ""premissa_salto_de_fe_lofa"": ""A premissa crítica é a aceitação e adoção massiva do aplicativo pelos motoristas e passageiros, garantindo uma base crítica de usuários para sustentar a economia do marketplace."",
  ""experimento_mvp_prioritario"": ""Desenvolver um MVP com funcionalidades básicas de geolocalização, despacho e pagamento, e realizar testes com um grupo limitado de motoristas e passageiros para validar a aderência e a viabilidade da solução."",
  ""decisao_lean"": ""Avançar para MVP""
}
```",Avançar para MVP,"A premissa crítica é a capacidade de atrair e reter motoristas parceiros em um modelo de negócio baseado em comissões, garantindo a disponibilidade e qualidade do serviço aos passageiros.","O MVP deve incluir a criação de um aplicativo piloto com funcionalidades básicas de geolocalização, despacho e pagamento, seguido de uma campanha de aquisição de motoristas e passageiros em uma cidade pequena para testar a aderência do modelo.","{
  ""analise_coerencia_problema_solucao"": ""O problema do cliente é claramente identificado: a necessidade de um serviço de transporte individual mais conveniente e flexível. A solução proposta, um marketplace de mobilidade urbana via aplicativo móvel, é coerente com a identificação do problema e visa atender a demanda por uma experiência de transporte mais personalizada e eficiente."",
  ""analise_viabilidade_economica_canais"": ""O modelo de receita baseado em take-rate é lógico e viável, considerando a estrutura de custos envolvendo desenvolvimento de software, processamento de pagamentos e aquisição de motoristas. A monetização através de uma taxa sobre o valor das corridas é uma prática comum em marketplaces de mobilidade."",
  ""premissa_salto_de_fe_lofa"": ""A premissa crítica é a capacidade de atrair e reter motoristas parceiros em um modelo de negócio baseado em comissões, garantindo a disponibilidade e qualidade do serviço aos passageiros."",
  ""experimento_mvp_prioritario"": ""O MVP deve incluir a criação de um aplicativo piloto com funcionalidades básicas de geolocalização, despacho e pagamento, seguido de uma campanha de aquisição de motoristas e passageiros em uma cidade pequena para testar a aderência do modelo."",
  ""decisao_lean"": ""Avançar para MVP""
}",Avançar para MVP,A adesão de motoristas parceiros e a aceitação dos passageiros à nova plataforma de transporte individual via aplicativo móvel.,"Desenvolver um MVP com funcionalidades básicas de geolocalização, despacho de corridas e processamento de pagamentos, focando inicialmente em uma região urbana com alta densidade de smartphones e testando com um grupo limitado de motoristas e passageiros.","```json
{
  ""analise_coerencia_problema_solucao"": ""A proposta de valor atende a uma necessidade real de mobilidade urbana mais conveniente e eficiente, alinhando-se com a crescente adoção de smartphones com GPS. A solução de marketplace de transporte individual via aplicativo móvel é coerente com o problema identificado."",
  ""analise_viabilidade_economica_canais"": ""O modelo de monetização baseado em taxa de serviço sobre corridas concluídas é viável, considerando os custos operacionais de desenvolvimento de software, processamento de pagamentos e suporte aos usuários. Os canais de acesso ao cliente, como publicidade digital e parcerias com empresas de tecnologia, são adequados para o mercado em expansão de smartphones."",
  ""premissa_salto_de_fe_lofa"": ""A adesão de motoristas parceiros e a aceitação dos passageiros à nova plataforma de transporte individual via aplicativo móvel."",
  ""experimento_mvp_prioritario"": ""Desenvolver um MVP com funcionalidades básicas de geolocalização, despacho de corridas e processamento de pagamentos, focando inicialmente em uma região urbana com alta densidade de smartphones e testando com um grupo limitado de motoristas e passageiros."",
  ""decisao_lean"": ""Avançar para MVP""
}
```",Avançar para MVP,"A premissa crítica é a aceitação e adoção massiva do aplicativo pelos passageiros e motoristas, bem como a capacidade de escalar a plataforma sem comprometer a qualidade do serviço e a satisfação do cliente.","Desenvolver um MVP que permita a conexão entre passageiros e motoristas em uma área geográfica limitada, com foco em testar a funcionalidade da plataforma, a experiência do usuário e a viabilidade do modelo de negócio.","```json
{
  ""analise_coerencia_problema_solucao"": ""A proposta de valor alinha-se logicamente com o problema identificado, oferecendo uma solução inovadora para a mobilidade urbana através de um marketplace digital que conecta passageiros e motoristas, reduzindo a necessidade de serviços tradicionais como táxis e veículos executivos agendados por telefone."",
  ""analise_viabilidade_economica_canais"": ""O modelo de monetização baseado em taxa de serviço sobre o valor das corridas é viável, considerando os custos operacionais associados ao desenvolvimento e manutenção da plataforma, processamento de pagamentos e aquisição de motoristas. A estrutura de canais de acesso ao cliente é coerente, com foco em smartphones com GPS, que estavam sendo lançados no mercado."",
  ""premissa_salto_de_fe_lofa"": ""A premissa crítica é a aceitação e adoção massiva do aplicativo pelos passageiros e motoristas, bem como a capacidade de escalar a plataforma sem comprometer a qualidade do serviço e a satisfação do cliente."",
  ""experimento_mvp_prioritario"": ""Desenvolver um MVP que permita a conexão entre passageiros e motoristas em uma área geográfica limitada, com foco em testar a funcionalidade da plataforma, a experiência do usuário e a viabilidade do modelo de negócio."",
  ""decisao_lean"": ""Avançar para MVP""
}
```",Avançar para MVP,"A premissa crítica é a adesão de motoristas e passageiros à plataforma, garantindo uma base crítica de usuários para sustentar a economia do marketplace.","Desenvolver um MVP com funcionalidades básicas de geolocalização e despacho de corridas, focando inicialmente em uma região urbana com alta densidade de usuários de smartphones.","```json
{
  ""analise_coerencia_problema_solucao"": ""A proposta de valor alinha-se logicamente ao problema do cliente, oferecendo uma solução inovadora para a mobilidade urbana em um momento de transição tecnológica. A plataforma conecta passageiros e motoristas de forma eficiente, superando as limitações dos táxis tradicionais e serviços de veículos executivos."",
  ""analise_viabilidade_economica_canais"": ""O modelo de monetização baseado em taxa de serviço sobre o valor das corridas é viável, com custos operacionais que podem ser gerenciados através da infraestrutura de software e processamento de pagamentos. A aquisição de motoristas e passageiros pode ser realizada através de marketing digital e parcerias estratégicas."",
  ""premissa_salto_de_fe_lofa"": ""A premissa crítica é a adesão de motoristas e passageiros à plataforma, garantindo uma base crítica de usuários para sustentar a economia do marketplace."",
  ""experimento_mvp_prioritario"": ""Desenvolver um MVP com funcionalidades básicas de geolocalização e despacho de corridas, focando inicialmente em uma região urbana com alta densidade de usuários de smartphones."",
  ""decisao_lean"": ""Avançar para MVP""
}
```",Avançar para MVP,A capacidade de atrair e reter motoristas parceiros em um modelo de comissão é crítica para a sustentabilidade do negócio.,"Desenvolver um MVP com funcionalidades básicas de geolocalização, despacho e pagamento, testando-o com um grupo de motoristas e passageiros em uma cidade piloto.","```json
{
  ""analise_coerencia_problema_solucao"": ""A proposta de valor atende a uma necessidade real de mobilidade urbana mais conveniente e eficiente, alinhando-se com o crescimento da adoção de smartphones com GPS. A solução apresenta uma abordagem inovadora para o mercado, conectando passageiros e motoristas de forma automatizada via aplicativo."",
  ""analise_viabilidade_economica_canais"": ""O modelo de monetização baseado em take-rate é viável, com custos operacionais que podem ser escalados com a adoção do aplicativo. A aquisição de motoristas e passageiros via marketing digital e parcerias estratégicas pode ser eficiente."",
  ""premissa_salto_de_fe_lofa"": ""A capacidade de atrair e reter motoristas parceiros em um modelo de comissão é crítica para a sustentabilidade do negócio."",
  ""experimento_mvp_prioritario"": ""Desenvolver um MVP com funcionalidades básicas de geolocalização, despacho e pagamento, testando-o com um grupo de motoristas e passageiros em uma cidade piloto."",
  ""decisao_lean"": ""Avançar para MVP""
}
```",Avançar para MVP,"A premissa crítica é a aceitação inicial do aplicativo pelos motoristas e passageiros, considerando a novidade da tecnologia e a mudança de comportamento necessária.","Desenvolver um MVP com funcionalidades básicas de geolocalização e despacho, testando-o em uma cidade com alta densidade populacional e oferecendo incentivos para a adesão inicial de motoristas e passageiros.","{
  ""analise_coerencia_problema_solucao"": ""A proposta de valor atende a uma necessidade real no mercado de 2009, onde a mobilidade urbana era limitada a táxis e veículos privados agendados por telefone. A solução oferece uma alternativa mais conveniente e escalável através de um aplicativo móvel com geolocalização."",
  ""analise_viabilidade_economica_canais"": ""O modelo de monetização é viável, com uma taxa de serviço que pode gerar receita significativa a partir de uma base de usuários em crescimento. Os canais de aquisição de motoristas e passageiros são claros e alinhados com a estratégia de marketing."",
  ""premissa_salto_de_fe_lofa"": ""A premissa crítica é a aceitação inicial do aplicativo pelos motoristas e passageiros, considerando a novidade da tecnologia e a mudança de comportamento necessária."",
  ""experimento_mvp_prioritario"": ""Desenvolver um MVP com funcionalidades básicas de geolocalização e despacho, testando-o em uma cidade com alta densidade populacional e oferecendo incentivos para a adesão inicial de motoristas e passageiros."",
  ""decisao_lean"": ""Avançar para MVP""
}",Avançar para MVP,"A premissa crítica é a capacidade de atrair e reter motoristas parceiros em um mercado competitivo, garantindo a disponibilidade e qualidade do serviço para os passageiros.","O MVP deve incluir a criação de um aplicativo mínimo funcional para motoristas e passageiros, com capacidade de despacho e pagamento eletrônico. É essencial testar a aderência e satisfação dos primeiros usuários para validar a viabilidade da proposta.","```json
{
  ""analise_coerencia_problema_solucao"": ""A proposta de valor atende a uma necessidade real de mobilidade urbana mais conveniente e eficiente, alinhando-se com a crescente popularização de smartphones com GPS. A solução proposta conecta passageiros a motoristas por meio de um aplicativo, oferecendo uma alternativa mais flexível e acessível aos serviços tradicionais de táxi e veículos executivos."",
  ""analise_viabilidade_economica_canais"": ""A estrutura de custos é coerente com a proposta de monetização, que retém uma taxa de serviço sobre cada corrida concluída. O modelo de receita é viável, uma vez que a plataforma pode escalar rapidamente com a redução de custos fixos e a ampliação da base de usuários."",
  ""premissa_salto_de_fe_lofa"": ""A premissa crítica é a capacidade de atrair e reter motoristas parceiros em um mercado competitivo, garantindo a disponibilidade e qualidade do serviço para os passageiros."",
  ""experimento_mvp_prioritario"": ""O MVP deve incluir a criação de um aplicativo mínimo funcional para motoristas e passageiros, com capacidade de despacho e pagamento eletrônico. É essencial testar a aderência e satisfação dos primeiros usuários para validar a viabilidade da proposta."",
  ""decisao_lean"": ""Avançar para MVP""
}
```"
S03,Nubank,Instituição de pagamentos digital emissora de cartões de crédito via aplicativo móvel,2013,,FinTech / Digital Banking,"Instituição financeira e de pagamentos digital sem agências físicas, operando a emissão e o gerenciamento de cartões de crédito pós-pagos exclusivamente por aplicativo móvel. O modelo de receita apoia-se na taxa de intercâmbio (interchange fee percentual repassada pela bandeira em cada transação de compra liquidada nos estabelecimentos comerciais) e na cobrança de juros e encargos sobre o financiamento de faturas rotativas e parcelamentos de faturas. A estrutura de custos concentra despesas em captação de recursos e linhas de crédito para financiamento do contas a receber, taxas de processamento e bandeiramento de cartões, desenvolvimento de infraestrutura de software em nuvem e provisões para perdas com inadimplência.",Ativa,,N/A - Empresa Sobrevivente,,"Elevação acentuada da taxa básica de juros e da inflação no Brasil entre 2021 e 2022, resultando no aumento dos índices de inadimplência da carteira de crédito e na elevação das provisões para perdas operacionais no período imediatamente posterior à oferta pública inicial de ações (IPO).",Problema de preço ou custo,2022,"A equipe fundadora é multidisciplinar, reunindo executivos com formação em engenharia e gestão de negócios com histórico prévio no mercado de investimentos e consultoria estratégica, uma profissional com experiência no setor financeiro e de meios de pagamento, e um engenheiro de software especializado em infraestrutura tecnológica. No ano da análise (2013), o setor bancário no país apresenta elevada concentração de ativos em poucas instituições financeiras tradicionais que operam por meio de agências físicas com cobrança generalizada de tarifas e anuidades, em um momento de expansão da cobertura de smartphones e conexões de internet móvel 3G.",https://www.sequoiacap.com/companies/nubank/;https://www.sec.gov/Archives/edgar/data/1691493/000119312521314903/d89049df1.htm;https://international.nubank.com.br/about/;https://en.wikipedia.org/wiki/Nubank;https://en.wikipedia.org/wiki/David_V%C3%A9lez,Avançar para MVP,"A premissa crítica é a capacidade de captar e reter clientes em um mercado altamente competitivo, onde as instituições tradicionais têm forte penetração e a confiança do público é um fator crucial.","Desenvolver um MVP que ofereça um aplicativo básico para emissão e gerenciamento de cartões de crédito, com foco inicial em um público-alvo de usuários tecnológicos e antecipar a adesão e a retenção de clientes.","```json
{
  ""analise_coerencia_problema_solucao"": ""A proposta de valor atende a uma dor real do mercado, oferecendo uma alternativa mais conveniente e potencialmente mais econômica para a emissão e gerenciamento de cartões de crédito, especialmente para usuários frequentes de smartphones e aplicativos financeiros."",
  ""analise_viabilidade_economica_canais"": ""A monetização baseada em taxa de intercâmbio e juros é viável, com potencial de escala, desde que a estrutura de custos seja eficiente e a captação de clientes seja bem-sucedida através de canais digitais."",
  ""premissa_salto_de_fe_lofa"": ""A premissa crítica é a capacidade de captar e reter clientes em um mercado altamente competitivo, onde as instituições tradicionais têm forte penetração e a confiança do público é um fator crucial."",
  ""experimento_mvp_prioritario"": ""Desenvolver um MVP que ofereça um aplicativo básico para emissão e gerenciamento de cartões de crédito, com foco inicial em um público-alvo de usuários tecnológicos e antecipar a adesão e a retenção de clientes."",
  ""decisao_lean"": ""Avançar para MVP""
}
```",Avançar para MVP,"A premissa crítica é a capacidade de captar recursos e gerir efetivamente o risco de inadimplência, bem como a aderência do público-alvo à nova modalidade de serviços financeiros via aplicativo.","Desenvolver um MVP com funcionalidades básicas de gerenciamento de cartões e transações, focando em um público-alvo inicial de usuários de smartphones e oferecendo uma experiência de usuário intuitiva e segura.","{
  ""analise_coerencia_problema_solucao"": ""A proposta de valor atende a uma necessidade real no mercado de 2013, onde a cobrança de tarifas e anuidades era generalizada e a cobertura de smartphones e conexões de internet móvel estava em expansão, oferecendo uma alternativa mais conveniente e potencialmente mais econômica para os clientes."",
  ""analise_viabilidade_economica_canais"": ""O modelo de receita baseado em taxa de intercâmbio e juros é coerente com a estrutura de custos, que inclui captação de recursos, processamento de cartões, desenvolvimento de software e provisionamento para inadimplência. Os canais de aquisição e monetização são viáveis, considerando a expansão da infraestrutura móvel na época."",
  ""premissa_salto_de_fe_lofa"": ""A premissa crítica é a capacidade de captar recursos e gerir efetivamente o risco de inadimplência, bem como a aderência do público-alvo à nova modalidade de serviços financeiros via aplicativo."",
  ""experimento_mvp_prioritario"": ""Desenvolver um MVP com funcionalidades básicas de gerenciamento de cartões e transações, focando em um público-alvo inicial de usuários de smartphones e oferecendo uma experiência de usuário intuitiva e segura."",
  ""decisao_lean"": ""Avançar para MVP""
}",Avançar para MVP,"A premissa crítica mais arriscada é a capacidade de captar recursos e gerir o risco de inadimplência, bem como a aderência do cliente à nova experiência digital sem agências físicas.","Desenvolver um MVP com um aplicativo móvel básico para emissão e gerenciamento de cartões de crédito, focando inicialmente em um público-alvo de usuários de smartphones e testando a aderência e a viabilidade econômica.","{
  ""analise_coerencia_problema_solucao"": ""A proposta de valor ataca uma dor real do mercado bancário tradicional, que é a cobrança excessiva de tarifas e anuidades, oferecendo uma alternativa digital sem agências físicas e com emissão de cartões de crédito via aplicativo móvel, alinhando-se com a crescente adoção de smartphones e conexões de internet móvel."",
  ""analise_viabilidade_economica_canais"": ""O modelo de receita baseado em taxa de intercâmbio e juros é viável, considerando a estrutura de custos concentrada em captação de recursos, processamento de cartões e desenvolvimento de infraestrutura de software em nuvem. Os canais de acesso ao cliente são bem definidos e alinhados com a tendência de digitalização."",
  ""premissa_salto_de_fe_lofa"": ""A premissa crítica mais arriscada é a capacidade de captar recursos e gerir o risco de inadimplência, bem como a aderência do cliente à nova experiência digital sem agências físicas."",
  ""experimento_mvp_prioritario"": ""Desenvolver um MVP com um aplicativo móvel básico para emissão e gerenciamento de cartões de crédito, focando inicialmente em um público-alvo de usuários de smartphones e testando a aderência e a viabilidade econômica."",
  ""decisao_lean"": ""Avançar para MVP""
}",Avançar para MVP,A capacidade de captar recursos e gerenciar riscos de inadimplência de forma eficiente é a premissa crítica para sustentar o modelo de negócio.,"Desenvolver um MVP que permita a emissão de cartões virtuais e a realização de transações básicas, com foco inicial em um público-alvo de consumidores que buscam conveniência e redução de custos associados a serviços bancários tradicionais.","```json
{
  ""analise_coerencia_problema_solucao"": ""A proposta de valor atende a uma necessidade real no mercado, oferecendo um serviço de cartões de crédito digital sem a necessidade de agências físicas, o que pode ser atraente para consumidores que buscam conveniência e redução de custos."",
  ""analise_viabilidade_economica_canais"": ""O modelo de monetização baseado em taxa de intercâmbio e juros é viável, com custos operacionais concentrados em desenvolvimento de software e captação de recursos. No entanto, a estrutura de custos iniciais pode ser significativa, especialmente com a necessidade de investimento em infraestrutura tecnológica robusta e em sistemas de prevenção à fraude."",
  ""premissa_salto_de_fe_lofa"": ""A capacidade de captar recursos e gerenciar riscos de inadimplência de forma eficiente é a premissa crítica para sustentar o modelo de negócio."",
  ""experimento_mvp_prioritario"": ""Desenvolver um MVP que permita a emissão de cartões virtuais e a realização de transações básicas, com foco inicial em um público-alvo de consumidores que buscam conveniência e redução de custos associados a serviços bancários tradicionais."",
  ""decisao_lean"": ""Avançar para MVP""
}
```",Avançar para MVP,"A premissa crítica é a capacidade de captar recursos e gerenciar riscos de inadimplência de forma eficiente, sem a necessidade de agências físicas.","Desenvolver um MVP com uma funcionalidade básica de emissão e gerenciamento de cartões de crédito via aplicativo, testando a adesão de usuários e a viabilidade econômica.","```json
{
  ""analise_coerencia_problema_solucao"": ""A proposta de valor atende a uma dor real do mercado, oferecendo uma alternativa mais conveniente e potencialmente mais econômica para a emissão e gerenciamento de cartões de crédito, sem a necessidade de agências físicas."",
  ""analise_viabilidade_economica_canais"": ""O modelo de receita é viável, baseando-se na taxa de intercâmbio e juros sobre financiamentos, com custos concentrados em infraestrutura tecnológica e captação de recursos. Os canais de aquisição e monetização são coerentes com o modelo proposto."",
  ""premissa_salto_de_fe_lofa"": ""A premissa crítica é a capacidade de captar recursos e gerenciar riscos de inadimplência de forma eficiente, sem a necessidade de agências físicas."",
  ""experimento_mvp_prioritario"": ""Desenvolver um MVP com uma funcionalidade básica de emissão e gerenciamento de cartões de crédito via aplicativo, testando a adesão de usuários e a viabilidade econômica."",
  ""decisao_lean"": ""Avançar para MVP""
}
```",Avançar para MVP,"A premissa crítica é a capacidade de atrair e reter clientes em um mercado altamente competitivo e regulado, com a necessidade de construir uma marca forte e confiável rapidamente.","Desenvolver um MVP com funcionalidades básicas de gerenciamento de cartões e transações, focando em um público-alvo inicial de usuários de smartphones em grandes cidades.","```json
{
  ""analise_coerencia_problema_solucao"": ""A proposta de valor atende a uma necessidade real de redução de custos e maior conveniência para o cliente, alinhada com a tendência de digitalização do setor financeiro. A solução proposta, baseada em um aplicativo móvel para emissão e gerenciamento de cartões de crédito, é coerente com o problema identificado."",
  ""analise_viabilidade_economica_canais"": ""O modelo de receita baseado em taxa de intercâmbio e juros parece viável, considerando a estrutura de custos concentrada em desenvolvimento de software e captação de recursos. Os canais de acesso ao cliente, via aplicativo móvel, são adequados para o momento de expansão da cobertura de smartphones."",
  ""premissa_salto_de_fe_lofa"": ""A premissa crítica é a capacidade de atrair e reter clientes em um mercado altamente competitivo e regulado, com a necessidade de construir uma marca forte e confiável rapidamente."",
  ""experimento_mvp_prioritario"": ""Desenvolver um MVP com funcionalidades básicas de gerenciamento de cartões e transações, focando em um público-alvo inicial de usuários de smartphones em grandes cidades."",
  ""decisao_lean"": ""Avançar para MVP""
}
```",Avançar para MVP,"A premissa crítica é a aceitação do modelo de negócio por parte dos clientes e a capacidade de captar e gerir recursos financeiros de forma eficiente, sem a presença de agências físicas.","Desenvolver um MVP com um aplicativo piloto para emissão de cartões de crédito, focando em um segmento de mercado específico para testar a aceitação e a viabilidade operacional.","{
  ""analise_coerencia_problema_solucao"": ""O problema identificado é a alta burocracia e custos associados à emissão e manutenção de cartões de crédito em instituições tradicionais, com a solução proposta sendo a emissão e gerenciamento de cartões via aplicativo móvel, sem agências físicas, alinhando-se logicamente com a dor do cliente."",
  ""analise_viabilidade_economica_canais"": ""O modelo de receita baseado em taxa de intercâmbio e juros é viável, com canais de captação de clientes via aplicativo móvel e internet, alinhados com a estrutura de custos focada em tecnologia e processamento de cartões."",
  ""premissa_salto_de_fe_lofa"": ""A premissa crítica é a aceitação do modelo de negócio por parte dos clientes e a capacidade de captar e gerir recursos financeiros de forma eficiente, sem a presença de agências físicas."",
  ""experimento_mvp_prioritario"": ""Desenvolver um MVP com um aplicativo piloto para emissão de cartões de crédito, focando em um segmento de mercado específico para testar a aceitação e a viabilidade operacional."",
  ""decisao_lean"": ""Avançar para MVP""
}",Avançar para MVP,A capacidade de captar e gerir recursos para financiar contas a receber e cobrir perdas com inadimplência sem a necessidade de agências físicas e sem tarifas bancárias.,Desenvolver um MVP com funcionalidades básicas de gerenciamento de cartões de crédito e realizar testes com um grupo restrito de usuários para validar a aderência do produto ao mercado e ajustar a experiência do usuário.,"```json
{
  ""analise_coerencia_problema_solucao"": ""A proposta de valor atende a uma dor real do mercado, oferecendo um serviço de cartões de crédito digital que elimina a necessidade de agências físicas e reduz custos para o cliente, alinhando-se com a crescente adesão a smartphones e conexões de internet móvel."",
  ""analise_viabilidade_economica_canais"": ""O modelo de receita baseado em taxa de intercâmbio e juros é viável, com custos operacionais concentrados em desenvolvimento de software e infraestrutura de nuvem, mas a sustentabilidade depende de uma base de clientes suficiente para gerar fluxo de caixa positivo."",
  ""premissa_salto_de_fe_lofa"": ""A capacidade de captar e gerir recursos para financiar contas a receber e cobrir perdas com inadimplência sem a necessidade de agências físicas e sem tarifas bancárias."",
  ""experimento_mvp_prioritario"": ""Desenvolver um MVP com funcionalidades básicas de gerenciamento de cartões de crédito e realizar testes com um grupo restrito de usuários para validar a aderência do produto ao mercado e ajustar a experiência do usuário."",
  ""decisao_lean"": ""Avançar para MVP""
}
```"
S04,Stripe,Plataforma de infraestrutura de processamento de pagamentos digitais via interface de programação,2010,,FinTech B2B,"Plataforma de software para processamento e liquidação de pagamentos em comércio eletrônico via interface de programação de aplicações (API). O modelo de receita baseia-se na retenção de uma comissão fixa combinada a uma tarifa percentual sobre cada transação financeira autorizada e liquidada (tipicamente 2,9% mais US$ 0,30 por operação de cartão de crédito). A estrutura de custos engloba taxas de intercâmbio pagas a bancos emissores e bandeiras de cartão, tarifas de liquidação financeira a bancos parceiros adquirentes, manutenção de servidores em nuvem e provisões para cobertura de perdas operacionais com estornos e contestações (chargebacks).",Ativa,,N/A - Empresa Sobrevivente,,"Desaceleração do comércio eletrônico global e aperto na política monetária em 2022, levando à redução de 14% do quadro de funcionários (aproximadamente 1.000 colaboradores) e ajuste de quase 30% no valuation da companhia em rodadas privadas subsequentes.",Fim do caixa,2022,"A equipe fundadora é composta por empreendedores com formação técnica em ciências exatas e matemática, com experiência prévia no desenvolvimento e monetização de softwares para comércio eletrônico na web. No ano da análise (2010), a integração de pagamentos por cartão de crédito na internet demanda a abertura manual de contas comerciais junto a instituições financeiras e adquirentes tradicionais por processos burocráticos que levam semanas, em um mercado atendido por gateways legados que redirecionam o usuário para fora do website.",https://www.ycombinator.com/companies/stripe;https://www.sequoiacap.com/companies/stripe/;https://en.wikipedia.org/wiki/Stripe_(company);https://en.wikipedia.org/wiki/Patrick_Collison;https://en.wikipedia.org/wiki/John_Collison,Avançar para MVP,"A capacidade da plataforma de processar transações com alta segurança e eficiência, evitando perdas significativas com chargebacks e contestações.","Desenvolver um MVP com uma API básica para processamento de pagamentos, testando com um pequeno grupo de empresas B2B para validar a funcionalidade e a aceitação do modelo de negócio.","```json
{
  ""analise_coerencia_problema_solucao"": ""A proposta de valor atende a uma necessidade real do mercado, simplificando a integração de pagamentos digitais para empresas, reduzindo a burocracia e o tempo de implementação de soluções de pagamento."",
  ""analise_viabilidade_economica_canais"": ""O modelo de receita é viável, com tarifas de comissão e transação que cobrem os custos operacionais, incluindo taxas de intercâmbio e liquidação financeira. O canal de distribuição via API é eficiente para atender a demanda de empresas B2B."",
  ""premissa_salto_de_fe_lofa"": ""A capacidade da plataforma de processar transações com alta segurança e eficiência, evitando perdas significativas com chargebacks e contestações."",
  ""experimento_mvp_prioritario"": ""Desenvolver um MVP com uma API básica para processamento de pagamentos, testando com um pequeno grupo de empresas B2B para validar a funcionalidade e a aceitação do modelo de negócio."",
  ""decisao_lean"": ""Avançar para MVP""
}
```",Avançar para MVP,"A premissa crítica é a capacidade da plataforma de processar transações financeiras de forma segura e eficiente, cumprindo todas as regulamentações e requisitos de segurança exigidos pelo setor financeiro.","O MVP deve incluir a implementação de uma versão inicial da plataforma com funcionalidades básicas de processamento de pagamentos e integração via API, além de um sistema de cobrança simplificado. A plataforma deve ser testada com um pequeno grupo de clientes para validar a aceitação do produto e ajustar o modelo de negócio conforme necessário.","{
  ""analise_coerencia_problema_solucao"": ""A proposta de valor atende a uma necessidade real no mercado de 2010, onde a integração de pagamentos por cartão de crédito era um processo burocrático e demorado. A solução oferecida pela plataforma de processamento de pagamentos via API resolve efetivamente essa dor do cliente, permitindo uma integração mais rápida e eficiente."",
  ""analise_viabilidade_economica_canais"": ""A estrutura de custos e receitas é coerente com o modelo proposto, onde a plataforma retém uma comissão fixa e uma tarifa percentual sobre cada transação, cobrindo as taxas de intercâmbio, tarifas de liquidação e custos operacionais. Os canais de acesso ao cliente são viáveis, uma vez que a plataforma oferece uma solução tecnológica que atende a demanda do mercado."",
  ""premissa_salto_de_fe_lofa"": ""A premissa crítica é a capacidade da plataforma de processar transações financeiras de forma segura e eficiente, cumprindo todas as regulamentações e requisitos de segurança exigidos pelo setor financeiro."",
  ""experimento_mvp_prioritario"": ""O MVP deve incluir a implementação de uma versão inicial da plataforma com funcionalidades básicas de processamento de pagamentos e integração via API, além de um sistema de cobrança simplificado. A plataforma deve ser testada com um pequeno grupo de clientes para validar a aceitação do produto e ajustar o modelo de negócio conforme necessário."",
  ""decisao_lean"": ""Avançar para MVP""
}",Avançar para MVP,"A premissa crítica é a adesão de uma base crítica de clientes que aceitem integrar a plataforma de processamento de pagamentos via API, superando a resistência à mudança de gateways legados e a burocracia associada à integração manual de pagamentos.","O MVP deve incluir a criação de uma versão inicial da plataforma de processamento de pagamentos via API, com integração de pelo menos um gateway de pagamento existente e a implementação de um sistema de cobrança baseado em comissões fixas e tarifas percentuais. O MVP deve ser testado com um pequeno grupo de clientes beta para validar a aderência à solução e a viabilidade econômica.","{
  ""analise_coerencia_problema_solucao"": ""A proposta de valor atende a uma necessidade real do mercado, pois a integração manual e burocrática de pagamentos por cartão de crédito na internet é um problema significativo para empresas de comércio eletrônico. A solução oferecida, uma plataforma de infraestrutura de processamento de pagamentos via API, resolve efetivamente essa dor do cliente."",
  ""analise_viabilidade_economica_canais"": ""O modelo de receita baseado em comissões fixas e tarifas percentuais sobre cada transação é viável, dado que os custos operacionais (taxas de intercâmbio, tarifas de liquidação, manutenção de servidores em nuvem e provisões para chargebacks) são estruturados de forma a permitir uma margem lucrativa com o crescimento da base de usuários. Os canais de acesso ao cliente são bem definidos, com a plataforma sendo integrada diretamente às aplicações dos clientes via API."",
  ""premissa_salto_de_fe_lofa"": ""A premissa crítica é a adesão de uma base crítica de clientes que aceitem integrar a plataforma de processamento de pagamentos via API, superando a resistência à mudança de gateways legados e a burocracia associada à integração manual de pagamentos."",
  ""experimento_mvp_prioritario"": ""O MVP deve incluir a criação de uma versão inicial da plataforma de processamento de pagamentos via API, com integração de pelo menos um gateway de pagamento existente e a implementação de um sistema de cobrança baseado em comissões fixas e tarifas percentuais. O MVP deve ser testado com um pequeno grupo de clientes beta para validar a aderência à solução e a viabilidade econômica."",
  ""decisao_lean"": ""Avançar para MVP""
}",Avançar para MVP,A capacidade da plataforma em lidar com volumes crescentes de transações sem comprometer a segurança e a eficiência do processamento de pagamentos.,Desenvolver um MVP com funcionalidades básicas de processamento de pagamentos e integrar com um pequeno conjunto de clientes para testar a viabilidade técnica e comercial.,"{
  ""analise_coerencia_problema_solucao"": ""A proposta de valor atende a uma necessidade real do mercado, oferecendo uma solução mais eficiente e rápida para a integração de pagamentos digitais, aliviando a burocracia e o tempo de espera associados a processos tradicionais."",
  ""analise_viabilidade_economica_canais"": ""O modelo de receita é sustentável, com uma estrutura de custos que permite margens razoáveis após a cobrança de tarifas e comissões sobre cada transação. A plataforma de API permite uma integração flexível com diversos clientes, mas requer investimento inicial em infraestrutura de servidores e parcerias com bancos."",
  ""premissa_salto_de_fe_lofa"": ""A capacidade da plataforma em lidar com volumes crescentes de transações sem comprometer a segurança e a eficiência do processamento de pagamentos."",
  ""experimento_mvp_prioritario"": ""Desenvolver um MVP com funcionalidades básicas de processamento de pagamentos e integrar com um pequeno conjunto de clientes para testar a viabilidade técnica e comercial."",
  ""decisao_lean"": ""Avançar para MVP""
}",Avançar para MVP,"A premissa crítica é a capacidade da plataforma de atrair e reter clientes em um mercado competitivo e altamente regulado, mantendo uma economia unitária viável.",Desenvolver uma versão inicial da plataforma com funcionalidades básicas de processamento de pagamentos e realizar testes com um pequeno grupo de empresas de comércio eletrônico para validar a proposta de valor.,"```json
{
  ""analise_coerencia_problema_solucao"": ""A proposta de valor atende a uma necessidade real no mercado de 2010, onde a integração de pagamentos por cartão de crédito era um processo burocrático e demorado. A plataforma de infraestrutura de processamento de pagamentos via API resolve efetivamente essa dor do cliente."",
  ""analise_viabilidade_economica_canais"": ""O modelo de monetização é coerente com os custos previstos e os canais de acesso ao cliente, uma vez que a plataforma reduz significativamente a burocracia e o tempo de integração de pagamentos para empresas de comércio eletrônico."",
  ""premissa_salto_de_fe_lofa"": ""A premissa crítica é a capacidade da plataforma de atrair e reter clientes em um mercado competitivo e altamente regulado, mantendo uma economia unitária viável."",
  ""experimento_mvp_prioritario"": ""Desenvolver uma versão inicial da plataforma com funcionalidades básicas de processamento de pagamentos e realizar testes com um pequeno grupo de empresas de comércio eletrônico para validar a proposta de valor."",
  ""decisao_lean"": ""Avançar para MVP""
}
```",Avançar para MVP,"A premissa crítica é a capacidade da plataforma de processar transações de forma segura e eficiente, mantendo taxas competitivas que atraem e retêm clientes em um mercado altamente regulado e competitivo.",O MVP deve ser um protótipo funcional da plataforma de processamento de pagamentos que permite a integração via API e a realização de transações simuladas. A equipe deve testar a aderência do produto com os requisitos dos desenvolvedores de e-commerce e a capacidade de processar transações de forma segura e eficiente.,"```json
{
  ""analise_coerencia_problema_solucao"": ""A proposta de valor atende a uma necessidade real no mercado de 2010, onde a integração de pagamentos por cartão de crédito era um processo burocrático e demorado. A plataforma de infraestrutura de processamento de pagamentos via API resolve eficientemente essa dor do cliente, permitindo a integração rápida e segura de pagamentos no e-commerce."",
  ""analise_viabilidade_economica_canais"": ""O modelo de receita baseado em comissões fixas e tarifas percentuais sobre cada transação é viável, considerando os custos operacionais de taxas de intercâmbio, tarifas de liquidação e manutenção de servidores em nuvem. Os canais de acesso ao cliente são bem definidos, com a plataforma sendo integrada diretamente por desenvolvedores de e-commerce."",
  ""premissa_salto_de_fe_lofa"": ""A premissa crítica é a capacidade da plataforma de processar transações de forma segura e eficiente, mantendo taxas competitivas que atraem e retêm clientes em um mercado altamente regulado e competitivo."",
  ""experimento_mvp_prioritario"": ""O MVP deve ser um protótipo funcional da plataforma de processamento de pagamentos que permite a integração via API e a realização de transações simuladas. A equipe deve testar a aderência do produto com os requisitos dos desenvolvedores de e-commerce e a capacidade de processar transações de forma segura e eficiente."",
  ""decisao_lean"": ""Avançar para MVP""
}
```",Avançar para MVP,"A premissa crítica é a capacidade da plataforma de atrair e reter clientes em um mercado altamente competitivo, mantendo uma taxa de comissão sustentável e gerenciando efetivamente os riscos associados a chargebacks e fraudes.","O MVP deve incluir a implementação de uma API básica para processamento de pagamentos, com foco em uma base de clientes inicial para testar a aderência ao modelo de negócio e a viabilidade técnica.","{
  ""analise_coerencia_problema_solucao"": ""A proposta de valor atende a uma necessidade real do mercado, simplificando a integração de pagamentos digitais e reduzindo a burocracia associada a processos tradicionais. A solução oferecida alinha-se diretamente com o problema identificado, proporcionando uma experiência mais fluida e eficiente para os clientes."",
  ""analise_viabilidade_economica_canais"": ""O modelo de receita é viável, com uma estrutura de custos que pode ser gerenciada de forma a garantir margens lucrativas. A plataforma pode ser escalada com eficiência, uma vez que os custos variáveis são relativamente baixos em comparação com a receita gerada por transação."",
  ""premissa_salto_de_fe_lofa"": ""A premissa crítica é a capacidade da plataforma de atrair e reter clientes em um mercado altamente competitivo, mantendo uma taxa de comissão sustentável e gerenciando efetivamente os riscos associados a chargebacks e fraudes."",
  ""experimento_mvp_prioritario"": ""O MVP deve incluir a implementação de uma API básica para processamento de pagamentos, com foco em uma base de clientes inicial para testar a aderência ao modelo de negócio e a viabilidade técnica."",
  ""decisao_lean"": ""Avançar para MVP""
}",Avançar para MVP,"A premissa crítica é a aceitação do modelo de plataforma de API pelos desenvolvedores e empresas de comércio eletrônico, bem como a capacidade da plataforma de lidar com volumes crescentes de transações sem interrupções.","Desenvolver um MVP que ofereça uma interface de API simplificada para processamento de pagamentos, permitindo que algumas empresas de comércio eletrônico integrem rapidamente a solução e avaliem a experiência de uso.","```json
{
  ""analise_coerencia_problema_solucao"": ""A proposta de valor atende a uma dor real do mercado, que é a necessidade de uma integração de pagamentos mais rápida e eficiente para empresas de comércio eletrônico. A solução proposta, uma plataforma de processamento de pagamentos via API, resolve o problema de forma inovadora, eliminando a burocracia e acelerando o tempo de integração."",
  ""analise_viabilidade_economica_canais"": ""O modelo de receita baseado em comissões fixas e percentuais sobre transações parece viável, considerando os custos operacionais de taxas de intercâmbio, tarifas de liquidação e manutenção de servidores. No entanto, é necessário um estudo mais detalhado para confirmar a sustentabilidade econômica a longo prazo."",
  ""premissa_salto_de_fe_lofa"": ""A premissa crítica é a aceitação do modelo de plataforma de API pelos desenvolvedores e empresas de comércio eletrônico, bem como a capacidade da plataforma de lidar com volumes crescentes de transações sem interrupções."",
  ""experimento_mvp_prioritario"": ""Desenvolver um MVP que ofereça uma interface de API simplificada para processamento de pagamentos, permitindo que algumas empresas de comércio eletrônico integrem rapidamente a solução e avaliem a experiência de uso."",
  ""decisao_lean"": ""Avançar para MVP""
}
```"
S05,Slack,Plataforma de colaboração em equipe e comunicação corporativa em nuvem,2009,,SaaS B2B,"Plataforma de software como serviço (SaaS) voltada à comunicação corporativa e compartilhamento de arquivos em canais temáticos organizados por equipes de trabalho. O modelo de receita baseia-se em assinaturas recorrentes com tarifação mensal por usuário ativo, adotando uma camada gratuita de entrada com limites de histórico de busca e integrações de aplicativos, a partir da qual equipes contratam planos pagos para recursos corporativos e retenção irrestrita de dados. A estrutura de custos compreende o desenvolvimento contínuo de aplicações web e móveis, armazenamento e infraestrutura de servidores em nuvem, suporte operacional e iniciativas de marketing de produto.",Ativa,,N/A - Empresa Sobrevivente,,"Anúncio de aquisição da empresa pela Salesforce em dezembro de 2020 por US$ 27,7 bilhões, em meio à intensificação da concorrência com o Microsoft Teams, que distribuía seu serviço integrado ao pacote de produtividade corporativa Office 365.",Concorrência predatória,2020,"A equipe fundadora é formada por profissionais com experiência no desenvolvimento de arquiteturas web em larga escala, sistemas distribuídos em nuvem e aplicações interativas de alta densidade de usuários. No ano da análise (2009), a comunicação interna em empresas é dominada pelo correio eletrônico corporativo e ferramentas legadas de mensagens instantâneas locais, desprovidas de indexação unificada de arquivos e integração nativa com ferramentas e serviços em nuvem.",https://techcrunch.com/2014/02/12/slack-exits-beta/;https://www.sec.gov/Archives/edgar/data/1764925/000162828019005230/slacks-1.htm;https://en.wikipedia.org/wiki/Slack_Technologies;https://en.wikipedia.org/wiki/Stewart_Butterfield,Avançar para MVP,"A premissa crítica é que a plataforma SaaS ofereça uma experiência de comunicação e colaboração significativamente melhor do que as alternativas existentes, atraindo e retraindo equipes corporativas.","Desenvolver um MVP com funcionalidades básicas de comunicação e colaboração, incluindo chat, compartilhamento de arquivos e integração com serviços populares em nuvem, para testar a adesão inicial e feedback dos usuários.","```json
{
  ""analise_coerencia_problema_solucao"": ""A proposta de valor atende a uma necessidade real de integração e colaboração em ambientes corporativos, oferecendo uma solução superior às ferramentas existentes em 2009, como e-mail e mensageiros locais."",
  ""analise_viabilidade_economica_canais"": ""O modelo de monetização é viável, com uma camada gratuita que atrai usuários e uma versão paga que oferece recursos adicionais para retenção e crescimento. Os custos de desenvolvimento e manutenção de uma plataforma SaaS são gerenciáveis com receitas recorrentes."",
  ""premissa_salto_de_fe_lofa"": ""A premissa crítica é que a plataforma SaaS ofereça uma experiência de comunicação e colaboração significativamente melhor do que as alternativas existentes, atraindo e retraindo equipes corporativas."",
  ""experimento_mvp_prioritario"": ""Desenvolver um MVP com funcionalidades básicas de comunicação e colaboração, incluindo chat, compartilhamento de arquivos e integração com serviços populares em nuvem, para testar a adesão inicial e feedback dos usuários."",
  ""decisao_lean"": ""Avançar para MVP""
}
```",Avançar para MVP,"A premissa crítica é a capacidade de atrair e reter equipes corporativas para adotar a plataforma, superando a resistência à mudança e a competição de soluções existentes e emergentes.","Desenvolver um MVP com funcionalidades básicas de comunicação e colaboração em nuvem, incluindo integrações com serviços populares, e testá-lo com equipes de pequenas e médias empresas para validar a proposta de valor e a viabilidade econômica.","{
  ""analise_coerencia_problema_solucao"": ""A proposta de valor atende a uma necessidade real de integração e colaboração em nuvem para equipes corporativas, superando limitações de ferramentas existentes como o correio eletrônico e mensageiros locais. A solução é coerente com o problema identificado."",
  ""analise_viabilidade_economica_canais"": ""O modelo de receita baseado em assinaturas mensais por usuário é viável, considerando a estrutura de custos e a adoção de uma camada gratuita para atrair usuários e posteriormente converter em assinantes pagos. Os canais de aquisição e monetização são consistentes com o mercado-alvo."",
  ""premissa_salto_de_fe_lofa"": ""A premissa crítica é a capacidade de atrair e reter equipes corporativas para adotar a plataforma, superando a resistência à mudança e a competição de soluções existentes e emergentes."",
  ""experimento_mvp_prioritario"": ""Desenvolver um MVP com funcionalidades básicas de comunicação e colaboração em nuvem, incluindo integrações com serviços populares, e testá-lo com equipes de pequenas e médias empresas para validar a proposta de valor e a viabilidade econômica."",
  ""decisao_lean"": ""Avançar para MVP""
}",Avançar para MVP,A adesão de equipes corporativas ao modelo de assinatura recorrente e a retenção de usuários ao longo do tempo.,"Desenvolver um MVP com funcionalidades básicas de comunicação e colaboração em equipe, incluindo integração com serviços de nuvem populares, e testá-lo com um grupo de empresas de pequeno porte.","{
  ""analise_coerencia_problema_solucao"": ""A proposta de valor atende a uma necessidade real de integração e colaboração em equipe em um contexto onde as ferramentas existentes são limitadas e não abrangem as demandas modernas de comunicação e compartilhamento de arquivos em nuvem."",
  ""analise_viabilidade_economica_canais"": ""O modelo de monetização baseado em assinaturas mensais por usuário é viável, considerando os custos operacionais de desenvolvimento e manutenção de uma plataforma SaaS, além da infraestrutura de nuvem necessária. A camada gratuita de entrada pode atrair usuários para o plano pago, gerando receita recorrente."",
  ""premissa_salto_de_fe_lofa"": ""A adesão de equipes corporativas ao modelo de assinatura recorrente e a retenção de usuários ao longo do tempo."",
  ""experimento_mvp_prioritario"": ""Desenvolver um MVP com funcionalidades básicas de comunicação e colaboração em equipe, incluindo integração com serviços de nuvem populares, e testá-lo com um grupo de empresas de pequeno porte."",
  ""decisao_lean"": ""Avançar para MVP""
}",Avançar para MVP,"A capacidade de atrair e reter equipes corporativas para adotar a plataforma em larga escala, superando as barreiras de adopção de ferramentas legadas e oferecendo uma solução superior em termos de funcionalidades e integração.","Desenvolver um MVP com funcionalidades básicas de comunicação e colaboração em equipe, incluindo integração com serviços de nuvem, e testá-lo com um pequeno grupo de equipes corporativas para validar a proposta de valor e ajustar o produto.","```json
{
  ""analise_coerencia_problema_solucao"": ""A proposta de valor atende a uma necessidade real de comunicação e colaboração em equipe em ambientes corporativos, onde ferramentas legadas e desfragmentadas não oferecem a integração e funcionalidades avançadas de nuvem necessárias."",
  ""analise_viabilidade_economica_canais"": ""O modelo de receita baseado em assinaturas mensais por usuário ativo é coerente com a proposta de valor e a estrutura de custos, que se sustentam com o desenvolvimento contínuo e a infraestrutura em nuvem."",
  ""premissa_salto_de_fe_lofa"": ""A capacidade de atrair e reter equipes corporativas para adotar a plataforma em larga escala, superando as barreiras de adopção de ferramentas legadas e oferecendo uma solução superior em termos de funcionalidades e integração."",
  ""experimento_mvp_prioritario"": ""Desenvolver um MVP com funcionalidades básicas de comunicação e colaboração em equipe, incluindo integração com serviços de nuvem, e testá-lo com um pequeno grupo de equipes corporativas para validar a proposta de valor e ajustar o produto."",
  ""decisao_lean"": ""Avançar para MVP""
}
```",Avançar para MVP,A capacidade de atração e retenção de usuários suficientes para sustentar o modelo de assinaturas recorrentes.,"Desenvolver um MVP com funcionalidades básicas de comunicação e colaboração, lançar em um segmento de mercado-alvo e monitorar a adesão e retenção de usuários.","```json
{
  ""analise_coerencia_problema_solucao"": ""A proposta de valor atende a uma necessidade real de melhorar a comunicação e colaboração em equipes corporativas, substituindo ferramentas obsoletas por uma plataforma moderna e integrada."",
  ""analise_viabilidade_economica_canais"": ""O modelo de receita baseado em assinaturas mensais por usuário é viável, com custos operacionais gerenciáveis e escaláveis em nuvem, e canais de aquisição que incluem marketing de produto e referências."",
  ""premissa_salto_de_fe_lofa"": ""A capacidade de atração e retenção de usuários suficientes para sustentar o modelo de assinaturas recorrentes."",
  ""experimento_mvp_prioritario"": ""Desenvolver um MVP com funcionalidades básicas de comunicação e colaboração, lançar em um segmento de mercado-alvo e monitorar a adesão e retenção de usuários."",
  ""decisao_lean"": ""Avançar para MVP""
}
```",Avançar para MVP,"A premissa crítica é a capacidade de atração e retenção de usuários na camada gratuita para escalonar para planos pagos, garantindo uma economia unitária viável.","Desenvolver um MVP com funcionalidades básicas de comunicação e colaboração em equipe, incluindo integração com serviços de nuvem populares, e realizar testes com equipes de empresas para validar a aderência à dor do cliente e a viabilidade econômica.","```json
{
  ""analise_coerencia_problema_solucao"": ""A proposta de valor atende a uma necessidade real de integração e colaboração em equipe em um ambiente corporativo, onde as ferramentas existentes são limitadas e não oferecem a mesma funcionalidade e escalabilidade da proposta de plataforma SaaS."",
  ""analise_viabilidade_economica_canais"": ""O modelo de monetização por assinaturas mensais com uma camada gratuita é coerente com o mercado e permite a aquisição inicial de usuários através de canais digitais e marketing de conteúdo. Os custos previstos são compatíveis com a receita esperada, considerando a escalabilidade da infraestrutura em nuvem."",
  ""premissa_salto_de_fe_lofa"": ""A premissa crítica é a capacidade de atração e retenção de usuários na camada gratuita para escalonar para planos pagos, garantindo uma economia unitária viável."",
  ""experimento_mvp_prioritario"": ""Desenvolver um MVP com funcionalidades básicas de comunicação e colaboração em equipe, incluindo integração com serviços de nuvem populares, e realizar testes com equipes de empresas para validar a aderência à dor do cliente e a viabilidade econômica."",
  ""decisao_lean"": ""Avançar para MVP""
}
```",Avançar para MVP,"A premissa crítica é que a plataforma SaaS será adotada por equipes corporativas como uma solução superior às ferramentas de comunicação existentes, oferecendo uma experiência de integração e colaboração significativamente melhor.","O MVP deve incluir uma versão básica da plataforma com funcionalidades essenciais de comunicação e compartilhamento de arquivos, além de integrações com serviços em nuvem populares. O experimento deve focar em validar a adoção e a satisfação dos usuários, bem como a viabilidade da monetização através de assinaturas recorrentes.","{
  ""analise_coerencia_problema_solucao"": ""A proposta de valor atende a uma dor real e prioritária no mercado de 2009, onde as ferramentas de comunicação corporativa eram limitadas e não integradas com serviços em nuvem. A plataforma SaaS oferece uma solução inovadora para indexação unificada de arquivos e integração nativa com ferramentas em nuvem, alinhando-se logicamente ao problema identificado."",
  ""analise_viabilidade_economica_canais"": ""O modelo de monetização baseado em assinaturas recorrentes mensais por usuário ativo é viável, considerando os custos previstos com desenvolvimento, armazenamento em nuvem e suporte operacional. A camada gratuita de entrada com limites de busca e integrações de aplicativos ajuda a atrair usuários e a versão paga oferece recursos corporativos adicionais para retenção e monetização."",
  ""premissa_salto_de_fe_lofa"": ""A premissa crítica é que a plataforma SaaS será adotada por equipes corporativas como uma solução superior às ferramentas de comunicação existentes, oferecendo uma experiência de integração e colaboração significativamente melhor."",
  ""experimento_mvp_prioritario"": ""O MVP deve incluir uma versão básica da plataforma com funcionalidades essenciais de comunicação e compartilhamento de arquivos, além de integrações com serviços em nuvem populares. O experimento deve focar em validar a adoção e a satisfação dos usuários, bem como a viabilidade da monetização através de assinaturas recorrentes."",
  ""decisao_lean"": ""Avançar para MVP""
}",Avançar para MVP,"A premissa crítica é a capacidade de atração e retenção de usuários em larga escala, garantindo que a plataforma seja adotada como ferramenta essencial de comunicação e colaboração corporativa.","Desenvolver um MVP com funcionalidades básicas de comunicação e compartilhamento de arquivos, testando a aderência ao problema do cliente e a viabilidade de escalonamento.","```json
{
  ""analise_coerencia_problema_solucao"": ""A proposta de valor atende a uma necessidade real de integração e colaboração em equipe, oferecendo uma solução superior às ferramentas existentes no mercado em 2009, como o correio eletrônico e mensageiros locais."",
  ""analise_viabilidade_economica_canais"": ""O modelo de monetização por assinaturas mensais e a camada gratuita de entrada são coerentes com o ciclo de vida do cliente e a estrutura de custos, permitindo escalabilidade e retenção de usuários."",
  ""premissa_salto_de_fe_lofa"": ""A premissa crítica é a capacidade de atração e retenção de usuários em larga escala, garantindo que a plataforma seja adotada como ferramenta essencial de comunicação e colaboração corporativa."",
  ""experimento_mvp_prioritario"": ""Desenvolver um MVP com funcionalidades básicas de comunicação e compartilhamento de arquivos, testando a aderência ao problema do cliente e a viabilidade de escalonamento."",
  ""decisao_lean"": ""Avançar para MVP""
}
```"
S06,Mercado Livre,Marketplace online de comércio eletrônico e leilões virtuais C2C e B2C,1999,,E-commerce / Marketplace,"Marketplace online bilateral para compra e venda de produtos novos e usados entre pessoas físicas e pequenos comerciantes (C2C e B2C) em modelo de leilões e preço fixo. O modelo de receita apoia-se na cobrança de tarifas de anúncio (taxa de listagem paga para posicionamento destacado) e em comissões percentuais incidentes sobre as vendas concretizadas na plataforma. A estrutura de custos compreende o desenvolvimento e hospedagem de servidores web, suporte ao cliente, iniciativas de atração de tráfego de usuários e provisões para mediação de disputas operacionais entre compradores e vendedores.",Ativa,,N/A - Empresa Sobrevivente,,"Estouro da bolha das pontocom em 2000 e severa crise econômica na Argentina em 2001-2002, acarretando retração de liquidez e falência em massa de concorrentes regionais de comércio eletrônico, superada mediante corte de 50% de despesas operacionais e acordo societário de 19,5% de participação com o eBay em 2001.",Crise de mercado / Sobrevivência financeira,2001,"A equipe fundadora é liderada por um gestor com pós-graduação em administração de empresas e finanças corporativas, acompanhado por profissionais de engenharia de software e desenvolvimento web. No ano da análise (1999), a penetração de computadores e internet discada na região é restrita a menos de 3% dos domicílios, com comércio de bens de consumo operando quase que exclusivamente no varejo físico e classificados impressos, enquanto o comércio eletrônico regional resume-se a diretórios e portais horizontais pioneiros.",https://www.sec.gov/Archives/edgar/data/1099590/000119312507111003/ds1.htm;https://en.wikipedia.org/wiki/MercadoLibre;https://en.wikipedia.org/wiki/Marcos_Galperin,Reprovação por Showstopper (Descarte),"A premissa crítica é a capacidade de atrair um número suficiente de usuários e vendedores para criar um ecossistema vibrante e sustentável, dada a baixa penetração de internet em 1999.","Desenvolver um MVP com um pequeno grupo de usuários e vendedores para testar a aderência da proposta de valor e canais de aquisição de usuários, mas a baixa penetração de internet pode tornar o teste empírico impraticável.","```json
{
  ""analise_coerencia_problema_solucao"": ""A proposta de valor atende a uma necessidade emergente de facilitar a compra e venda de produtos entre consumidores e pequenos comerciantes, mas a penetração de internet e computadores é muito baixa em 1999, o que questiona a viabilidade imediata da solução."",
  ""analise_viabilidade_economica_canais"": ""O modelo de receita baseado em tarifas de anúncio e comissões sobre vendas é lógico, mas a atração de usuários em um cenário de baixa penetração de internet é um desafio significativo, com custos de aquisição de usuários potencialmente muito altos."",
  ""premissa_salto_de_fe_lofa"": ""A premissa crítica é a capacidade de atrair um número suficiente de usuários e vendedores para criar um ecossistema vibrante e sustentável, dada a baixa penetração de internet em 1999."",
  ""experimento_mvp_prioritario"": ""Desenvolver um MVP com um pequeno grupo de usuários e vendedores para testar a aderência da proposta de valor e canais de aquisição de usuários, mas a baixa penetração de internet pode tornar o teste empírico impraticável."",
  ""decisao_lean"": ""Reprovação por Showstopper (Descarte)""
}
```",Necessita Pivotagem,"A premissa crítica é a rápida adoção da internet e do comércio eletrônico pela população, sem a qual a plataforma não terá usuários suficientes para gerar receita.",O MVP deve ser um protótipo funcional do marketplace com foco em atração de usuários e testes de transações. É crucial monitorar a adesão e a satisfação dos usuários para validar a hipótese de mercado.,"{
  ""analise_coerencia_problema_solucao"": ""O problema identificado é a falta de uma plataforma eficiente para o comércio eletrônico e leilões virtuais, que é abordado com a criação de um marketplace online. A solução proposta é coerente com o problema, pois visa facilitar a interação entre compradores e vendedores."",
  ""analise_viabilidade_economica_canais"": ""O modelo de receita baseado em tarifas de anúncio e comissões sobre vendas é lógico e viável, dado o potencial de atrair usuários e gerar transações. No entanto, a penetração da internet em 1999 é extremamente baixa, o que pode comprometer a viabilidade econômica inicial."",
  ""premissa_salto_de_fe_lofa"": ""A premissa crítica é a rápida adoção da internet e do comércio eletrônico pela população, sem a qual a plataforma não terá usuários suficientes para gerar receita."",
  ""experimento_mvp_prioritario"": ""O MVP deve ser um protótipo funcional do marketplace com foco em atração de usuários e testes de transações. É crucial monitorar a adesão e a satisfação dos usuários para validar a hipótese de mercado."",
  ""decisao_lean"": ""Necessita Pivotagem""
}",Necessita Pivotagem,"A premissa crítica é a capacidade de atrair um número suficiente de usuários para criar uma rede de valor significativo e sustentável, dada a baixa penetração de internet e a falta de hábito de compra online na época.",Desenvolver um MVP com um conjunto básico de funcionalidades e realizar testes com um grupo limitado de usuários em um nicho específico para validar a aderência à proposta de valor e a viabilidade econômica.,"{
  ""analise_coerencia_problema_solucao"": ""A proposta de valor do marketplace online de leilões e vendas C2C e B2C parece atender a uma necessidade emergente de facilitar a comercialização de produtos entre consumidores e pequenos comerciantes, mas a adoção de internet ainda é muito baixa em 1999, o que pode comprometer a escala necessária para viabilizar a plataforma."",
  ""analise_viabilidade_economica_canais"": ""O modelo de receita baseado em tarifas de anúncio e comissões sobre vendas é lógico, mas a atração de usuários e a monetização em um cenário de baixa penetração de internet podem ser desafiadoras, especialmente com a concorrência de portais horizontais já estabelecidos."",
  ""premissa_salto_de_fe_lofa"": ""A premissa crítica é a capacidade de atrair um número suficiente de usuários para criar uma rede de valor significativo e sustentável, dada a baixa penetração de internet e a falta de hábito de compra online na época."",
  ""experimento_mvp_prioritario"": ""Desenvolver um MVP com um conjunto básico de funcionalidades e realizar testes com um grupo limitado de usuários em um nicho específico para validar a aderência à proposta de valor e a viabilidade econômica."",
  ""decisao_lean"": ""Necessita Pivotagem""
}",Necessita Pivotagem,A premissa crítica é a capacidade de atrair e reter usuários em um ambiente de baixa penetração de internet e conhecimento limitado sobre comércio eletrônico.,Desenvolver um MVP limitado a uma versão inicial do marketplace com foco em uma comunidade local e investir em campanhas de marketing direcionadas para educar e atrair usuários.,"```json
{
  ""analise_coerencia_problema_solucao"": ""O problema identificado é a falta de uma plataforma eficiente para transações comerciais online entre consumidores e pequenos comerciantes, e a solução proposta (marketplace com leilões e preço fixo) é coerente com a necessidade de facilitar tais transações."",
  ""analise_viabilidade_economica_canais"": ""O modelo de receita baseado em tarifas de anúncio e comissões sobre vendas é viável, contudo, a atração de usuários e a geração de tráfego em um contexto de baixa penetração de internet e conhecimento limitado sobre comércio eletrônico apresenta desafios significativos."",
  ""premissa_salto_de_fe_lofa"": ""A premissa crítica é a capacidade de atrair e reter usuários em um ambiente de baixa penetração de internet e conhecimento limitado sobre comércio eletrônico."",
  ""experimento_mvp_prioritario"": ""Desenvolver um MVP limitado a uma versão inicial do marketplace com foco em uma comunidade local e investir em campanhas de marketing direcionadas para educar e atrair usuários."",
  ""decisao_lean"": ""Necessita Pivotagem""
}
```",Necessita Pivotagem,A premissa crítica é a capacidade de atrair um número suficiente de usuários para criar um ecossistema vibrante e sustentável de compradores e vendedores em um mercado com baixa penetração de internet.,"Desenvolver um MVP com um sistema básico de listagem de produtos e leilões, focando inicialmente em uma comunidade local com baixo custo de aquisição de usuários (CAC) e testando a aderência de compradores e vendedores à plataforma.","```json
{
  ""analise_coerencia_problema_solucao"": ""A proposta de valor do marketplace online para leilões e vendas C2C e B2C é lógica e alinha-se com a dor do cliente de encontrar um canal eficiente para a compra e venda de produtos, especialmente em um cenário de baixa penetração de internet."",
  ""analise_viabilidade_economica_canais"": ""O modelo de receita baseado em tarifas de anúncio e comissões sobre vendas é viável, contudo, a atração de usuários e a monetização em um mercado com baixa penetração de internet são desafios significativos."",
  ""premissa_salto_de_fe_lofa"": ""A premissa crítica é a capacidade de atrair um número suficiente de usuários para criar um ecossistema vibrante e sustentável de compradores e vendedores em um mercado com baixa penetração de internet."",
  ""experimento_mvp_prioritario"": ""Desenvolver um MVP com um sistema básico de listagem de produtos e leilões, focando inicialmente em uma comunidade local com baixo custo de aquisição de usuários (CAC) e testando a aderência de compradores e vendedores à plataforma."",
  ""decisao_lean"": ""Necessita Pivotagem""
}
```",Necessita Pivotagem,"A premissa crítica é a capacidade de atrair usuários em um ambiente onde a internet ainda é um recurso escasso, o que é fundamental para a sustentabilidade do modelo de receita.","O MVP deve ser um protótipo funcional do marketplace com foco em testar a adesão de usuários e a viabilidade da monetização, considerando a baixa penetração da internet.","```json
{
  ""analise_coerencia_problema_solucao"": ""O problema identificado é a falta de uma plataforma eficiente para o comércio eletrônico e leilões virtuais, que é bem articulado com a solução proposta de um marketplace online. No entanto, a penetração da internet e computadores é extremamente baixa em 1999, o que questiona a viabilidade imediata da solução."",
  ""analise_viabilidade_economica_canais"": ""O modelo de receita baseado em tarifas de anúncio e comissões sobre vendas parece sólido, mas a falta de penetração da internet e a baixa adoção de tecnologia podem dificultar a atração de usuários e a monetização inicial."",
  ""premissa_salto_de_fe_lofa"": ""A premissa crítica é a capacidade de atrair usuários em um ambiente onde a internet ainda é um recurso escasso, o que é fundamental para a sustentabilidade do modelo de receita."",
  ""experimento_mvp_prioritario"": ""O MVP deve ser um protótipo funcional do marketplace com foco em testar a adesão de usuários e a viabilidade da monetização, considerando a baixa penetração da internet."",
  ""decisao_lean"": ""Necessita Pivotagem""
}
```",Necessita Pivotagem,"A premissa crítica é a capacidade de atrair e manter um número suficiente de usuários em um ambiente de internet ainda emergente, com baixa penetração e conhecimento limitado sobre comércio eletrônico.","Desenvolver um protótipo mínimo viável (MVP) para testar a adesão de usuários e a viabilidade técnica, focando inicialmente em uma comunidade local com baixo custo de aquisição de usuários.","{
  ""analise_coerencia_problema_solucao"": ""O problema identificado é a falta de uma plataforma eficiente para o comércio eletrônico e leilões virtuais, que é coerente com a proposta de valor do marketplace online. No entanto, a penetração de internet e computadores é muito baixa em 1999, o que questiona a urgência e a escala inicial do problema."",
  ""analise_viabilidade_economica_canais"": ""O modelo de receita baseado em tarifas de anúncio e comissões sobre vendas parece viável, mas a atração de tráfego de usuários e a infraestrutura tecnológica necessária para suportar um marketplace em 1999 são desafios significativos, especialmente considerando os custos operacionais."",
  ""premissa_salto_de_fe_lofa"": ""A premissa crítica é a capacidade de atrair e manter um número suficiente de usuários em um ambiente de internet ainda emergente, com baixa penetração e conhecimento limitado sobre comércio eletrônico."",
  ""experimento_mvp_prioritario"": ""Desenvolver um protótipo mínimo viável (MVP) para testar a adesão de usuários e a viabilidade técnica, focando inicialmente em uma comunidade local com baixo custo de aquisição de usuários."",
  ""decisao_lean"": ""Necessita Pivotagem""
}",Avançar para MVP,A premissa crítica é a capacidade de atrair um número significativo de usuários e gerar volume de transações suficiente para sustentar os custos operacionais e gerar receita.,"O experimento MVP deve focar na criação de uma plataforma funcional básica com funcionalidades essenciais de leilões e vendas, seguida de uma campanha de marketing direcionada para atrair usuários e testar a aderência do modelo de negócio. A análise inicial deve ser realizada com um grupo limitado de usuários para validar a hipótese de valor.","```json
{
  ""analise_coerencia_problema_solucao"": ""A proposta de valor do marketplace online de leilões e vendas C2C e B2C é coerente com o problema identificado de falta de uma plataforma eficiente para a comercialização de produtos entre consumidores e pequenos comerciantes. A solução proposta atende a uma necessidade real de intermediação de transações online, ainda que em um contexto de baixa penetração de internet."",
  ""analise_viabilidade_economica_canais"": ""O modelo de receita baseado em tarifas de anúncio e comissões sobre vendas é viável, considerando os custos operacionais de desenvolvimento e hospedagem de servidores, suporte ao cliente e atração de tráfego. No entanto, a viabilidade econômica dependerá da capacidade de atrair usuários e gerar volume de transações suficiente para cobrir custos e gerar lucratividade."",
  ""premissa_salto_de_fe_lofa"": ""A premissa crítica é a capacidade de atrair um número significativo de usuários e gerar volume de transações suficiente para sustentar os custos operacionais e gerar receita."",
  ""experimento_mvp_prioritario"": ""O experimento MVP deve focar na criação de uma plataforma funcional básica com funcionalidades essenciais de leilões e vendas, seguida de uma campanha de marketing direcionada para atrair usuários e testar a aderência do modelo de negócio. A análise inicial deve ser realizada com um grupo limitado de usuários para validar a hipótese de valor."",
  ""decisao_lean"": ""Avançar para MVP""
}
```"
S07,Canva,Plataforma de software como serviço em nuvem para criação e editoração de design gráfico,2013,,Creative SaaS,"Plataforma de software em nuvem executada diretamente no navegador web para composição de projetos gráficos, apresentações e materiais de comunicação visual por meio de interface gráfica de arrastar e soltar (drag-and-drop) e modelos pré-formatados. O modelo de receita combina a modalidade de acesso gratuito (freemium) com assinaturas recorrentes pagas (SaaS) que liberam acesso a bancos ampliados de elementos fotográficos e vetoriais, ferramentas de identidade visual e recursos de edição compartilhada em equipe, além de micropagamentos pontuais por licenças de uso de imagens avulsas. A estrutura de custos compreende o desenvolvimento contínuo de aplicações web, licenciamento de catálogos de imagens de terceiros, hospedagem em infraestrutura de nuvem e suporte operacional.",Ativa,,,,"Lançamento em 2021-2022 de ferramentas concorrentes de criação gráfica integrada por desenvolvedores de sistemas operacionais e suítes corporativas de escritório (como Adobe Express e Microsoft Designer), respondido pela expansão da plataforma para suíte visual corporativa integrada e recursos de inteligência artificial generativa",Concorrência predatória,2022,"A equipe fundadora é composta por empreendedores com experiência prévia de gestão no mercado de publicação e diagramação gráfica impressa, associados a um engenheiro de software e designer de experiência do usuário com histórico técnico em grandes plataformas de tecnologia. No ano da análise (2013), o mercado de criação gráfica e editoração é dominado por pacotes de software desktop complexos e onerosos voltados a designers profissionais, enquanto usuários comuns sem treinamento técnico dependem de ferramentas genéricas de apresentação de slides em computadores locais, em um momento de incipiência de editores visuais vetoriais nativos em navegadores web.",https://www.bbc.com/news/business-42552367;https://blackbird.vc/portfolio/canva;https://en.wikipedia.org/wiki/Canva;https://en.wikipedia.org/wiki/Melanie_Perkins;https://www.crunchbase.com/organization/canva,Avançar para MVP,"A premissa crítica é a capacidade de atrair e reter usuários pagantes através de uma experiência de usuário superior e recursos diferenciados, que superem as alternativas gratuitas e estabelecidas no mercado.","Desenvolver um MVP com funcionalidades básicas de criação e edição de designs, incluindo modelos pré-formatados e recursos de compartilhamento em equipe, e testar em um grupo de usuários alvo para coletar feedback e métricas de engajamento.","```json
{
  ""analise_coerencia_problema_solucao"": ""A proposta de valor atende a uma necessidade real de ferramentas de design gráfico mais acessíveis e intuitivas para usuários não especializados, oferecendo uma alternativa ao mercado dominado por softwares complexos e caros. A solução proposta, uma plataforma em nuvem com interface de arrastar e soltar e modelos pré-formatados, é coerente com a identificação do problema."",
  ""analise_viabilidade_economica_canais"": ""O modelo de monetização, que combina acesso gratuito com assinaturas pagas e micropagamentos, é viável e alinhado com a estratégia de canais de aquisição que incluem marketing digital e parcerias com empresas de tecnologia e design. Os custos operacionais, incluindo desenvolvimento, licenciamento e hospedagem, são gerenciáveis e compatíveis com a receita esperada."",
  ""premissa_salto_de_fe_lofa"": ""A premissa crítica é a capacidade de atrair e reter usuários pagantes através de uma experiência de usuário superior e recursos diferenciados, que superem as alternativas gratuitas e estabelecidas no mercado."",
  ""experimento_mvp_prioritario"": ""Desenvolver um MVP com funcionalidades básicas de criação e edição de designs, incluindo modelos pré-formatados e recursos de compartilhamento em equipe, e testar em um grupo de usuários alvo para coletar feedback e métricas de engajamento."",
  ""decisao_lean"": ""Avançar para MVP""
}
```",Avançar para MVP,"A premissa crítica é a capacidade de atrair e converter usuários gratuitos em assinantes pagos, bem como a sustentabilidade da estrutura de custos com base na receita gerada por assinaturas e micropagamentos.","Desenvolver um MVP com funcionalidades básicas de criação e editoração gráfica, incluindo uma versão limitada de recursos gratuitos e um modelo de assinatura básica. Testar a aderência do produto com o público-alvo e a taxa de conversão de usuários gratuitos para assinantes.","{
  ""analise_coerencia_problema_solucao"": ""O problema identificado é a falta de ferramentas intuitivas e acessíveis para criação gráfica e editoração visual, especialmente para usuários sem treinamento técnico. A solução proposta, uma plataforma SaaS com interface de arrastar e soltar e modelos pré-formatados, atende diretamente a essa necessidade, oferecendo uma alternativa mais acessível e intuitiva em comparação com os pacotes de software desktop complexos."",
  ""analise_viabilidade_economica_canais"": ""O modelo de receita combinado de acesso gratuito com assinaturas pagas e micropagamentos é coerente com a estratégia de atrair usuários através de uma versão gratuita e posteriormente converter em assinantes pagos. Os canais de aquisição podem incluir marketing digital e parcerias com comunidades de designers e criadores de conteúdo."",
  ""premissa_salto_de_fe_lofa"": ""A premissa crítica é a capacidade de atrair e converter usuários gratuitos em assinantes pagos, bem como a sustentabilidade da estrutura de custos com base na receita gerada por assinaturas e micropagamentos."",
  ""experimento_mvp_prioritario"": ""Desenvolver um MVP com funcionalidades básicas de criação e editoração gráfica, incluindo uma versão limitada de recursos gratuitos e um modelo de assinatura básica. Testar a aderência do produto com o público-alvo e a taxa de conversão de usuários gratuitos para assinantes."",
  ""decisao_lean"": ""Avançar para MVP""
}",Avançar para MVP,"A premissa crítica é a aderência do público-alvo a um modelo de assinatura recorrente para acesso a recursos premium, frente à existência de alternativas gratuitas ou de baixo custo.","Desenvolver um MVP com funcionalidades básicas de design gráfico e apresentação, incluindo um modelo de assinatura básica, para testar a aderência do público-alvo e a viabilidade econômica.","{
  ""analise_coerencia_problema_solucao"": ""A proposta de valor atende a uma necessidade real de ferramentas de design gráfico mais acessíveis e intuitivas, especialmente para usuários não especializados. A solução proposta, uma plataforma web com recursos de drag-and-drop e modelos pré-formatados, alinha-se bem com o problema identificado."",
  ""analise_viabilidade_economica_canais"": ""O modelo de monetização, que combina acesso gratuito com assinaturas pagas e micropagamentos, é coerente com o custo de desenvolvimento e a estrutura de custos. Os canais de aquisição, como marketing digital e parcerias, são viáveis para alcançar o público-alvo."",
  ""premissa_salto_de_fe_lofa"": ""A premissa crítica é a aderência do público-alvo a um modelo de assinatura recorrente para acesso a recursos premium, frente à existência de alternativas gratuitas ou de baixo custo."",
  ""experimento_mvp_prioritario"": ""Desenvolver um MVP com funcionalidades básicas de design gráfico e apresentação, incluindo um modelo de assinatura básica, para testar a aderência do público-alvo e a viabilidade econômica."",
  ""decisao_lean"": ""Avançar para MVP""
}",Avançar para MVP,"A premissa crítica é a aderência do público-alvo à proposta de valor de uma plataforma web de design gráfico, frente à competição de ferramentas desktop estabelecidas.","Desenvolver um MVP com funcionalidades básicas de arrastar e soltar, modelos pré-formatados e integração com bancos de imagens de terceiros, para testar a aderência do público e a viabilidade econômica.","{
  ""analise_coerencia_problema_solucao"": ""A proposta de valor atende a uma necessidade real de ferramentas de design gráfico mais acessíveis e intuitivas para usuários não especializados, alinhando-se com a dor do cliente de enfrentar pacotes de software complexos e onerosos."",
  ""analise_viabilidade_economica_canais"": ""O modelo de monetização é viável, combinando acesso gratuito com assinaturas pagas e micropagamentos, e os custos previstos são coerentes com a estrutura de desenvolvimento e licenciamento de conteúdo."",
  ""premissa_salto_de_fe_lofa"": ""A premissa crítica é a aderência do público-alvo à proposta de valor de uma plataforma web de design gráfico, frente à competição de ferramentas desktop estabelecidas."",
  ""experimento_mvp_prioritario"": ""Desenvolver um MVP com funcionalidades básicas de arrastar e soltar, modelos pré-formatados e integração com bancos de imagens de terceiros, para testar a aderência do público e a viabilidade econômica."",
  ""decisao_lean"": ""Avançar para MVP""
}",Avançar para MVP,A adesão de usuários suficiente para sustentar o modelo freemium e a monetização de recursos premium.,"Desenvolver uma versão inicial da plataforma com funcionalidades básicas e modelos pré-formatados, testando a adesão de usuários e a viabilidade da monetização de recursos premium.","```json
{
  ""analise_coerencia_problema_solucao"": ""A proposta de valor atende a uma necessidade real de ferramentas de design gráfico acessíveis e intuitivas para usuários não especializados, alinhando-se com o problema do mercado de ferramentas complexas e onerosas para designers profissionais e ferramentas limitadas para usuários comuns."",
  ""analise_viabilidade_economica_canais"": ""O modelo de receita combinado com o acesso gratuito e assinaturas pagas é viável, permitindo escalabilidade e monetização de recursos premium. Os canais de aquisição, como marketing digital e parcerias, são adequados para alcançar o público-alvo."",
  ""premissa_salto_de_fe_lofa"": ""A adesão de usuários suficiente para sustentar o modelo freemium e a monetização de recursos premium."",
  ""experimento_mvp_prioritario"": ""Desenvolver uma versão inicial da plataforma com funcionalidades básicas e modelos pré-formatados, testando a adesão de usuários e a viabilidade da monetização de recursos premium."",
  ""decisao_lean"": ""Avançar para MVP""
}
```",Avançar para MVP,A capacidade de atrair e reter usuários pagantes a partir de uma base inicial de usuários gratuitos.,"Desenvolver um MVP com funcionalidades básicas de arrastar e soltar, modelos pré-formatados e integração com bancos de imagens de terceiros, para testar a aderência do produto com o público-alvo e a viabilidade econômica.","{
  ""analise_coerencia_problema_solucao"": ""A proposta de valor atende a uma necessidade real de ferramentas de design gráfico mais acessíveis e intuitivas para usuários não especializados, alinhando-se ao crescimento do mercado de SaaS e da criação de conteúdo digital."",
  ""analise_viabilidade_economica_canais"": ""O modelo de receita freemium com assinaturas pagas e micropagamentos é viável, permitindo escalabilidade e monetização de diferentes segmentos de usuários. Os custos de desenvolvimento e hospedagem em nuvem são gerenciáveis com o potencial de receita."",
  ""premissa_salto_de_fe_lofa"": ""A capacidade de atrair e reter usuários pagantes a partir de uma base inicial de usuários gratuitos."",
  ""experimento_mvp_prioritario"": ""Desenvolver um MVP com funcionalidades básicas de arrastar e soltar, modelos pré-formatados e integração com bancos de imagens de terceiros, para testar a aderência do produto com o público-alvo e a viabilidade econômica."",
  ""decisao_lean"": ""Avançar para MVP""
}",Avançar para MVP,"A premissa crítica é a capacidade de atrair e reter usuários pagantes através de um modelo freemium, mantendo o equilíbrio entre recursos gratuitos e assinaturas premium.","Desenvolver um MVP com funcionalidades básicas de design e editoração, incluindo modelos pré-formatados e recursos de compartilhamento em equipe, para testar a aderência com o público-alvo e validar o modelo de monetização.","{
  ""analise_coerencia_problema_solucao"": ""A proposta de valor atende a uma necessidade real de ferramentas de design gráfico acessíveis e intuitivas para usuários não especializados, alinhando-se ao problema de complexidade e custo de pacotes de software desktop tradicionais. A solução oferecida é coerente com o problema identificado, pois visa democratizar o acesso a ferramentas de design de alta qualidade."",
  ""analise_viabilidade_economica_canais"": ""O modelo de monetização é viável, combinando acesso gratuito com assinaturas pagas e micropagamentos, permitindo escalabilidade e diversificação de receita. Os canais de aquisição, como marketing digital e parcerias, são adequados para alcançar o público-alvo."",
  ""premissa_salto_de_fe_lofa"": ""A premissa crítica é a capacidade de atrair e reter usuários pagantes através de um modelo freemium, mantendo o equilíbrio entre recursos gratuitos e assinaturas premium."",
  ""experimento_mvp_prioritario"": ""Desenvolver um MVP com funcionalidades básicas de design e editoração, incluindo modelos pré-formatados e recursos de compartilhamento em equipe, para testar a aderência com o público-alvo e validar o modelo de monetização."",
  ""decisao_lean"": ""Avançar para MVP""
}",Avançar para MVP,"A premissa crítica é a capacidade da plataforma em atrair e reter usuários comuns e profissionais, oferecendo uma experiência de design gráfico simplificada e eficiente, superando as ferramentas existentes.","O MVP deve incluir funcionalidades básicas de criação e editoração gráfica, com uma interface amigável e modelos pré-formatados. Testes com um grupo de usuários alvo podem fornecer insights sobre a aceitação e a necessidade de ajustes.","{
  ""analise_coerencia_problema_solucao"": ""A proposta de valor alinha-se logicamente ao problema identificado, oferecendo uma solução inovadora para o mercado de criação gráfica, que é dominado por ferramentas complexas e onerosas. A plataforma proposta simplifica a criação e editoração de design gráfico, tornando-a acessível a um público mais amplo."",
  ""analise_viabilidade_economica_canais"": ""O modelo de receita é viável, combinando o acesso gratuito com assinaturas pagas e micropagamentos, permitindo escalabilidade e monetização de recursos premium. Os canais de aquisição, como marketing digital e parcerias, são adequados para alcançar o público-alvo."",
  ""premissa_salto_de_fe_lofa"": ""A premissa crítica é a capacidade da plataforma em atrair e reter usuários comuns e profissionais, oferecendo uma experiência de design gráfico simplificada e eficiente, superando as ferramentas existentes."",
  ""experimento_mvp_prioritario"": ""O MVP deve incluir funcionalidades básicas de criação e editoração gráfica, com uma interface amigável e modelos pré-formatados. Testes com um grupo de usuários alvo podem fornecer insights sobre a aceitação e a necessidade de ajustes."",
  ""decisao_lean"": ""Avançar para MVP""
}"
S08,Spotify,Plataforma de streaming digital de áudio e música sob demanda,2006,,MediaTech SaaS,"Serviço de streaming digital de áudio sob demanda executado por meio de protocolo híbrido peer-to-peer e cliente-servidor para reprodução instantânea sem download prévio de faixas. O modelo de receita apoia-se na modalidade mista (freemium), combinando um nível gratuito suportado por veiculação de anúncios de áudio e display com um nível de assinatura mensal paga que oferece reprodução contínua sem publicidade e modo de escuta offline em dispositivos móveis. A estrutura de custos engloba o pagamento contínuo de royalties fonográficos e direitos de execução pública calculados como percentual fixo sobre a receita bruta transacionada repassada a gravadoras e distribuidoras, além de infraestrutura de servidores de alta velocidade, largura de banda e desenvolvimento de aplicações cliente.",Ativa,,,,Renegociações periódicas e disputa contratual com as principais gravadoras e detentores de direitos fonográficos globais em 2017-2018 para redução de repasses de royalties sobre a receita antes da listagem pública direta na Bolsa de Nova York (NYSE),Problema de preço ou custo,2017,"A equipe fundadora é composta por empreendedores com trajetória técnica prévia no desenvolvimento de softwares de publicidade digital e gestão de plataformas online de mídia e tecnologia. No ano da análise (2006), a indústria da música gravada enfrenta retração comercial pela circulação de arquivos de áudio comprimidos em redes descentralizadas sem remuneração de direitos autorais, coexistindo com a venda de downloads pagos por faixa individual e transmissões de rádio digital sem controle sob demanda pelo ouvinte.",https://newsroom.spotify.com/company-info/;https://northzone.com/portfolio/spotify/;https://en.wikipedia.org/wiki/Spotify;https://en.wikipedia.org/wiki/Daniel_Ek;https://en.wikipedia.org/wiki/Martin_Lorentzon,Avançar para MVP,"A premissa crítica é a capacidade de atrair e reter usuários suficientes para gerar receita suficiente para cobrir os custos de royalties e infraestrutura, além de gerar lucro.","Desenvolver um MVP com funcionalidades básicas de streaming e monetização por anúncios, testando a aderência do produto com o público-alvo e a viabilidade econômica.","```json
{
  ""analise_coerencia_problema_solucao"": ""A proposta de valor atende a uma necessidade real do mercado, oferecendo uma solução que combina a conveniência do streaming com a remuneração adequada aos detentores de direitos autorais. A plataforma visa resolver a questão da distribuição ilegal de músicas e oferecer um serviço legal e conveniente para os usuários."",
  ""analise_viabilidade_economica_canais"": ""O modelo de receita freemium é coerente com o contexto do mercado, permitindo a atração de usuários através de um serviço gratuito com anúncios e a captura de valor através de assinaturas pagas. Os custos de royalties e infraestrutura são gerenciáveis com a receita gerada."",
  ""premissa_salto_de_fe_lofa"": ""A premissa crítica é a capacidade de atrair e reter usuários suficientes para gerar receita suficiente para cobrir os custos de royalties e infraestrutura, além de gerar lucro."",
  ""experimento_mvp_prioritario"": ""Desenvolver um MVP com funcionalidades básicas de streaming e monetização por anúncios, testando a aderência do produto com o público-alvo e a viabilidade econômica."",
  ""decisao_lean"": ""Avançar para MVP""
}
```",Avançar para MVP,A premissa crítica é a capacidade de atrair e reter usuários suficientes para gerar receita suficiente para cobrir os custos de royalties e infraestrutura.,Desenvolver um MVP com funcionalidades básicas de streaming e testar com um grupo de usuários alvo para validar a aderência ao modelo de negócio e a viabilidade econômica.,"{
  ""analise_coerencia_problema_solucao"": ""A proposta de valor atende a uma necessidade real de acesso a música sob demanda, evitando a pirataria e a falta de controle sobre o conteúdo. A solução proposta, um serviço de streaming híbrido peer-to-peer e cliente-servidor, é coerente com o problema identificado."",
  ""analise_viabilidade_economica_canais"": ""O modelo de receita freemium com anúncios e assinaturas mensais é lógico e viável, considerando os custos de royalties e infraestrutura. A monetização através de anúncios e assinaturas é consistente com o modelo de negócio."",
  ""premissa_salto_de_fe_lofa"": ""A premissa crítica é a capacidade de atrair e reter usuários suficientes para gerar receita suficiente para cobrir os custos de royalties e infraestrutura."",
  ""experimento_mvp_prioritario"": ""Desenvolver um MVP com funcionalidades básicas de streaming e testar com um grupo de usuários alvo para validar a aderência ao modelo de negócio e a viabilidade econômica."",
  ""decisao_lean"": ""Avançar para MVP""
}",Avançar para MVP,"A sustentabilidade financeira do modelo, considerando os altos custos de royalties e infraestrutura, é a premissa crítica mais arriscada. A capacidade de atrair e reter um número suficiente de assinantes para cobrir esses custos é crucial.",Desenvolver um MVP com funcionalidades básicas de streaming e um modelo freemium limitado para testar a aderência do público ao serviço e a viabilidade econômica. É essencial monitorar a taxa de conversão de usuários gratuitos para assinantes e a retenção de assinaturas.,"{
  ""analise_coerencia_problema_solucao"": ""A proposta de valor atende a uma necessidade real de acesso a música sob demanda, evitando a pirataria e oferecendo uma alternativa legal e conveniente para os usuários. A solução proposta, com protocolo híbrido peer-to-peer e cliente-servidor, é coerente com o problema de fornecer streaming de áudio de alta qualidade e sem download prévio."",
  ""analise_viabilidade_economica_canais"": ""O modelo de receita freemium com anúncios e assinaturas mensais é viável e alinhado com a monetização de serviços de streaming. No entanto, a estrutura de custos, incluindo royalties e infraestrutura, é significativa e deve ser rigorosamente gerenciada para garantir a sustentabilidade financeira."",
  ""premissa_salto_de_fe_lofa"": ""A sustentabilidade financeira do modelo, considerando os altos custos de royalties e infraestrutura, é a premissa crítica mais arriscada. A capacidade de atrair e reter um número suficiente de assinantes para cobrir esses custos é crucial."",
  ""experimento_mvp_prioritario"": ""Desenvolver um MVP com funcionalidades básicas de streaming e um modelo freemium limitado para testar a aderência do público ao serviço e a viabilidade econômica. É essencial monitorar a taxa de conversão de usuários gratuitos para assinantes e a retenção de assinaturas."",
  ""decisao_lean"": ""Avançar para MVP""
}",Avançar para MVP,A capacidade de atrair e reter usuários suficientes para gerar receita líquida positiva após o pagamento de royalties e custos operacionais.,Desenvolver um MVP com funcionalidades básicas de streaming e testar com um grupo de usuários alvo para validar a aderência ao freemium e a viabilidade econômica.,"```json
{
  ""analise_coerencia_problema_solucao"": ""A proposta de valor atende a uma necessidade real de acesso a música sob demanda, evitando a pirataria digital e oferecendo uma alternativa legal e conveniente para os usuários."",
  ""analise_viabilidade_economica_canais"": ""O modelo de monetização freemium é coerente com a estrutura de custos, permitindo a captação de usuários através de anúncios e a geração de receita recorrente por assinaturas. No entanto, a necessidade de pagamento contínuo de royalties pode comprometer a margem de lucro."",
  ""premissa_salto_de_fe_lofa"": ""A capacidade de atrair e reter usuários suficientes para gerar receita líquida positiva após o pagamento de royalties e custos operacionais."",
  ""experimento_mvp_prioritario"": ""Desenvolver um MVP com funcionalidades básicas de streaming e testar com um grupo de usuários alvo para validar a aderência ao freemium e a viabilidade econômica."",
  ""decisao_lean"": ""Avançar para MVP""
}
```",Avançar para MVP,"A capacidade de atrair e reter uma base de usuários suficiente para gerar receita através de assinaturas e anúncios, enquanto gerenciar os custos de royalties e infraestrutura.","Desenvolver um MVP com funcionalidades básicas de streaming e assinaturas, testando a aderência do público e a viabilidade econômica.","```json
{
  ""analise_coerencia_problema_solucao"": ""A proposta de valor atende a uma necessidade real de acesso a música sob demanda, evitando a pirataria digital e oferecendo uma alternativa legal e conveniente para os consumidores."",
  ""analise_viabilidade_economica_canais"": ""O modelo de receita freemium é viável, com potencial de monetização através de anúncios e assinaturas, embora os custos de royalties e infraestrutura tecnológica sejam significativos."",
  ""premissa_salto_de_fe_lofa"": ""A capacidade de atrair e reter uma base de usuários suficiente para gerar receita através de assinaturas e anúncios, enquanto gerenciar os custos de royalties e infraestrutura."",
  ""experimento_mvp_prioritario"": ""Desenvolver um MVP com funcionalidades básicas de streaming e assinaturas, testando a aderência do público e a viabilidade econômica."",
  ""decisao_lean"": ""Avançar para MVP""
}
```",Necessita Pivotagem,"A capacidade de atrair e reter uma base de usuários suficiente para gerar receita e cobrir custos operacionais, especialmente com a concorrência de arquivos piratas e downloads individuais.","Desenvolver um MVP com funcionalidades básicas de streaming e anúncios, focando em um público-alvo inicial de usuários de música que buscam conveniência e legalidade. Testar a aderência do público e a viabilidade econômica.","```json
{
  ""analise_coerencia_problema_solucao"": ""A proposta de valor atende a uma necessidade real de consumo sob demanda de áudio e música em um contexto de pirataria e limitações tecnológicas. A solução híbrida peer-to-peer e cliente-servidor é inovadora para o momento, oferecendo reprodução instantânea e eficiência de custos."",
  ""analise_viabilidade_economica_canais"": ""O modelo freemium com anúncios e assinaturas mensais é viável, mas a estrutura de custos com royalties e infraestrutura pode ser desafiadora. A monetização depende de uma base de usuários suficiente para gerar receita e cobrir custos operacionais."",
  ""premissa_salto_de_fe_lofa"": ""A capacidade de atrair e reter uma base de usuários suficiente para gerar receita e cobrir custos operacionais, especialmente com a concorrência de arquivos piratas e downloads individuais."",
  ""experimento_mvp_prioritario"": ""Desenvolver um MVP com funcionalidades básicas de streaming e anúncios, focando em um público-alvo inicial de usuários de música que buscam conveniência e legalidade. Testar a aderência do público e a viabilidade econômica."",
  ""decisao_lean"": ""Necessita Pivotagem""
}
```",Avançar para MVP,"A premissa crítica é a capacidade de atrair e reter um número suficiente de assinantes pagos para cobrir os custos de royalties e infraestrutura, enquanto mantém a base de usuários gratuitos engajados.","O MVP deve incluir a implementação de um protótipo funcional do serviço de streaming, com um nível gratuito com anúncios e um nível pago sem anúncios. É necessário testar a aderência do público ao modelo freemium e a retenção de assinaturas.","{
  ""analise_coerencia_problema_solucao"": ""A proposta de valor atende a uma necessidade real do mercado, oferecendo uma solução de streaming de áudio sob demanda que resolve a dor do cliente de ter acesso a músicas de forma instantânea e sem download. A solução proposta é coerente com o problema identificado, pois o modelo híbrido peer-to-peer e cliente-servidor permite a reprodução instantânea e a redução de custos."",
  ""analise_viabilidade_economica_canais"": ""O modelo de receita freemium é viável, pois combina a atração de usuários através do nível gratuito com a monetização de assinantes pagos. A estrutura de custos, que inclui royalties e infraestrutura, é sustentável com a receita gerada, embora exija uma escala significativa para tornar-se lucrativo."",
  ""premissa_salto_de_fe_lofa"": ""A premissa crítica é a capacidade de atrair e reter um número suficiente de assinantes pagos para cobrir os custos de royalties e infraestrutura, enquanto mantém a base de usuários gratuitos engajados."",
  ""experimento_mvp_prioritario"": ""O MVP deve incluir a implementação de um protótipo funcional do serviço de streaming, com um nível gratuito com anúncios e um nível pago sem anúncios. É necessário testar a aderência do público ao modelo freemium e a retenção de assinaturas."",
  ""decisao_lean"": ""Avançar para MVP""
}",Avançar para MVP,"A premissa crítica é a capacidade de atrair e reter um número suficiente de assinantes pagos para cobrir os custos de royalties e infraestrutura, frente à concorrência de serviços gratuitos ilegais e de download de música.","O MVP deve incluir a criação de uma versão beta limitada do serviço com um catálogo restrito de áudios, focando inicialmente em mercados geográficos específicos para testar a aderência do público à proposta de valor e a viabilidade econômica.","{
  ""analise_coerencia_problema_solucao"": ""A proposta de valor atende a uma necessidade real do mercado, oferecendo uma alternativa legal e conveniente para o consumo de música sob demanda, que é uma dor clara para os usuários que buscam acesso fácil e sem restrições a um catálogo extenso de áudios."",
  ""analise_viabilidade_economica_canais"": ""O modelo de monetização freemium é coerente com a estratégia de capturar um grande número de usuários gratuitos e converter uma parcela em assinantes pagos, com canais de aquisição que incluem publicidade e parcerias com distribuidores de conteúdo. No entanto, a sustentabilidade financeira dependerá da eficiência na cobrança de royalties e na gestão de custos de infraestrutura."",
  ""premissa_salto_de_fe_lofa"": ""A premissa crítica é a capacidade de atrair e reter um número suficiente de assinantes pagos para cobrir os custos de royalties e infraestrutura, frente à concorrência de serviços gratuitos ilegais e de download de música."",
  ""experimento_mvp_prioritario"": ""O MVP deve incluir a criação de uma versão beta limitada do serviço com um catálogo restrito de áudios, focando inicialmente em mercados geográficos específicos para testar a aderência do público à proposta de valor e a viabilidade econômica."",
  ""decisao_lean"": ""Avançar para MVP""
}"
S09,Shopify,Plataforma de software como serviço para infraestrutura de comércio eletrônico independente,2006,,SaaS / Commerce Infrastructure,"Plataforma de software como serviço (SaaS) em nuvem para criação, hospedagem e gerenciamento operacional de lojas virtuais independentes na internet. O modelo de receita baseia-se na cobrança de assinaturas mensais recorrentes escalonadas por planos de funcionalidade e na retenção de uma comissão percentual sobre o volume bruto de transações processadas quando os comerciantes utilizam gateways de pagamentos integrados e soluções complementares da plataforma. A estrutura de custos compreende a manutenção e escalabilidade de servidores e hospedagem web, desenvolvimento contínuo da biblioteca de temas e APIs, segurança de transações e suporte ao cliente lojista.",Ativa,,,,"Desaceleração acentuada do crescimento do comércio eletrônico global em 2022 após a reabertura do varejo físico pós-pandemia de Covid-19, resultando no desligamento de cerca de 10% da força de trabalho corporativa e na reestruturação dos investimentos operacionais e logísticos",Sem necessidade de mercado,2022,"A equipe fundadora é liderada por um desenvolvedor de software com experiência direta na criação e manutenção de ferramentas de programação web de código aberto, associado a sócios com atuação em design gráfico e comércio varejista. No ano da análise (2006), a estruturação de lojas virtuais independentes demanda a contratação de consultorias técnicas para configuração manual de servidores e plataformas corporativas de alto custo, restringindo a presença digital de pequenos comerciantes a sites de leilões e diretórios de classificados na internet.",https://www.shopify.com/about;https://www.bvp.com/portfolio/shopify;https://firstmark.com/portfolio/shopify/;https://en.wikipedia.org/wiki/Shopify;https://en.wikipedia.org/wiki/Tobias_L%C3%BCtke,Avançar para MVP,"A premissa crítica é a capacidade da plataforma de atrair e reter pequenos comerciantes como clientes assinantes, demonstrando que a solução é significativamente mais acessível e eficaz do que as alternativas existentes.","Desenvolver um MVP com funcionalidades básicas de criação e gerenciamento de lojas virtuais, integrando gateways de pagamento e oferecendo suporte ao cliente. Testar com um grupo de comerciantes pequenos e avaliar a adesão e satisfação.","```json
{
  ""analise_coerencia_problema_solucao"": ""A proposta de valor atende a uma necessidade real do mercado em 2006, onde a criação e manutenção de lojas virtuais independentes era complexa e cara, limitando a presença digital de pequenos comerciantes. A plataforma SaaS oferece uma solução escalável e acessível para esses problemas."",
  ""analise_viabilidade_economica_canais"": ""O modelo de receita baseado em assinaturas mensais e comissões sobre transações parece viável, considerando os custos operacionais de manutenção de servidores, desenvolvimento contínuo e suporte ao cliente. Os canais de aquisição devem focar em pequenos comerciantes e desenvolvedores web."",
  ""premissa_salto_de_fe_lofa"": ""A premissa crítica é a capacidade da plataforma de atrair e reter pequenos comerciantes como clientes assinantes, demonstrando que a solução é significativamente mais acessível e eficaz do que as alternativas existentes."",
  ""experimento_mvp_prioritario"": ""Desenvolver um MVP com funcionalidades básicas de criação e gerenciamento de lojas virtuais, integrando gateways de pagamento e oferecendo suporte ao cliente. Testar com um grupo de comerciantes pequenos e avaliar a adesão e satisfação."",
  ""decisao_lean"": ""Avançar para MVP""
}
```",Avançar para MVP,"A premissa crítica é a capacidade da plataforma de atrair e reter comerciantes independentes, gerando uma base de assinantes suficiente para sustentar o modelo econômico.","Desenvolver um MVP com funcionalidades básicas de criação e gerenciamento de lojas virtuais, integrando gateways de pagamento e oferecendo suporte ao cliente, para testar a aderência do produto ao mercado e a viabilidade econômica.","{
  ""analise_coerencia_problema_solucao"": ""A proposta de valor atende a uma necessidade real no mercado de 2006, onde a criação e manutenção de lojas virtuais independentes era complexa e cara, limitando a presença digital de pequenos comerciantes. A solução oferecida, uma plataforma SaaS, simplifica e barateia o processo, alinhando-se logicamente ao problema identificado."",
  ""analise_viabilidade_economica_canais"": ""O modelo de receita baseado em assinaturas mensais e comissões sobre transações parece viável, considerando os custos de manutenção e desenvolvimento da plataforma. A integração com gateways de pagamento e soluções complementares oferece um canal lucrativo de monetização."",
  ""premissa_salto_de_fe_lofa"": ""A premissa crítica é a capacidade da plataforma de atrair e reter comerciantes independentes, gerando uma base de assinantes suficiente para sustentar o modelo econômico."",
  ""experimento_mvp_prioritario"": ""Desenvolver um MVP com funcionalidades básicas de criação e gerenciamento de lojas virtuais, integrando gateways de pagamento e oferecendo suporte ao cliente, para testar a aderência do produto ao mercado e a viabilidade econômica."",
  ""decisao_lean"": ""Avançar para MVP""
}",Avançar para MVP,"A capacidade da plataforma de atrair e reter comerciantes independentes, gerando um fluxo de receita recorrente e sustentável, é a premissa crítica mais arriscada.","O MVP deve incluir uma versão básica da plataforma SaaS com funcionalidades essenciais para criação e gerenciamento de lojas virtuais, além de um gateway de pagamento integrado. É necessário testar a adesão de comerciantes e a viabilidade econômica do modelo de receita.","{
  ""analise_coerencia_problema_solucao"": ""A proposta de valor alinha-se logicamente ao problema identificado, oferecendo uma solução tecnológica que reduz a barreira de entrada para a criação de lojas virtuais independentes, atendendo a uma necessidade real do mercado."",
  ""analise_viabilidade_economica_canais"": ""O modelo de receita baseado em assinaturas mensais e comissões sobre transações parece viável, contanto que a plataforma consiga atrair e reter um número suficiente de comerciantes. Os custos de desenvolvimento e manutenção de servidores e hospedagem precisam ser rigorosamente gerenciados para garantir a sustentabilidade financeira."",
  ""premissa_salto_de_fe_lofa"": ""A capacidade da plataforma de atrair e reter comerciantes independentes, gerando um fluxo de receita recorrente e sustentável, é a premissa crítica mais arriscada."",
  ""experimento_mvp_prioritario"": ""O MVP deve incluir uma versão básica da plataforma SaaS com funcionalidades essenciais para criação e gerenciamento de lojas virtuais, além de um gateway de pagamento integrado. É necessário testar a adesão de comerciantes e a viabilidade econômica do modelo de receita."",
  ""decisao_lean"": ""Avançar para MVP""
}",Avançar para MVP,"A premissa crítica é a capacidade da plataforma de atrair e reter comerciantes independentes, oferecendo uma alternativa mais acessível e escalável em comparação com as soluções existentes.","Desenvolver um MVP com funcionalidades básicas de criação e gerenciamento de lojas virtuais, integrando gateways de pagamento e oferecendo suporte ao cliente. Testar a adesão e retenção de comerciantes independentes.","```json
{
  ""analise_coerencia_problema_solucao"": ""A proposta de valor atende a uma necessidade real de 2006, onde a criação e manutenção de lojas virtuais independentes era complexa e cara, limitando a presença digital de pequenos comerciantes."",
  ""analise_viabilidade_economica_canais"": ""O modelo de receita baseado em assinaturas mensais e comissões sobre transações é coerente com a estrutura de custos, que inclui manutenção de servidores, desenvolvimento de APIs e suporte ao cliente. A plataforma pode escalar economicamente com o aumento do número de lojas virtuais."",
  ""premissa_salto_de_fe_lofa"": ""A premissa crítica é a capacidade da plataforma de atrair e reter comerciantes independentes, oferecendo uma alternativa mais acessível e escalável em comparação com as soluções existentes."",
  ""experimento_mvp_prioritario"": ""Desenvolver um MVP com funcionalidades básicas de criação e gerenciamento de lojas virtuais, integrando gateways de pagamento e oferecendo suporte ao cliente. Testar a adesão e retenção de comerciantes independentes."",
  ""decisao_lean"": ""Avançar para MVP""
}
```",Avançar para MVP,"A premissa crítica é a capacidade da plataforma de atrair e reter comerciantes independentes, oferecendo um serviço que supera as alternativas existentes em termos de custo e facilidade de uso.","Desenvolver um MVP com funcionalidades básicas de criação e gerenciamento de lojas virtuais, integrando gateways de pagamento e oferecendo suporte ao cliente. Testar com um grupo de comerciantes independentes para validar a demanda e ajustar o produto.","```json
{
  ""analise_coerencia_problema_solucao"": ""A proposta de valor atende a uma necessidade real do mercado em 2006, oferecendo uma solução SaaS para a criação e gestão de lojas virtuais independentes, que alivia a dependência de consultorias técnicas e reduz custos para pequenos comerciantes."",
  ""analise_viabilidade_economica_canais"": ""O modelo de receita baseado em assinaturas mensais e comissões sobre transações parece viável, com custos operacionais que podem ser gerenciados através da escalabilidade em nuvem. O canal de aquisição pode ser fortalecido com marketing digital e parcerias com fornecedores de soluções de comércio eletrônico."",
  ""premissa_salto_de_fe_lofa"": ""A premissa crítica é a capacidade da plataforma de atrair e reter comerciantes independentes, oferecendo um serviço que supera as alternativas existentes em termos de custo e facilidade de uso."",
  ""experimento_mvp_prioritario"": ""Desenvolver um MVP com funcionalidades básicas de criação e gerenciamento de lojas virtuais, integrando gateways de pagamento e oferecendo suporte ao cliente. Testar com um grupo de comerciantes independentes para validar a demanda e ajustar o produto."",
  ""decisao_lean"": ""Avançar para MVP""
}
```",Avançar para MVP,A capacidade da plataforma em escalar rapidamente e manter a qualidade do serviço enquanto atende um número crescente de lojas virtuais independentes.,"Desenvolver um MVP básico com funcionalidades essenciais para criação e gerenciamento de lojas virtuais, incluindo integração com gateways de pagamento e suporte ao cliente, para testar a aderência com os early adopters.","```json
{
  ""analise_coerencia_problema_solucao"": ""A proposta de valor atende a uma necessidade real do mercado em 2006, onde a criação e manutenção de lojas virtuais independentes era complexa e cara, limitando o acesso de pequenos comerciantes ao e-commerce. A plataforma SaaS oferece uma solução escalável e acessível."",
  ""analise_viabilidade_economica_canais"": ""O modelo de receita baseado em assinaturas mensais e comissões sobre transações é viável, com custos operacionais que podem ser gerenciados através da escalabilidade em nuvem. Os canais de aquisição incluem marketing digital e parcerias com fornecedores de soluções de e-commerce."",
  ""premissa_salto_de_fe_lofa"": ""A capacidade da plataforma em escalar rapidamente e manter a qualidade do serviço enquanto atende um número crescente de lojas virtuais independentes."",
  ""experimento_mvp_prioritario"": ""Desenvolver um MVP básico com funcionalidades essenciais para criação e gerenciamento de lojas virtuais, incluindo integração com gateways de pagamento e suporte ao cliente, para testar a aderência com os early adopters."",
  ""decisao_lean"": ""Avançar para MVP""
}
```",Avançar para MVP,"A premissa crítica é a adesão de pequenos comerciantes à plataforma, considerando a concorrência de soluções gratuitas ou de baixo custo e a necessidade de confiança em soluções de pagamento integradas.","Desenvolver um MVP com funcionalidades básicas de criação e gerenciamento de lojas virtuais, integrando gateways de pagamento e oferecendo suporte ao cliente básico. Testar com um grupo de comerciantes em potencial para validar a adesão e ajustar a oferta.","{
  ""analise_coerencia_problema_solucao"": ""A plataforma SaaS visa atender a necessidade de pequenos comerciantes por uma solução de infraestrutura de comércio eletrônico acessível e escalável, aliviando a dependência de consultorias técnicas e plataformas corporativas caras. A proposta de valor é coerente com o problema identificado."",
  ""analise_viabilidade_economica_canais"": ""O modelo de receita baseado em assinaturas mensais e comissões sobre transações parece viável, com custos operacionais que podem ser gerenciados através da escalabilidade em nuvem. O canal de aquisição via marketing digital e parcerias com fornecedores de soluções de e-commerce é plausível."",
  ""premissa_salto_de_fe_lofa"": ""A premissa crítica é a adesão de pequenos comerciantes à plataforma, considerando a concorrência de soluções gratuitas ou de baixo custo e a necessidade de confiança em soluções de pagamento integradas."",
  ""experimento_mvp_prioritario"": ""Desenvolver um MVP com funcionalidades básicas de criação e gerenciamento de lojas virtuais, integrando gateways de pagamento e oferecendo suporte ao cliente básico. Testar com um grupo de comerciantes em potencial para validar a adesão e ajustar a oferta."",
  ""decisao_lean"": ""Avançar para MVP""
}",Avançar para MVP,A premissa crítica é a adesão de um número suficiente de comerciantes independentes para sustentar a economia unitária e gerar receita recorrente.,"Desenvolver um MVP com funcionalidades básicas de criação e gerenciamento de lojas virtuais, integrando gateways de pagamento e oferecendo suporte ao cliente, para testar a adesão de comerciantes e validar a economia unitária.","```json
{
  ""analise_coerencia_problema_solucao"": ""A proposta de valor atende a uma necessidade real do mercado em 2006, oferecendo uma solução escalável e acessível para a criação e manutenção de lojas virtuais independentes, que até então era um desafio técnico e financeiro para pequenos comerciantes."",
  ""analise_viabilidade_economica_canais"": ""O modelo de receita é robusto, combinando assinaturas mensais com comissões sobre transações, e os custos operacionais são gerenciáveis através da nuvem, permitindo escalabilidade e redução de custos de infraestrutura."",
  ""premissa_salto_de_fe_lofa"": ""A premissa crítica é a adesão de um número suficiente de comerciantes independentes para sustentar a economia unitária e gerar receita recorrente."",
  ""experimento_mvp_prioritario"": ""Desenvolver um MVP com funcionalidades básicas de criação e gerenciamento de lojas virtuais, integrando gateways de pagamento e oferecendo suporte ao cliente, para testar a adesão de comerciantes e validar a economia unitária."",
  ""decisao_lean"": ""Avançar para MVP""
}
```"
S10,WhatsApp,Aplicativo multiplataforma de mensagens instantâneas e comunicação móvel via internet,2009,,Consumer Internet,"Aplicativo de software para envio e recebimento de mensagens de texto, imagens e notas de áudio via protocolo IP em conexões de dados móveis ou Wi-Fi entre smartphones de múltiplos sistemas operacionais, utilizando a lista telefônica e o número do celular como identificador único de usuário sem necessidade de cadastramento de nomes de usuário ou senhas. O modelo de receita apoia-se em cobrança de taxa de download ou assinatura anual de US$ 0,99 (com primeiro ano gratuito para novos usuários em determinadas regiões), sem exibição de publicidade visual no aplicativo. A estrutura de custos concentra despesas em infraestrutura de servidores em nuvem com arquitetura de alta concorrência baseada em Erlang/FreeBSD, custos com envio de mensagens SMS para verificação e autenticação internacional de números de telefone e equipe reduzida de engenharia de software.",Ativa,,,,"Aquisição pelo Facebook em fevereiro de 2014 por US$ 19 bilhões em dinheiro e ações, seguida por escrutínio de órgãos reguladores antitruste e de proteção de dados na União Europeia e nos Estados Unidos nos anos subsequentes à integração societária",Concorrência predatória,2014,"A equipe fundadora é formada por engenheiros de software seniores com vasta experiência no projeto de arquiteturas de backend, confiabilidade de servidores e sistemas de mensageria em larga escala. No ano da análise (2009), as comunicações móveis baseiam-se em mensagens de texto tarifadas individualmente por operadoras de telefonia ou em protocolos de comunicação restritos a aparelhos de uma única marca de fabricante, em um contexto de adoção inicial de lojas de aplicativos e planos de dados móveis para aparelhos celulares inteligentes.",https://www.sequoiacap.com/companies/whatsapp/;https://blog.whatsapp.com/;https://www.bbc.com/news/business-26266689;https://en.wikipedia.org/wiki/WhatsApp;https://en.wikipedia.org/wiki/Jan_Koum,Necessita Pivotagem,"A hipótese crítica é que a cobrança de assinatura anual de US$ 0,99 será aceitável para os usuários em um contexto de baixa adoção de smartphones e planos de dados móveis, sem a necessidade de modelos de monetização alternativos como publicidade.","O MVP deve incluir a criação de um aplicativo beta com funcionalidades básicas de mensagens de texto e imagens, sem cobrança de assinatura, para testar a adesão de usuários e validar a necessidade do produto em campo.","```json
{
  ""analise_coerencia_problema_solucao"": ""A proposta de valor atende a uma necessidade real de comunicação móvel mais econômica e interconectada entre diferentes sistemas operacionais, alinhando-se com o problema de custos elevados e limitações de interoperabilidade de mensagens SMS e aplicativos proprietários."",
  ""analise_viabilidade_economica_canais"": ""O modelo de receita baseado em taxa de download ou assinatura anual é viável, considerando a infraestrutura de servidores em nuvem e a equipe de engenharia reduzida. No entanto, a cobrança de US$ 0,99 por assinatura pode ser um desafio inicial devido à baixa penetração de smartphones e planos de dados móveis em 2009."",
  ""premissa_salto_de_fe_lofa"": ""A hipótese crítica é que a cobrança de assinatura anual de US$ 0,99 será aceitável para os usuários em um contexto de baixa adoção de smartphones e planos de dados móveis, sem a necessidade de modelos de monetização alternativos como publicidade."",
  ""experimento_mvp_prioritario"": ""O MVP deve incluir a criação de um aplicativo beta com funcionalidades básicas de mensagens de texto e imagens, sem cobrança de assinatura, para testar a adesão de usuários e validar a necessidade do produto em campo."",
  ""decisao_lean"": ""Necessita Pivotagem""
}
```",Necessita Pivotagem,"A premissa crítica é a aceitação do modelo de monetização baseado em taxas de download ou assinaturas anuais, em um mercado onde a adoção de aplicativos pagos ainda é incipiente.","O MVP deve incluir a criação de um aplicativo funcional com as principais funcionalidades de mensagens de texto, imagens e notas de áudio, seguido de um teste com um grupo de usuários em um mercado selecionado para avaliar a aderência à proposta de valor e a viabilidade do modelo de monetização.","{
  ""analise_coerencia_problema_solucao"": ""O problema identificado é a necessidade de uma comunicação móvel mais eficiente e econômica, atendida pela solução de um aplicativo de mensagens instantâneas que utiliza a infraestrutura de internet e elimina a necessidade de cadastro complexo, alinhando-se logicamente com a proposta de valor de facilitar e baratear a comunicação móvel."",
  ""analise_viabilidade_economica_canais"": ""A viabilidade econômica é questionável, pois a cobrança de taxa de download ou assinatura anual pode ser um obstáculo para adoção em um mercado ainda em fase inicial de adoção de aplicativos móveis e dados móveis. Além disso, a estratégia de não exibir publicidade pode limitar fontes de receita, e os custos com infraestrutura e SMS de verificação podem ser elevados."",
  ""premissa_salto_de_fe_lofa"": ""A premissa crítica é a aceitação do modelo de monetização baseado em taxas de download ou assinaturas anuais, em um mercado onde a adoção de aplicativos pagos ainda é incipiente."",
  ""experimento_mvp_prioritario"": ""O MVP deve incluir a criação de um aplicativo funcional com as principais funcionalidades de mensagens de texto, imagens e notas de áudio, seguido de um teste com um grupo de usuários em um mercado selecionado para avaliar a aderência à proposta de valor e a viabilidade do modelo de monetização."",
  ""decisao_lean"": ""Necessita Pivotagem""
}",Avançar para MVP,"A premissa crítica é a aceitação do modelo de assinatura anual ou taxa de download por um público acostumado a mensagens SMS tarifadas, em um cenário onde a comunicação móvel via internet ainda está em fase inicial de adoção.","O MVP deve incluir a criação de um aplicativo beta com funcionalidades básicas de mensagens de texto, imagens e notas de áudio, testado em um grupo limitado de usuários em regiões específicas com primeiro ano gratuito para novos usuários.","{
  ""analise_coerencia_problema_solucao"": ""A proposta de valor do aplicativo de mensagens instantâneas resolve efetivamente a dor do cliente de comunicação móvel restrita e tarifada, oferecendo uma alternativa mais barata e universal entre diferentes sistemas operacionais."",
  ""analise_viabilidade_economica_canais"": ""O modelo de monetização baseado em assinaturas anuais ou taxa de download é viável, considerando os custos operacionais de infraestrutura de servidores em nuvem e a equipe reduzida de engenharia de software. Os canais de acesso ao cliente são adequados para o contexto de 2009, com foco em lojas de aplicativos emergentes."",
  ""premissa_salto_de_fe_lofa"": ""A premissa crítica é a aceitação do modelo de assinatura anual ou taxa de download por um público acostumado a mensagens SMS tarifadas, em um cenário onde a comunicação móvel via internet ainda está em fase inicial de adoção."",
  ""experimento_mvp_prioritario"": ""O MVP deve incluir a criação de um aplicativo beta com funcionalidades básicas de mensagens de texto, imagens e notas de áudio, testado em um grupo limitado de usuários em regiões específicas com primeiro ano gratuito para novos usuários."",
  ""decisao_lean"": ""Avançar para MVP""
}",Avançar para MVP,"A premissa crítica é a aceitação do modelo de cobrança de taxa de download ou assinatura anual em um mercado onde as mensagens SMS eram amplamente utilizadas e gratuitas para os usuários finais, apesar de serem tarifadas pelas operadoras.","O MVP deve incluir a implementação de um aplicativo de mensagens instantâneas com funcionalidades básicas (texto, imagens e notas de áudio) e a cobrança de uma taxa de download ou assinatura anual. O experimento deve testar a aderência do público a um modelo de negócio baseado em assinatura e a aceitação de um identificador único baseado no número de telefone.","```json
{
  ""analise_coerencia_problema_solucao"": ""A proposta de valor do aplicativo de mensagens instantâneas atende a uma dor real do mercado de comunicação móvel em 2009, onde as mensagens SMS eram caras e os protocolos de comunicação eram restritos a uma única marca de fabricante. A solução oferece uma alternativa barata e multiplataforma para comunicação móvel."",
  ""analise_viabilidade_economica_canais"": ""O modelo de monetização baseado em taxa de download ou assinatura anual é viável, considerando os custos operacionais concentrados em infraestrutura de servidores em nuvem e equipe de engenharia de software. A estratégia de canais de acesso ao cliente é direta, utilizando a lista telefônica e o número de telefone como identificador único."",
  ""premissa_salto_de_fe_lofa"": ""A premissa crítica é a aceitação do modelo de cobrança de taxa de download ou assinatura anual em um mercado onde as mensagens SMS eram amplamente utilizadas e gratuitas para os usuários finais, apesar de serem tarifadas pelas operadoras."",
  ""experimento_mvp_prioritario"": ""O MVP deve incluir a implementação de um aplicativo de mensagens instantâneas com funcionalidades básicas (texto, imagens e notas de áudio) e a cobrança de uma taxa de download ou assinatura anual. O experimento deve testar a aderência do público a um modelo de negócio baseado em assinatura e a aceitação de um identificador único baseado no número de telefone."",
  ""decisao_lean"": ""Avançar para MVP""
}
```",Avançar para MVP,A premissa crítica é que o público-alvo esteja disposto a pagar por um aplicativo de mensagens instantâneas quando existem opções gratuitas de mensagens SMS tarifadas pelas operadoras.,"O MVP deve incluir a implementação de um aplicativo básico com funcionalidades de envio e recebimento de mensagens de texto e imagens, além de autenticação via SMS, para testar a aceitação do modelo de negócio e a viabilidade técnica.","```json
{
  ""analise_coerencia_problema_solucao"": ""O problema identificado é a necessidade de uma comunicação móvel mais barata e versátil, e a solução proposta, um aplicativo de mensagens instantâneas multiplataforma, atende essa necessidade de forma inovadora em 2009."",
  ""analise_viabilidade_economica_canais"": ""A proposta de monetização por taxa de download ou assinatura anual é viável, considerando os custos operacionais de infraestrutura de servidores em nuvem e verificação internacional de números de telefone. O modelo de canais de distribuição, baseado em lojas de aplicativos, é adequado para alcançar o público-alvo."",
  ""premissa_salto_de_fe_lofa"": ""A premissa crítica é que o público-alvo esteja disposto a pagar por um aplicativo de mensagens instantâneas quando existem opções gratuitas de mensagens SMS tarifadas pelas operadoras."",
  ""experimento_mvp_prioritario"": ""O MVP deve incluir a implementação de um aplicativo básico com funcionalidades de envio e recebimento de mensagens de texto e imagens, além de autenticação via SMS, para testar a aceitação do modelo de negócio e a viabilidade técnica."",
  ""decisao_lean"": ""Avançar para MVP""
}
```",Necessita Pivotagem,A capacidade de atrair e reter usuários em um mercado saturado por mensagens gratuitas e sem anúncios é a premissa crítica mais arriscada.,"Desenvolver um MVP com funcionalidades básicas de mensagens e notas de áudio, testando a aderência do produto com o público-alvo e a viabilidade econômica sem anúncios, focando na experiência do usuário e na escalabilidade.","{
  ""analise_coerencia_problema_solucao"": ""A proposta de valor atende a uma dor real do mercado em 2009, onde a comunicação móvel era limitada e cara, oferecendo uma solução inovadora e acessível via aplicativo multiplataforma."",
  ""analise_viabilidade_economica_canais"": ""A monetização baseada em taxa de download ou assinatura anual é viável, considerando os custos operacionais de infraestrutura de servidores e autenticação internacional via SMS. No entanto, a concorrência com mensagens gratuitas e a necessidade de adquirir usuários em um mercado em expansão são desafios significativos."",
  ""premissa_salto_de_fe_lofa"": ""A capacidade de atrair e reter usuários em um mercado saturado por mensagens gratuitas e sem anúncios é a premissa crítica mais arriscada."",
  ""experimento_mvp_prioritario"": ""Desenvolver um MVP com funcionalidades básicas de mensagens e notas de áudio, testando a aderência do produto com o público-alvo e a viabilidade econômica sem anúncios, focando na experiência do usuário e na escalabilidade."",
  ""decisao_lean"": ""Necessita Pivotagem""
}",Avançar para MVP,"A premissa crítica é a aceitação do modelo de monetização baseado em assinaturas anuais em um mercado ainda incipiente para aplicações móveis, onde a maioria dos usuários estava acostumada a pagar por mensagens de texto individuais.","O MVP deve incluir a implementação de um aplicativo básico com funcionalidades de envio de mensagens de texto e imagens, sem publicidade e com uma taxa de download ou assinatura anual. O experimento deve testar a aderência do público a um modelo de negócio baseado em assinaturas.","{
  ""analise_coerencia_problema_solucao"": ""O problema identificado é a necessidade de comunicação móvel eficiente e barata, atendida pela solução de um aplicativo de mensagens instantâneas que utiliza a lista telefônica e o número de telefone como identificador único, sem necessidade de cadastro adicional. A proposta de valor é clara e coerente com a dor do cliente."",
  ""analise_viabilidade_economica_canais"": ""O modelo de monetização baseado em taxa de download ou assinatura anual é viável, considerando os custos operacionais com infraestrutura de servidores em nuvem e verificação internacional de números de telefone. Os canais de acesso ao cliente são adequados para o contexto de 2009, com foco inicial em lojas de aplicativos emergentes."",
  ""premissa_salto_de_fe_lofa"": ""A premissa crítica é a aceitação do modelo de monetização baseado em assinaturas anuais em um mercado ainda incipiente para aplicações móveis, onde a maioria dos usuários estava acostumada a pagar por mensagens de texto individuais."",
  ""experimento_mvp_prioritario"": ""O MVP deve incluir a implementação de um aplicativo básico com funcionalidades de envio de mensagens de texto e imagens, sem publicidade e com uma taxa de download ou assinatura anual. O experimento deve testar a aderência do público a um modelo de negócio baseado em assinaturas."",
  ""decisao_lean"": ""Avançar para MVP""
}",Necessita Pivotagem,A premissa crítica é a aceitação de um aplicativo pago em um mercado onde mensageiros gratuitos estão ganhando popularidade.,Desenvolver um MVP gratuito com funcionalidades básicas e monitorar a adesão e a retenção de usuários para validar a hipótese de valor antes de implementar o modelo de assinatura.,"```json
{
  ""analise_coerencia_problema_solucao"": ""A proposta de valor atende a uma necessidade real de comunicação móvel mais econômica e interconectada entre diferentes sistemas operacionais, mas enfrenta a concorrência de mensageiros gratuitos que emergem no mercado."",
  ""analise_viabilidade_economica_canais"": ""O modelo de monetização baseado em assinaturas ou taxas de download é questionável, pois a concorrência gratuita pode desencorajar a adoção paga. A infraestrutura de servidores em nuvem e a verificação internacional de números de telefone são viáveis, mas os custos operacionais podem ser altos."",
  ""premissa_salto_de_fe_lofa"": ""A premissa crítica é a aceitação de um aplicativo pago em um mercado onde mensageiros gratuitos estão ganhando popularidade."",
  ""experimento_mvp_prioritario"": ""Desenvolver um MVP gratuito com funcionalidades básicas e monitorar a adesão e a retenção de usuários para validar a hipótese de valor antes de implementar o modelo de assinatura."",
  ""decisao_lean"": ""Necessita Pivotagem""
}
```"
