ID_Startup,Nome_Real,Nome_Anonimizado,Ano_Fundacao,Ano_Encerramento,Setor_Industria,Modelo_Negocios,Status_Real,Motivo_Real_Gabarito,Rotulo_Categorico,Rotulos_Secundarios,Evento_Critico,Categoria_Evento_Critico,Ano_Evento_Critico,Contexto_Mercado_Equipe,URL_Fonte,Con_Probabilidade,Con_Decisao_Operacional,Con_Veredito,Con_Premissa_Critica,Resposta_Con,Gen_Probabilidade,Gen_Decisao_Operacional,Gen_Veredito,Gen_Premissa_Critica,Resposta_Gen,Diabo_Probabilidade,Diabo_Decisao_Operacional,Diabo_Veredito,Diabo_Premissa_Critica,Resposta_Diabo,Anali_Probabilidade,Anali_Decisao_Operacional,Anali_Veredito,Anali_Premissa_Critica,Resposta_Anali,Anjo_Probabilidade,Anjo_Decisao_Operacional,Anjo_Veredito,Anjo_Premissa_Critica,Resposta_Anjo,Epist_Probabilidade,Epist_Decisao_Operacional,Epist_Veredito,Epist_Premissa_Critica,Resposta_Epist,Reg_Probabilidade,Reg_Decisao_Operacional,Reg_Veredito,Reg_Premissa_Critica,Resposta_Reg
F01,Quibi,Serviço de streaming móvel de vídeos curtos sob assinatura,2018,2020.0,MediaTech B2C,"Serviço de distribuição de vídeo via streaming restrito a smartphones, com episódios de 5 a 10 minutos produzidos sob encomenda. Modelo de receita baseado em assinatura mensal com dois planos (com anúncios ou sem anúncios). A estrutura de custos concentra despesas em licenciamento de direitos autorais, contratação de estúdios e desenvolvimento de aplicativo com suporte a orientação vertical e horizontal.",Falha,"A empresa encerrou as operações em outubro de 2020, seis meses após o lançamento do aplicativo. A conversão de usuários para assinaturas pagas situou-se abaixo das projeções financeiras e a empresa devolveu aproximadamente US$ 350 milhões do capital remanescente aos investidores.",Sem necessidade de mercado,Problema de produto;Modelo de negócios falho,Encerramento das operações e devolução do capital remanescente aos investidores,Sem necessidade de mercado,2020,"A equipe fundadora é composta por executivos sêniores com vasta experiência prévia em gestão na indústria de entretenimento, mídias digitais e plataformas de tecnologia. No ano da análise (2018), o consumo de vídeo em dispositivos móveis divide-se entre plataformas abertas de compartilhamento gratuito suportadas por publicidade e serviços de streaming por assinatura para telas domésticas.",https://news.crunchbase.com/startups/quibi-shutting-down/;https://www.npr.org/2020/10/21/926396526/quibi-short-form-streaming-service-shutting-down;https://techcrunch.com/2018/08/07/katzenberg-whitmans-newtv-raises-1b-from-every-major-hollywood-studio-and-alibaba/;https://www.youtube.com/watch?v=xQQaztSG39Y,40.0,No-Go,No-Go,A premissa crítica mais vulnerável é a capacidade de atrair e reter um número suficiente de assinantes para cobrir os custos iniciais de desenvolvimento e produção de conteúdo. A concorrência de plataformas existentes e a necessidade de criar um grande catálogo de conteúdo sob encomenda podem ser riscos significativos.,"{
  ""analise_problema_mercado"": ""O problema de mercado identificado é a necessidade de conteúdo de vídeo curto e de alta qualidade para dispositivos móveis. A urgência da solução é apoiada pela crescente preferência por consumo de conteúdo em dispositivos móveis e a demanda por conteúdo curto que se alinha com a atenção curta dos usuários modernos. A proposta de valor oferece uma alternativa de assinatura com opções de anúncios ou sem anúncios, que atende a diferentes segmentos de mercado."",
  ""analise_solucao_proposta"": ""A solução proposta é viável operacionalmente, dado o background da equipe fundadora na indústria de entretenimento e tecnologia. No entanto, a adoção da solução pode enfrentar desafios, como a necessidade de criar um grande catálogo de conteúdo sob encomenda, que pode ser demorado e caro. Além disso, a concorrência de plataformas existentes pode ser um obstáculo significativo."",
  ""analise_modelo_receitas_custos"": ""O modelo de receita baseado em assinaturas mensais é coerente com o setor de streaming de vídeo. No entanto, a estrutura de custos, que inclui despesas significativas com licenciamento de direitos autorais e desenvolvimento de aplicativo, pode ser um desafio inicialmente. A viabilidade financeira dependerá da capacidade de atrair e reter um número suficiente de assinantes para cobrir esses custos."",
  ""analise_vantagem_defensabilidade"": ""A vantagem competitiva pode residir na produção de conteúdo sob encomenda, que pode ser mais personalizado e relevante para o público-alvo. No entanto, a defensabilidade do modelo pode ser questionável, pois a concorrência pode rapidamente replicar a oferta de conteúdo curto e de alta qualidade. Além disso, a barreira de entrada para novos competidores pode ser relativamente baixa, especialmente para aqueles com recursos financeiros."",
  ""analise_premissa_critica_risco"": ""A premissa crítica mais vulnerável é a capacidade de atrair e reter um número suficiente de assinantes para cobrir os custos iniciais de desenvolvimento e produção de conteúdo. A concorrência de plataformas existentes e a necessidade de criar um grande catálogo de conteúdo sob encomenda podem ser riscos significativos."",
  ""probabilidade_sobrevivencia"": 40,
  ""decisao_operacional"": ""No-Go""
}",45.0,No-Go,No-Go,"A premissa crítica mais vulnerável é a capacidade de atrair e reter assinantes em um mercado saturado e competitivo, especialmente considerando a necessidade de investimento inicial significativo em produção de conteúdo e desenvolvimento de aplicativo.","{
  ""analise_problema_mercado"": ""A proposta de negócio atende a uma crescente demanda por conteúdo de vídeo curto e de fácil consumo em dispositivos móveis. A urgência da solução é reforçada pela crescente popularidade de plataformas como TikTok e Instagram Reels, que demonstram a necessidade de conteúdo rápido e acessível. No entanto, o mercado já está saturado com alternativas gratuitas e de baixo custo, o que pode dificultar a atração de assinantes."",
  ""analise_solucao_proposta"": ""A solução proposta é viável operacionalmente, com conteúdo sob medida para smartphones e dois modelos de assinatura que atendem a diferentes perfis de consumidor. No entanto, a adoção da solução pode ser limitada pela concorrência existente e pela necessidade de investimento inicial significativo em produção de conteúdo e desenvolvimento de aplicativo."",
  ""analise_modelo_receitas_custos"": ""O modelo de receita baseado em assinaturas mensais é sólido, mas a estrutura de custos pode ser elevada devido ao licenciamento de direitos autorais e contratação de estúdios. A margem de lucro pode ser afetada pela necessidade de investimento inicial significativo e pela concorrência de plataformas gratuitas."",
  ""analise_vantagem_defensabilidade"": ""A vantagem competitiva reside na produção de conteúdo sob medida para smartphones e na oferta de dois modelos de assinatura. No entanto, a defensabilidade pode ser limitada pela facilidade com que novos concorrentes podem entrar no mercado com modelos semelhantes."",
  ""analise_premissa_critica_risco"": ""A premissa crítica mais vulnerável é a capacidade de atrair e reter assinantes em um mercado saturado e competitivo, especialmente considerando a necessidade de investimento inicial significativo em produção de conteúdo e desenvolvimento de aplicativo."",
  ""probabilidade_sobrevivencia"": 45,
  ""decisao_operacional"": ""No-Go""
}",30.0,No-Go,No-Go,"A premissa crítica mais vulnerável é a capacidade de atrair e reter um número suficiente de assinantes para sustentar os custos de produção e licenciamento de conteúdo. Se a demanda por conteúdo exclusivo de 5 a 10 minutos não se concretizar como esperado, ou se a concorrência de plataformas gratuitas e de streaming por assinatura para telas domésticas for excessivamente forte, a empresa pode não ser capaz de gerar receitas suficientes para cobrir seus custos.","{
  ""analise_problema_mercado"": ""O problema de mercado identificado é a necessidade de um serviço de streaming de vídeo curto e exclusivo para dispositivos móveis, que atende a uma demanda crescente por conteúdo de fácil consumo em qualquer lugar. A urgência da solução é justificada pela crescente popularidade de vídeos curtos e pela crescente adesão a serviços de streaming, especialmente em dispositivos móveis."",
  ""analise_solucao_proposta"": ""A solução proposta é um serviço de streaming de vídeo sob assinatura, com conteúdo exclusivo de 5 a 10 minutos, que atende a uma demanda específica de consumidores que buscam conteúdo rápido e fácil de consumir em dispositivos móveis. A adoção dessa solução pode enfrentar desafios devido à concorrência existente de plataformas gratuitas e de serviços de streaming por assinatura para telas domésticas."",
  ""analise_modelo_receitas_custos"": ""O modelo de receita baseia-se em assinaturas mensais, com opções de planos com e sem anúncios, o que pode atrair diferentes segmentos de consumidores. No entanto, a estrutura de custos é significativa, concentrando-se em licenciamento de direitos autorais, contratação de estúdios e desenvolvimento de aplicativo, o que pode comprometer a rentabilidade inicial do negócio."",
  ""analise_vantagem_defensabilidade"": ""A vantagem competitiva reside na oferta de conteúdo exclusivo e curto para dispositivos móveis, que pode ser difícil de replicar por concorrentes. No entanto, a defensabilidade do negócio pode ser comprometida por novas entradas de concorrentes que oferecem conteúdo semelhante, especialmente se esses concorrentes tiverem maior capacidade financeira para investir em conteúdo exclusivo."",
  ""analise_premissa_critica_risco"": ""A premissa crítica mais vulnerável é a capacidade de atrair e reter um número suficiente de assinantes para sustentar os custos de produção e licenciamento de conteúdo. Se a demanda por conteúdo exclusivo de 5 a 10 minutos não se concretizar como esperado, ou se a concorrência de plataformas gratuitas e de streaming por assinatura para telas domésticas for excessivamente forte, a empresa pode não ser capaz de gerar receitas suficientes para cobrir seus custos."",
  ""probabilidade_sobrevivencia"": 30,
  ""decisao_operacional"": ""No-Go""
}",40.0,No-Go,No-Go,A premissa crítica mais vulnerável é a capacidade de atrair e reter usuários suficientes para sustentar os custos operacionais e gerar lucro. A concorrência intensa e a necessidade de investimento significativo em marketing e desenvolvimento de conteúdo podem representar riscos significativos.,"{
  ""analise_problema_mercado"": ""O problema de mercado identificado é a necessidade de um serviço de streaming de vídeo móvel que ofereça conteúdo curto e sob demanda, preenchendo uma lacuna entre plataformas gratuitas com anúncios e serviços de streaming premium. A urgência da solução é justificada pela crescente mobilidade dos consumidores e pelo aumento do consumo de conteúdo digital em dispositivos móveis."",
  ""analise_solucao_proposta"": ""A solução proposta é viável operacionalmente, dado o histórico da equipe fundadora na indústria de entretenimento e tecnologia. No entanto, a adoção da solução pode enfrentar desafios devido à concorrência existente e à necessidade de engajamento contínuo com o público-alvo."",
  ""analise_modelo_receitas_custos"": ""O modelo de receita baseado em assinaturas mensais com opções de anúncios ou sem anúncios é lógico e pode ser sustentável. No entanto, a estrutura de custos, que inclui licenciamento de direitos autorais, contratação de estúdios e desenvolvimento de aplicativo, pode ser significativa e pode comprometer a margem de lucro, especialmente em estágios iniciais devido aos custos de desenvolvimento e aquisição de usuários."",
  ""analise_vantagem_defensabilidade"": ""A vantagem competitiva reside na produção de conteúdo sob encomenda e na experiência da equipe fundadora. No entanto, a defensabilidade pode ser comprometida por barreiras de entrada relativamente baixas para novos concorrentes, especialmente aqueles com acesso a financiamento e recursos tecnológicos."",
  ""analise_premissa_critica_risco"": ""A premissa crítica mais vulnerável é a capacidade de atrair e reter usuários suficientes para sustentar os custos operacionais e gerar lucro. A concorrência intensa e a necessidade de investimento significativo em marketing e desenvolvimento de conteúdo podem representar riscos significativos."",
  ""probabilidade_sobrevivencia"": 40,
  ""decisao_operacional"": ""No-Go""
}",45.0,No-Go,No-Go,"A premissa crítica mais vulnerável é a capacidade de atrair e reter usuários pagantes para um serviço de streaming móvel de vídeos curtos sob assinatura, em um mercado cada vez mais competitivo e saturado de opções gratuitas.","{
  ""analise_problema_mercado"": ""O problema de mercado identificado é a necessidade de conteúdo de vídeo curto e de alta qualidade para consumo em dispositivos móveis, que atenda a um público que valoriza a mobilidade e a conveniência. A urgência da solução é alta, pois o consumo de vídeo em dispositivos móveis está em ascensão e há uma lacuna no mercado para serviços de streaming móvel de vídeos curtos sob assinatura, que atendam a essa demanda."",
  ""analise_solucao_proposta"": ""A solução proposta é viável operacionalmente, pois o serviço de streaming móvel de vídeos curtos sob assinatura atende a uma necessidade real do mercado. A adoção da solução pode ser facilitada pela existência de uma base de usuários que já consomem conteúdo de vídeo em dispositivos móveis, embora possa haver um desafio inicial em convencer esses usuários a pagar por um serviço de streaming móvel de vídeos curtos sob assinatura."",
  ""analise_modelo_receitas_custos"": ""O modelo de receita baseado em assinatura mensal com dois planos (com anúncios ou sem anúncios) é viável financeiramente, pois permite a atração de um público diversificado. No entanto, a estrutura de custos pode ser significativa devido às despesas em licenciamento de direitos autorais, contratação de estúdios e desenvolvimento de aplicativo, o que pode dificultar a geração de lucros iniciais."",
  ""analise_vantagem_defensabilidade"": ""A vantagem competitiva reside na oferta de conteúdo de vídeo curto e de alta qualidade para consumo em dispositivos móveis, que atende a uma necessidade específica do mercado. A defensabilidade do modelo pode ser fortalecida através da criação de uma base de usuários leais e da construção de uma marca forte."",
  ""analise_premissa_critica_risco"": ""A premissa crítica mais vulnerável é a capacidade de atrair e reter usuários pagantes para um serviço de streaming móvel de vídeos curtos sob assinatura, em um mercado cada vez mais competitivo e saturado de opções gratuitas."",
  ""probabilidade_sobrevivencia"": 45,
  ""decisao_operacional"": ""No-Go""
}",40.0,No-Go,No-Go,"A premissa crítica mais vulnerável é a hipótese de que o público-alvo está disposto a pagar por um serviço de streaming móvel exclusivo, em vez de continuar usando plataformas gratuitas. Esta é uma suposição não fundamentada e representa um risco significativo para o modelo de negócios.","{
  ""analise_problema_mercado"": ""A proposta de negócio identifica corretamente uma tendência emergente no consumo de vídeo móvel, onde o conteúdo curto e acessível é cada vez mais valorizado. A dor do mercado é claramente definida como a necessidade de um serviço de streaming móvel que ofereça conteúdo curto e de alta qualidade, sem a interrupção excessiva de anúncios ou o custo de assinaturas premium. No entanto, a premissa de que o público-alvo está disposto a pagar por um serviço de streaming móvel exclusivo, em vez de continuar usando plataformas gratuitas, é um risco epistêmico significativo."",
  ""analise_solucao_proposta"": ""A solução proposta é viável operacionalmente, com uma equipe experiente e um modelo de produção de conteúdo sob encomenda. No entanto, a adoção do serviço pode enfrentar desafios devido à concorrência existente de plataformas gratuitas e de assinatura, que já oferecem conteúdo de vídeo curto. A adoção do serviço também pode ser prejudicada pela necessidade de um aplicativo dedicado, que pode ser um atrito para os usuários."",
  ""analise_modelo_receitas_custos"": ""O modelo de receita baseado em assinaturas mensais é sólido, com a possibilidade de monetização através de anúncios para os usuários que optam por um plano gratuito. No entanto, a estrutura de custos é significativa, com despesas significativas em licenciamento de direitos autorais e desenvolvimento de aplicativo. A viabilidade financeira dependerá da capacidade de atrair e reter um número suficiente de assinantes para cobrir esses custos."",
  ""analise_vantagem_defensabilidade"": ""A vantagem competitiva do serviço reside em sua proposta de valor única de conteúdo curto e de alta qualidade, bem como a experiência do usuário otimizada para dispositivos móveis. No entanto, a defensabilidade do modelo de negócios é questionável, pois a concorrência pode rapidamente replicar a oferta de conteúdo curto e de alta qualidade, e a barreira de entrada para novos competidores é relativamente baixa."",
  ""analise_premissa_critica_risco"": ""A premissa crítica mais vulnerável é a hipótese de que o público-alvo está disposto a pagar por um serviço de streaming móvel exclusivo, em vez de continuar usando plataformas gratuitas. Esta é uma suposição não fundamentada e representa um risco significativo para o modelo de negócios."",
  ""probabilidade_sobrevivencia"": 40,
  ""decisao_operacional"": ""No-Go""
}",45.0,No-Go,No-Go,"A premissa crítica mais vulnerável é a capacidade de atrair e reter assinantes em um mercado altamente competitivo, onde a oferta de conteúdo exclusivo e de alta qualidade é essencial para o sucesso. Além disso, a conformidade com as regulamentações de privacidade e proteção de dados pode ser um desafio significativo para a operação do serviço.","{
  ""analise_problema_mercado"": ""O problema de mercado identificado é a necessidade de um serviço de streaming de vídeo curto e exclusivo para smartphones, que atende a um nicho de consumidores que valorizam a mobilidade e a conveniência. A urgência da solução é justificada pela crescente demanda por conteúdo de vídeo de fácil consumo em dispositivos móveis, bem como pela necessidade de fornecer uma alternativa a serviços de streaming tradicionais que não se adaptam bem ao formato de telas menores."",
  ""analise_solucao_proposta"": ""A solução proposta é um serviço de streaming sob demanda que oferece conteúdo curto e exclusivo para smartphones. A adoção dessa solução pode enfrentar atritos legais e regulatórios, especialmente em relação à licenciamento de direitos autorais e à conformidade com as regulamentações de privacidade e proteção de dados. Além disso, a solução pode depender de uma infraestrutura tecnológica robusta para suportar a orientação vertical e horizontal, o que pode aumentar os custos operacionais."",
  ""analise_modelo_receitas_custos"": ""O modelo de receita baseado em assinaturas mensais é viável, mas a margem de lucro pode ser afetada por custos elevados de licenciamento de direitos autorais e desenvolvimento de aplicativo. A estrutura de custos é composta principalmente por despesas de licenciamento de direitos autorais, contratação de estúdios e desenvolvimento de aplicativo, o que pode limitar a escalabilidade do modelo de negócios."",
  ""analise_vantagem_defensabilidade"": ""A vantagem competitiva reside na oferta de conteúdo exclusivo e curto para smartphones, bem como na experiência do usuário otimizada para telas menores. No entanto, a defensabilidade do modelo de negócios pode ser comprometida por barreiras de entrada baixas para novos concorrentes e pela necessidade de licenciamento de direitos autorais, que pode ser um obstáculo para a escalabilidade."",
  ""analise_premissa_critica_risco"": ""A premissa crítica mais vulnerável é a capacidade de atrair e reter assinantes em um mercado altamente competitivo, onde a oferta de conteúdo exclusivo e de alta qualidade é essencial para o sucesso. Além disso, a conformidade com as regulamentações de privacidade e proteção de dados pode ser um desafio significativo para a operação do serviço."",
  ""probabilidade_sobrevivencia"": 45,
  ""decisao_operacional"": ""No-Go""
}"
F02,Theranos,Plataforma de testes laboratoriais e análises clínicas em ponto de atendimento,2003,2018.0,HealthTech Diagnostics,"Plataforma de diagnósticos laboratoriais voltada à execução de testes automatizados a partir de amostras de sangue capilar em cartuchos e dispositivos miniaturizados proprietários. O modelo de receita baseia-se na cobrança direta por exame realizado (desembolso direto do paciente ou reembolso securitário) e em parcerias de distribuição em centros de atendimento integrados a redes de farmácias. A estrutura de custos concentra despesas em pesquisa e desenvolvimento de microfluídica, fabricação de hardware proprietário e processos de certificação laboratorial e regulatória.",Falha,"A empresa encerrou as operações e foi liquidada em 2018 após investigações da SEC, do Departamento de Justiça dos Estados Unidos e de agências reguladoras de saúde (CMS/FDA) que constataram inconsistências na exatidão dos equipamentos proprietários, culminando na invalidação de exames realizados, revogação de licenças laboratoriais e processos judiciais contra os executivos.",Problema regulatório ou legal,Produto ruim;Modelo de negócios falho,Abertura de processo e acusação formal de fraude pela SEC contra a empresa e sua liderança,Problema regulatório ou legal,2018,"A equipe fundadora conta com formação técnica em engenharia química e suporte de conselheiros acadêmicos especializados em engenharia de processos. No ano da análise (2003), o setor de medicina diagnóstica nos Estados Unidos é estruturado em torno de processamento centralizado de amostras venosas em laboratórios clínicos de referência e analisadores comerciais hospitalares.",https://www.sec.gov/news/press-release/2018-41;https://www.justice.gov/usao-ndca/pr/theranos-founder-and-former-chief-operating-officer-charged-wire-fraud;https://www.cnn.com/2022/07/07/tech/theranos-rise-and-fall/index.html;https://en.wikipedia.org/wiki/Theranos;https://en.wikipedia.org/wiki/Elizabeth_Holmes,40.0,No-Go,No-Go,A premissa crítica mais vulnerável é a capacidade de obter certificação laboratorial e regulatória em um prazo e custo aceitáveis. Atrasos ou altos custos de certificação podem comprometer a viabilidade econômica do modelo.,"{
  ""analise_problema_mercado"": ""A proposta de negócio identifica uma dor de mercado significativa no setor de diagnósticos laboratoriais, onde o processo de testes clínicos é centralizado e demorado. A solução proposta, que envolve testes automatizados em amostras de sangue capilar, tem o potencial de acelerar o tempo de diagnóstico e reduzir custos, especialmente em cenários de emergência médica ou em consultórios médicos."",
  ""analise_solucao_proposta"": ""A solução proposta é tecnicamente viável, dado o background da equipe fundadora e o suporte de conselheiros acadêmicos. No entanto, a adoção da solução pode enfrentar desafios devido à necessidade de certificação laboratorial e regulatória, bem como a necessidade de treinamento e adaptação dos profissionais de saúde."",
  ""analise_modelo_receitas_custos"": ""O modelo de receita baseado na cobrança direta por exame realizado e parcerias de distribuição em centros de atendimento integrados a redes de farmácias é plausível. No entanto, a estrutura de custos, que concentra despesas em pesquisa e desenvolvimento de microfluídica, fabricação de hardware proprietário e processos de certificação laboratorial e regulatória, pode ser significativa e demorada para gerar receita."",
  ""analise_vantagem_defensabilidade"": ""A vantagem competitiva reside na propriedade intelectual dos dispositivos miniaturizados e cartuchos proprietários. No entanto, a defensabilidade do modelo pode ser comprometida por entrantes com tecnologias semelhantes ou alternativas de diagnóstico mais baratas."",
  ""analise_premissa_critica_risco"": ""A premissa crítica mais vulnerável é a capacidade de obter certificação laboratorial e regulatória em um prazo e custo aceitáveis. Atrasos ou altos custos de certificação podem comprometer a viabilidade econômica do modelo."",
  ""probabilidade_sobrevivencia"": 40,
  ""decisao_operacional"": ""No-Go""
}",45.0,No-Go,No-Go,"A premissa crítica mais vulnerável é a capacidade de obter certificação regulatória e de mercado para os dispositivos e cartuchos. Sem essa certificação, a empresa não poderá comercializar seus produtos.","{
  ""analise_problema_mercado"": ""A proposta de negócio visa resolver a necessidade de diagnósticos rápidos e acessíveis em um mercado onde os testes laboratoriais são predominantemente centralizados e demorados. A urgência da solução é aparente, especialmente em cenários de emergência médica ou em áreas com acesso limitado a serviços de saúde."",
  ""analise_solucao_proposta"": ""A solução proposta é inovadora e promissora, com potencial para revolucionar a execução de testes laboratoriais. No entanto, a adoção da tecnologia pode enfrentar desafios devido à necessidade de treinamento para operar os dispositivos e a necessidade de certificação regulatória."",
  ""analise_modelo_receitas_custos"": ""O modelo de receita baseado na cobrança direta por exame realizado e em parcerias de distribuição é viável, mas a estrutura de custos é significativa devido à necessidade de investimento em pesquisa e desenvolvimento, fabricação de hardware proprietário e certificação laboratorial. A viabilidade financeira dependerá da capacidade de escalar a produção e reduzir os custos de fabricação."",
  ""analise_vantagem_defensabilidade"": ""A vantagem competitiva reside na propriedade intelectual dos dispositivos e cartuchos, bem como na tecnologia de microfluídica. No entanto, a defensabilidade pode ser desafiada por empresas com maior capacidade de investimento em pesquisa e desenvolvimento e maior alcance de distribuição."",
  ""analise_premissa_critica_risco"": ""A premissa crítica mais vulnerável é a capacidade de obter certificação regulatória e de mercado para os dispositivos e cartuchos. Sem essa certificação, a empresa não poderá comercializar seus produtos."",
  ""probabilidade_sobrevivencia"": 45,
  ""decisao_operacional"": ""No-Go""
}",30.0,No-Go,No-Go,"A premissa crítica mais vulnerável é a aceitação do modelo de diagnóstico em ponto de atendimento pelos pacientes e provedores de saúde. A falta de confiança ou incentivos para adotar uma nova tecnologia pode inviabilizar a adoção em larga escala e, consequentemente, a viabilidade econômica do negócio.","{
  ""analise_problema_mercado"": ""A proposta de negócio visa resolver a necessidade de diagnósticos mais rápidos e acessíveis, especialmente em cenários onde a coleta de amostras venosas pode ser invasiva ou impraticável. No entanto, em 2003, o setor de medicina diagnóstica nos EUA estava fortemente estabelecido em processos centralizados e a adesão imediata de pacientes e provedores de saúde a um novo modelo de diagnóstico em ponto de atendimento pode ser questionável, especialmente sem evidências clínicas robustas ou incentivos regulatórios."",
  ""analise_solucao_proposta"": ""A solução proposta é inovadora e promissora, mas requer uma infraestrutura de suporte significativa para a fabricação de dispositivos proprietários e a certificação regulatória. A adoção por parte dos pacientes e provedores de saúde pode ser lenta devido à necessidade de treinamento e confiança em novas tecnologias, além de desafios logísticos na distribuição e manutenção dos dispositivos."",
  ""analise_modelo_receitas_custos"": ""O modelo de receita baseado na cobrança direta por exame e parcerias de distribuição é viável, mas a estrutura de custos é significativa devido à necessidade de pesquisa e desenvolvimento contínuo e certificação regulatória. A economia unitária pode ser desafiadora de alcançar devido aos custos iniciais de desenvolvimento e certificação."",
  ""analise_vantagem_defensabilidade"": ""A vantagem competitiva reside na propriedade intelectual dos dispositivos e na tecnologia de microfluídica. No entanto, a defensabilidade do negócio pode ser comprometida por entrantes com recursos financeiros significativos que podem desenvolver tecnologias semelhantes ou alternativas."",
  ""analise_premissa_critica_risco"": ""A premissa crítica mais vulnerável é a aceitação do modelo de diagnóstico em ponto de atendimento pelos pacientes e provedores de saúde. A falta de confiança ou incentivos para adotar uma nova tecnologia pode inviabilizar a adoção em larga escala e, consequentemente, a viabilidade econômica do negócio."",
  ""probabilidade_sobrevivencia"": 30,
  ""decisao_operacional"": ""No-Go""
}",40.0,No-Go,No-Go,A premissa crítica mais vulnerável é a capacidade de escalar a produção de hardware proprietário e dispositivos de teste de forma econômica e eficiente. A viabilidade financeira depende fortemente da eficiência na produção e na capacidade de estabelecer parcerias lucrativas com redes de farmácias.,"{
  ""analise_problema_mercado"": ""A proposta de negócio visa resolver a necessidade de diagnósticos mais rápidos e acessíveis, especialmente em cenários de emergência ou em locais remotos. No entanto, em 2003, o setor de medicina diagnóstica nos EUA estava centrado em processos centralizados e tradicionais, o que pode dificultar a adoção inicial da tecnologia de diagnóstico em ponto de atendimento."",
  ""analise_solucao_proposta"": ""A solução proposta é inovadora e potencialmente revolucionária, oferecendo diagnósticos rápidos e portáteis. No entanto, a adoção de tecnologia de microfluídica e dispositivos proprietários pode enfrentar desafios de adoção devido à necessidade de treinamento e certificação dos profissionais de saúde."",
  ""analise_modelo_receitas_custos"": ""O modelo de receita baseado na cobrança direta por exame e parcerias de distribuição é viável, mas a estrutura de custos envolvendo pesquisa e desenvolvimento, fabricação de hardware e certificação laboratorial pode ser significativa. A sustentabilidade financeira dependerá da eficiência na escala de produção e da capacidade de estabelecer parcerias lucrativas com redes de farmácias."",
  ""analise_vantagem_defensabilidade"": ""A vantagem competitiva reside na propriedade intelectual dos dispositivos e na tecnologia de microfluídica. No entanto, a defensabilidade pode ser comprometida por barreiras regulatórias e custos de certificação. A existência de concorrentes com tecnologias similares pode dificultar a manutenção de uma posição de liderança."",
  ""analise_premissa_critica_risco"": ""A premissa crítica mais vulnerável é a capacidade de escalar a produção de hardware proprietário e dispositivos de teste de forma econômica e eficiente. A viabilidade financeira depende fortemente da eficiência na produção e na capacidade de estabelecer parcerias lucrativas com redes de farmácias."",
  ""probabilidade_sobrevivencia"": 40,
  ""decisao_operacional"": ""No-Go""
}",45.0,No-Go,No-Go,"A premissa crítica mais vulnerável é a aceitação do mercado para a nova tecnologia de testes laboratoriais em ponto de atendimento. A adoção inicial pode ser lenta devido à necessidade de treinamento e adaptação dos profissionais de saúde e pacientes. Além disso, a concorrência de laboratórios tradicionais pode ser significativa, especialmente se eles buscarem se adaptar à nova tecnologia.","{
  ""analise_problema_mercado"": ""A proposta de negócio visa resolver a dor de mercado associada à lentidão e à inacessibilidade dos testes laboratoriais tradicionais. A necessidade de coleta de amostras venosas e o tempo de espera para resultados em laboratórios centrais são problemas reais para pacientes e prestadores de cuidados de saúde. A solução proposta de testes laboratoriais em ponto de atendimento pode oferecer benefícios significativos em termos de conveniência e velocidade, especialmente em casos de diagnóstico rápido e monitoramento contínuo de condições crônicas."",
  ""analise_solucao_proposta"": ""A solução proposta é viável operacionalmente, pois a tecnologia de microfluídica e dispositivos miniaturizados é uma área de pesquisa ativa e promissora. No entanto, a adoção inicial pode enfrentar desafios devido à necessidade de certificação laboratorial e regulatória, além da necessidade de treinamento e adaptação dos profissionais de saúde. A integração com redes de farmácias pode ser um canal viável para alcançar os primeiros usuários, mas pode exigir investimentos significativos em marketing e parcerias."",
  ""analise_modelo_receitas_custos"": ""O modelo de receita baseado na cobrança direta por exame realizado é viável, mas a estrutura de custos pode ser significativa devido à necessidade de pesquisa e desenvolvimento intensiva e certificação regulatória. A economia unitária pode ser afetada por esses custos iniciais, mas a escala pode ajudar a reduzir os custos de produção a longo prazo. A margem de lucro pode ser afetada por concorrência de laboratórios tradicionais e porcentagem de reembolso securitário."",
  ""analise_vantagem_defensabilidade"": ""A vantagem competitiva reside na propriedade intelectual da tecnologia de microfluídica e dispositivos miniaturizados. A barreira de entrada é alta devido à necessidade de certificação laboratorial e regulatória, além da necessidade de investimento em pesquisa e desenvolvimento. No entanto, a concorrência pode surgir de outras empresas que desenvolvem tecnologias semelhantes ou de laboratórios tradicionais que buscam se adaptar à nova tecnologia."",
  ""analise_premissa_critica_risco"": ""A premissa crítica mais vulnerável é a aceitação do mercado para a nova tecnologia de testes laboratoriais em ponto de atendimento. A adoção inicial pode ser lenta devido à necessidade de treinamento e adaptação dos profissionais de saúde e pacientes. Além disso, a concorrência de laboratórios tradicionais pode ser significativa, especialmente se eles buscarem se adaptar à nova tecnologia."",
  ""probabilidade_sobrevivencia"": 45,
  ""decisao_operacional"": ""No-Go""
}",30.0,No-Go,No-Go,"A premissa crítica de sustentação mais vulnerável é a adoção da tecnologia por parte dos pacientes e dos prestadores de serviços de saúde. A adoção da tecnologia pode enfrentar resistência devido à infraestrutura existente e à cultura de uso de laboratórios centralizados, o que pode dificultar a adoção da tecnologia e a geração de receita.","{
  ""analise_problema_mercado"": ""A proposta de negócio identifica uma dor de mercado no setor de medicina diagnóstica, que é a centralização e demora no processamento de amostras em laboratórios clínicos de referência. A solução proposta, que é a realização de testes laboratoriais e análises clínicas em ponto de atendimento, parece atender a uma necessidade de maior rapidez e conveniência para os pacientes. No entanto, a análise do mercado em 2003 sugere que a adoção de uma nova tecnologia pode enfrentar resistência devido à infraestrutura existente e à cultura de uso de laboratórios centralizados. A urgência da solução é questionável, pois a centralização pode ser uma prática estabelecida e eficaz para muitos casos."",
  ""analise_solucao_proposta"": ""A solução proposta é viável operacionalmente, pois a equipe fundadora possui formação técnica adequada e há suporte de conselheiros acadêmicos especializados. No entanto, a adoção da tecnologia pode enfrentar desafios, como a necessidade de treinamento para o uso dos dispositivos e a necessidade de certificação laboratorial e regulatória. Além disso, a solução proposta depende de uma mudança significativa na forma como os testes laboratoriais são realizados, o que pode ser um obstáculo."",
  ""analise_modelo_receitas_custos"": ""O modelo de receita baseia-se na cobrança direta por exame realizado e em parcerias de distribuição em centros de atendimento integrados a redes de farmácias. Este modelo parece viável, pois há uma demanda crescente por testes laboratoriais rápidos e convenientes. No entanto, a estrutura de custos concentra-se em pesquisa e desenvolvimento de microfluídica, fabricação de hardware proprietário e processos de certificação laboratorial e regulatória, o que pode ser caro e demorado."",
  ""analise_vantagem_defensabilidade"": ""A vantagem competitiva da solução proposta é a capacidade de realizar testes laboratoriais em ponto de atendimento, o que pode oferecer uma vantagem significativa em termos de rapidez e conveniência. No entanto, a defensabilidade da solução é questionável, pois a tecnologia pode ser replicada por concorrentes, e a adoção da tecnologia pode ser difícil devido à infraestrutura existente e à cultura de uso de laboratórios centralizados."",
  ""analise_premissa_critica_risco"": ""A premissa crítica de sustentação mais vulnerável é a adoção da tecnologia por parte dos pacientes e dos prestadores de serviços de saúde. A adoção da tecnologia pode enfrentar resistência devido à infraestrutura existente e à cultura de uso de laboratórios centralizados, o que pode dificultar a adoção da tecnologia e a geração de receita."",
  ""probabilidade_sobrevivencia"": 30,
  ""decisao_operacional"": ""No-Go""
}",30.0,No-Go,No-Go,A premissa crítica mais vulnerável é a capacidade de obter e manter as certificações necessárias para operar em um ambiente altamente regulado como a saúde. Atrasos ou rejeições regulatórias podem paralisar a operação e tornar o modelo de negócios inviável.,"{
  ""analise_problema_mercado"": ""A proposta de negócio visa resolver a necessidade de diagnósticos rápidos e acessíveis em ambientes de atendimento ao cliente, como farmácias. No contexto de 2003, a centralização dos laboratórios clínicos e a lentidão dos processos de diagnóstico eram problemas significativos. A solução proposta, com testes automatizados em amostras de sangue capilar, tem potencial para reduzir o tempo de espera e melhorar a acessibilidade, especialmente em áreas rurais ou com poucos recursos médicos."",
  ""analise_solucao_proposta"": ""A solução proposta é inovadora para o período, mas enfrenta desafios significativos de adoção e regulamentação. A necessidade de certificação laboratorial e regulatória, além de pesquisa e desenvolvimento intensivo, indica que a implementação será complexa e demorada. Além disso, a proposta de distribuição em farmácias pode enfrentar resistência de laboratórios estabelecidos e reguladores de saúde."",
  ""analise_modelo_receitas_custos"": ""O modelo de receita baseado na cobrança direta por exame e parcerias de distribuição é viável, mas a estrutura de custos é significativamente alta devido ao investimento em pesquisa e desenvolvimento e certificação. A viabilidade financeira dependerá da capacidade de escalar rapidamente e obter certificações necessárias sem atrasos significativos."",
  ""analise_vantagem_defensabilidade"": ""A vantagem competitiva reside na propriedade intelectual dos dispositivos e cartuchos proprietários, bem como na capacidade de escalar rapidamente. No entanto, a barreira de entrada é significativa devido aos altos custos de desenvolvimento e certificação, o que pode proteger a empresa de novos entrantes. A defensabilidade é forte, mas depende da velocidade de implementação e da capacidade de obter e manter certificações."",
  ""analise_premissa_critica_risco"": ""A premissa crítica mais vulnerável é a capacidade de obter e manter as certificações necessárias para operar em um ambiente altamente regulado como a saúde. Atrasos ou rejeições regulatórias podem paralisar a operação e tornar o modelo de negócios inviável."",
  ""probabilidade_sobrevivencia"": 30,
  ""decisao_operacional"": ""No-Go""
}"
F03,Juicero,Dispositivo conectado de prensagem a frio de sucos por sachês proprietários sob demanda,2013,2017.0,Consumer Hardware,"Sistema de alimentação baseado na comercialização de prensas eletromecânicas conectadas à internet combinada à assinatura e entrega de sachês selados de frutas e vegetais frescos picados. O modelo de receita apoia-se na venda do aparelho de prensagem e na venda recorrente de sachês proprietários, cuja leitura óptica de código QR pelo aparelho valida o lote e a validade antes da extração. A estrutura de custos engloba o desenvolvimento e montagem de componentes de engenharia de alta precisão, aquisição de insumos agrícolas frescos, envase refrigerado e logística de cadeia de frio.",Falha,"A empresa encerrou as operações em setembro de 2017 após a divulgação de testes públicos demonstrando que os sachês de suco podiam ser espremidos manualmente com rendimento equivalente ao aparelho de US$ 400, inviabilizando a proposta de valor do hardware e a sustentabilidade econômica da operação fabril.",Sem necessidade de mercado,Problema de preço ou custo;Produto ruim,Publicação de testes jornalísticos demonstrando que os sachês podiam ser espremidos manualmente sem o uso do equipamento,Sem necessidade de mercado,2017,"A equipe fundadora combina experiência prévia de empreendedorismo e gestão no setor de alimentos e bebidas orgânicas com profissionais de engenharia mecânica especializados no desenvolvimento de bens de consumo duráveis. No ano da análise (2013), o mercado de alimentação saudável e sucos naturais opera por meio de extração manual doméstica ou aquisição direta de garrafas pasteurizadas no varejo físico, em um contexto de expansão do consumo de produtos frescos e orgânicos em grandes centros urbanos.",https://en.wikipedia.org/wiki/Juicero;https://www.bbc.com/news/technology-41148663;https://www.youtube.com/watch?v=5OuJ8hQx6Wk;https://en.wikipedia.org/wiki/Doug_Evans_(entrepreneur),30.0,No-Go,No-Go,"A premissa crítica mais vulnerável é a viabilidade financeira a longo prazo, dada a necessidade de manter uma cadeia de frio rigorosa e a margem de lucro limitada dos sachês. Se a margem de lucro não for suficiente para cobrir os custos de produção e logística, o modelo de negócios pode não ser sustentável.","{
  ""analise_problema_mercado"": ""O problema identificado é o consumo de sucos frescos e naturais, que geralmente requer tempo e esforço para preparar. A solução proposta, um dispositivo conectado que prensa sucos a partir de sachês proprietários, resolve o problema de conveniência e frescor, oferecendo uma alternativa prática para consumidores ocupados que buscam opções saudáveis. A urgência da solução é aparente, especialmente em um contexto de crescente demanda por alimentos frescos e orgânicos em grandes centros urbanos."",
  ""analise_solucao_proposta"": ""A solução proposta é viável operacionalmente, combinando tecnologia de prensagem a frio com um sistema de entrega de sachês frescos. No entanto, a adoção da solução pode enfrentar desafios devido ao alto custo inicial do aparelho e à necessidade de um sistema de entrega confiável e de alta qualidade, o que pode ser um atrito significativo para o consumidor."",
  ""analise_modelo_receitas_custos"": ""O modelo de receitas é baseado na venda do aparelho e na assinatura recorrente de sachês, o que pode ser lucrativo se a margem de lucro dos sachês for suficiente para cobrir os custos de produção e logística. No entanto, a estrutura de custos é significativa devido à necessidade de manter uma cadeia de frio rigorosa e aquisição de insumos agrícolas frescos, o que pode comprometer a viabilidade financeira a curto prazo."",
  ""analise_vantagem_defensabilidade"": ""A vantagem competitiva reside na propriedade do sistema de sachês proprietários e na tecnologia de prensagem a frio. No entanto, a defensabilidade é questionável, pois a concorrência pode replicar o conceito com produtos similares ou alternativas mais baratas. Além disso, a barreira de entrada para a produção de sachês e a manutenção de uma cadeia de frio eficiente pode ser relativamente baixa para novos entrantes."",
  ""analise_premissa_critica_risco"": ""A premissa crítica mais vulnerável é a viabilidade financeira a longo prazo, dada a necessidade de manter uma cadeia de frio rigorosa e a margem de lucro limitada dos sachês. Se a margem de lucro não for suficiente para cobrir os custos de produção e logística, o modelo de negócios pode não ser sustentável."",
  ""probabilidade_sobrevivencia"": 30,
  ""decisao_operacional"": ""No-Go""
}",45.0,No-Go,No-Go,"A premissa crítica mais vulnerável é a capacidade de escalar a logística de entrega de sachês de forma econômica e eficiente, mantendo a qualidade e a frescura dos produtos. Qualquer falha nesse aspecto pode levar a uma queda na satisfação do cliente e na retenção de assinantes.","{
  ""analise_problema_mercado"": ""A proposta de negócio atende a uma demanda crescente por alimentos saudáveis e frescos, especialmente sucos naturais, em um contexto de urbanização e preocupação com a saúde. A solução oferece uma alternativa conveniente e higiênica para a extração de sucos em casa, eliminando a necessidade de equipamentos manuais e reduzindo a dependência de sucos pasteurizados que perdem nutrientes. No entanto, a adoção inicial pode ser lenta devido ao alto custo do aparelho e a necessidade de confiança em um novo sistema de entrega de sachês."",
  ""analise_solucao_proposta"": ""A solução é tecnicamente viável, combinando engenharia mecânica e tecnologia de internet das coisas (IoT) para oferecer uma experiência de usuário conveniente e segura. No entanto, a adoção em massa dependerá de um forte investimento em marketing e educação do consumidor para demonstrar os benefícios e superar a resistência à mudança. A logística de cadeia de frio para a entrega de sachês frescos também apresenta desafios operacionais e custos."",
  ""analise_modelo_receitas_custos"": ""O modelo de receita é baseado em uma combinação de venda inicial do aparelho e receita recorrente de sachês, o que pode ser sustentável se a taxa de retenção de assinantes for alta. No entanto, os custos iniciais de desenvolvimento e produção do aparelho, bem como os custos de logística e manutenção da cadeia de frio, são significativos e podem comprometer a rentabilidade inicial. A margem de lucro por sachê também pode ser limitada devido aos custos de produção e logística."",
  ""analise_vantagem_defensabilidade"": ""A solução apresenta uma vantagem competitiva inicial através da propriedade intelectual do aparelho e do sistema de sachês proprietários. No entanto, a barreira de entrada para concorrentes que possam replicar o conceito é relativamente baixa, especialmente se a tecnologia for rapidamente democratizada. A defensabilidade do modelo também dependerá da capacidade de escalar a logística de entrega de sachês de forma eficiente e econômica."",
  ""analise_premissa_critica_risco"": ""A premissa crítica mais vulnerável é a capacidade de escalar a logística de entrega de sachês de forma econômica e eficiente, mantendo a qualidade e a frescura dos produtos. Qualquer falha nesse aspecto pode levar a uma queda na satisfação do cliente e na retenção de assinantes."",
  ""probabilidade_sobrevivencia"": 45,
  ""decisao_operacional"": ""No-Go""
}",30.0,No-Go,No-Go,"A premissa crítica de sustentação mais vulnerável é a aceitação do consumidor para a adoção de um novo dispositivo de prensagem a frio e sachês proprietários. Se o consumidor não adotar a tecnologia devido a custos iniciais elevados ou resistência ao novo comportamento, a viabilidade do negócio será severamente comprometida.","{
  ""analise_problema_mercado"": ""O problema de mercado identificado é a necessidade de uma solução mais conveniente e higiênica para a extração de sucos naturais em casa, além de uma alternativa mais fresca e saudável em comparação com os sucos pasteurizados disponíveis no mercado. A urgência da solução é apoiada pelo crescimento do interesse em alimentos frescos e orgânicos, especialmente em grandes centros urbanos."",
  ""analise_solucao_proposta"": ""A solução proposta é inovadora e atende a uma necessidade identificada no mercado, oferecendo um dispositivo de prensagem a frio que utiliza sachês proprietários de frutas e vegetais frescos. No entanto, a adoção da solução pode enfrentar desafios devido ao alto custo inicial do aparelho e à necessidade de uma mudança significativa no comportamento do consumidor para adotar a nova tecnologia."",
  ""analise_modelo_receitas_custos"": ""O modelo de receita baseia-se na venda do aparelho de prensagem e na venda recorrente de sachês proprietários. No entanto, a estrutura de custos é significativamente alta devido ao desenvolvimento e montagem de componentes de engenharia de alta precisão, aquisição de insumos agrícolas frescos, envase refrigerado e logística de cadeia de frio. A viabilidade financeira dependerá da capacidade de estabelecer margens suficientes para cobrir esses custos e gerar lucro."",
  ""analise_vantagem_defensabilidade"": ""A vantagem competitiva reside na propriedade dos sachês proprietários e na tecnologia de prensagem a frio. No entanto, a defensabilidade do negócio pode ser comprometida por novos entrantes que possam desenvolver tecnologias semelhantes ou oferecer soluções alternativas de baixo custo para a extração de sucos naturais."",
  ""analise_premissa_critica_risco"": ""A premissa crítica de sustentação mais vulnerável é a aceitação do consumidor para a adoção de um novo dispositivo de prensagem a frio e sachês proprietários. Se o consumidor não adotar a tecnologia devido a custos iniciais elevados ou resistência ao novo comportamento, a viabilidade do negócio será severamente comprometida."",
  ""probabilidade_sobrevivencia"": 30,
  ""decisao_operacional"": ""No-Go""
}",40.0,No-Go,No-Go,"A premissa crítica mais vulnerável é a aceitação do consumidor para a compra de um aparelho de prensagem a frio e a adesão à entrega recorrente de sachês proprietários. Se o consumidor não aceitar a solução, o modelo de negócios pode não ser viável.","{
  ""analise_problema_mercado"": ""O problema de mercado identificado é a falta de uma solução conveniente e higiênica para a extração de sucos naturais em casa, além da necessidade de uma alternativa mais saudável e fresca em comparação com os sucos pasteurizados disponíveis no mercado. A urgência da solução é apoiada pelo crescimento do interesse em alimentação saudável e orgânica, especialmente em grandes centros urbanos."",
  ""analise_solucao_proposta"": ""A solução proposta é inovadora e atende a uma necessidade real, oferecendo uma alternativa higiênica e conveniente para a extração de sucos naturais em casa. No entanto, a adoção da solução pode enfrentar desafios devido ao alto custo inicial do aparelho e à necessidade de entrega recorrente de sachês proprietários, que podem ser um atrito para o consumidor."",
  ""analise_modelo_receitas_custos"": ""O modelo de receitas é baseado na venda do aparelho de prensagem e na venda recorrente de sachês proprietários, o que pode ser viável em um mercado de alta renda e consciente de saúde. No entanto, os custos operacionais são significativos devido ao desenvolvimento e montagem de componentes de engenharia de alta precisão, aquisição de insumos agrícolas frescos, envase refrigerado e logística de cadeia de frio. A margem de lucro pode ser estreita, especialmente se os custos de produção não puderem ser reduzidos com a escala."",
  ""analise_vantagem_defensabilidade"": ""A vantagem competitiva reside na propriedade dos sachês proprietários e na tecnologia de prensagem a frio, que podem ser protegidas por patentes. No entanto, a barreira de entrada pode ser baixa para concorrentes que possam replicar a tecnologia ou oferecer soluções alternativas de baixo custo."",
  ""analise_premissa_critica_risco"": ""A premissa crítica mais vulnerável é a aceitação do consumidor para a compra de um aparelho de prensagem a frio e a adesão à entrega recorrente de sachês proprietários. Se o consumidor não aceitar a solução, o modelo de negócios pode não ser viável."",
  ""probabilidade_sobrevivencia"": 40,
  ""decisao_operacional"": ""No-Go""
}",45.0,No-Go,No-Go,A premissa crítica mais vulnerável é a aceitação do consumidor por um novo conceito de produto e a viabilidade financeira durante a fase inicial devido aos custos de desenvolvimento e montagem de componentes de alta precisão.,"{
  ""analise_problema_mercado"": ""O problema de mercado identificado é a falta de uma solução conveniente e higiênica para a extração de sucos naturais em casa, além da necessidade de sucos frescos e orgânicos que não podem ser facilmente encontrados fora do lar. A proposta de valor do dispositivo conectado de prensagem a frio de sucos por sachês proprietários sob demanda resolve essa dor ao oferecer uma solução higiênica, conveniente e fresca para os consumidores."",
  ""analise_solucao_proposta"": ""A solução proposta é viável operacionalmente, pois combina a venda de um aparelho de prensagem com a entrega de sachês de frutas e vegetais frescos. No entanto, a adoção inicial pode ser desafiadora devido ao alto custo inicial do aparelho e à necessidade de confiança dos consumidores em um novo conceito de produto. A estratégia de canais de distribuição, que inclui a entrega de sachês e a validação de lote e validade através de QR code, é viável para obter os primeiros usuários, mas pode exigir um investimento significativo em marketing e educação do consumidor."",
  ""analise_modelo_receitas_custos"": ""O modelo de receita é baseado na venda do aparelho de prensagem e na venda recorrente de sachês proprietários, o que é viável financeiramente. No entanto, a estrutura de custos envolve o desenvolvimento e montagem de componentes de engenharia de alta precisão, aquisição de insumos agrícolas frescos, envase refrigerado e logística de cadeia de frio, o que pode ser desafiador financeiramente, especialmente durante a fase inicial."",
  ""analise_vantagem_defensabilidade"": ""A vantagem competitiva reside na propriedade intelectual do aparelho de prensagem e na distribuição exclusiva de sachês proprietários. No entanto, a defensabilidade pode ser desafiada por concorrentes que desenvolvam aparelhos similares ou ofereçam sachês de terceiros. A barreira de entrada é alta devido ao desenvolvimento de engenharia de alta precisão e à necessidade de uma cadeia de fornecimento robusta."",
  ""analise_premissa_critica_risco"": ""A premissa crítica mais vulnerável é a aceitação do consumidor por um novo conceito de produto e a viabilidade financeira durante a fase inicial devido aos custos de desenvolvimento e montagem de componentes de alta precisão."",
  ""probabilidade_sobrevivencia"": 45,
  ""decisao_operacional"": ""No-Go""
}",30.0,No-Go,No-Go,"A premissa crítica mais vulnerável é a aceitação do consumidor por um dispositivo de alta tecnologia e um modelo de assinatura recorrente. A adoção do produto depende fortemente de um público-alvo que valoriza a frescor e conveniência oferecidos pelo dispositivo, o que pode não ser garantido.","{
  ""analise_problema_mercado"": ""A proposta de negócio identifica corretamente uma dor de mercado no setor de alimentação saudável, especialmente em relação à conveniência e frescor dos sucos naturais. A solução proposta, um dispositivo conectado para prensagem a frio de sucos por sachês proprietários, visa atender a essa necessidade de maneira inovadora. No entanto, a análise deve considerar se o público-alvo realmente valoriza a frescor e conveniência oferecidos pelo produto, além de avaliar a existência de barreiras de adoção, como custo inicial e complexidade de uso."",
  ""analise_solucao_proposta"": ""A solução proposta é tecnicamente viável, combinando engenharia de alta precisão com logística de cadeia de frio. No entanto, a adoção do dispositivo pode enfrentar desafios devido ao custo inicial elevado e à necessidade de uma mudança significativa no comportamento do consumidor. A solução também depende de uma forte infraestrutura de logística e cadeia de fornecimento para garantir a entrega contínua de sachês frescos, o que pode ser um desafio operacional."",
  ""analise_modelo_receitas_custos"": ""O modelo de receita baseia-se na venda do aparelho de prensagem e na venda recorrente de sachês proprietários, o que pode ser viável se o público-alvo estiver disposto a pagar por um produto de alta qualidade e conveniente. No entanto, a estrutura de custos envolve desafios significativos, incluindo o desenvolvimento e montagem de componentes de engenharia de alta precisão, aquisição de insumos agrícolas frescos e logística de cadeia de frio, o que pode comprometer a margem de lucro."",
  ""analise_vantagem_defensabilidade"": ""A vantagem competitiva do dispositivo reside em sua tecnologia proprietária e na integração com sachês proprietários, que exigem uma forte marca e lealdade do consumidor. No entanto, a entrada de novos concorrentes pode ser relativamente fácil, especialmente se eles puderem replicar a tecnologia ou oferecer soluções alternativas mais baratas ou mais convenientes."",
  ""analise_premissa_critica_risco"": ""A premissa crítica mais vulnerável é a aceitação do consumidor por um dispositivo de alta tecnologia e um modelo de assinatura recorrente. A adoção do produto depende fortemente de um público-alvo que valoriza a frescor e conveniência oferecidos pelo dispositivo, o que pode não ser garantido."",
  ""probabilidade_sobrevivencia"": 30,
  ""decisao_operacional"": ""No-Go""
}",45.0,No-Go,No-Go,"A premissa crítica mais vulnerável é a aceitação do consumidor por um novo método de consumo de sucos e a confiança na tecnologia e na marca. Se a solução não for bem aceita pelo mercado, a startup pode enfrentar dificuldades para gerar receita recorrente a partir da venda de sachês proprietários.","{
  ""analise_problema_mercado"": ""O problema de mercado identificado é a falta de uma solução conveniente e higiênica para a extração de sucos naturais em casa, além da necessidade de uma alternativa mais saudável e fresca em relação aos sucos pasteurizados disponíveis no mercado. A solução proposta, um dispositivo conectado que prensa sucos a partir de sachês proprietários, atende a uma demanda crescente por alimentos frescos e saudáveis, especialmente em grandes centros urbanos."",
  ""analise_solucao_proposta"": ""A solução proposta é tecnicamente viável, mas enfrenta desafios significativos de adoção, como a necessidade de um ecossistema de sachês proprietários e a infraestrutura de logística de cadeia de frio para garantir a frescor e a segurança dos insumos. Além disso, a solução depende da aceitação do consumidor por um novo método de consumo de sucos e da confiança na tecnologia e na marca."",
  ""analise_modelo_receitas_custos"": ""O modelo de receitas é baseado na venda do aparelho de prensagem e na venda recorrente de sachês proprietários, o que pode ser viável se a solução for bem aceita pelo mercado. No entanto, os custos de desenvolvimento e produção de um dispositivo de engenharia de alta precisão, bem como os custos de logística de cadeia de frio, podem ser significativos e representar um desafio para a sustentabilidade financeira inicial da startup."",
  ""analise_vantagem_defensabilidade"": ""A vantagem competitiva reside na propriedade intelectual dos sachês proprietários e na tecnologia de prensagem a frio. No entanto, a defensabilidade dessa vantagem pode ser desafiada por entrantes que desenvolvam tecnologias semelhantes ou que ofereçam alternativas de baixo custo. A barreira de entrada para a produção de sachês proprietários também pode ser relativamente baixa, dependendo da natureza da propriedade intelectual envolvida."",
  ""analise_premissa_critica_risco"": ""A premissa crítica mais vulnerável é a aceitação do consumidor por um novo método de consumo de sucos e a confiança na tecnologia e na marca. Se a solução não for bem aceita pelo mercado, a startup pode enfrentar dificuldades para gerar receita recorrente a partir da venda de sachês proprietários."",
  ""probabilidade_sobrevivencia"": 45,
  ""decisao_operacional"": ""No-Go""
}"
F04,23andMe,Plataforma de genotipagem e testes genéticos direto ao consumidor,2006,2024.0,Biotech / Consumer Health,"Serviço de testes genéticos direto ao consumidor baseado no envio postal de kits de autocoleta de saliva para análise laboratorial de DNA por microarranjos de genotipagem. O modelo de receita apoia-se na venda direta do kit com fornecimento de relatórios online sobre ancestralidade e características genéticas, além da agregação de uma base de dados genotípicos anonimizados para viabilizar parcerias de pesquisa com indústrias farmacêuticas e biotecnológicas. A estrutura de custos engloba aquisição e montagem dos kits físicos, ensaios laboratoriais em instalações terceirizadas credenciadas, processamento bioinformático em servidores e frete postal bidirecional.",Falha,"A empresa acumulou perdas operacionais sucessivas devido ao alto custo de aquisição de clientes e à natureza de compra não recorrente dos testes genéticos, agravadas por restrições regulatórias da FDA sobre relatórios de saúde em 2013 e por um incidente severo de violação de dados em 2023, culminando na renúncia coletiva do conselho de administração e em processo de recuperação judicial e reestruturação de ativos em 2024-2025.",Problema regulatório ou legal,Modelo de negócios falho;Problema de preço ou custo,"Determinação regulatória da FDA em 2013 ordenando a suspensão da comercialização de testes de saúde por falta de autorização sanitária, seguida por severa crise financeira, vazamento massivo de dados em 2023 e renúncia de todo o conselho de administração independente em 2024",Problema regulatório ou legal,2024,"A equipe fundadora reúne formação em ciências biológicas com experiência em análise de investimentos em saúde, em conjunto com especialistas em biotecnologia e pesquisa genômica aplicada. No ano da análise (2006), os ensaios de genotipagem e sequenciamento genético são realizados primariamente em laboratórios clínicos e centros de pesquisa sob prescrição médica, em um cenário de ausência de marcos regulatórios específicos para testes laboratoriais comercializados diretamente ao público.",https://med.stanford.edu/biodesign/our-impact/stories/From-the-Innovators-Workbench-Anne-Wojcicki-CEO-23andme.html;https://www.sec.gov/Archives/edgar/data/1804591/000180459124000045/me-20240331.htm;https://en.wikipedia.org/wiki/23andMe;https://en.wikipedia.org/wiki/Anne_Wojcicki,30.0,No-Go,No-Go,"A premissa crítica mais vulnerável é a falta de regulamentação específica para testes genéticos direto ao consumidor. A introdução de regulamentos rigorosos pode limitar significativamente a capacidade da empresa de comercializar seus serviços, resultando em custos adicionais e potencialmente reduzindo a demanda.","{
  ""analise_problema_mercado"": ""A proposta de negócio atende a uma necessidade emergente de acesso direto ao consumidor de informações genéticas, um campo que, em 2006, estava em expansão mas ainda não regulamentado. A urgência da solução reside na curiosidade do público e na demanda por conhecimento pessoal sobre genética, especialmente em um momento em que a tecnologia de sequenciamento de DNA estava se tornando mais acessível e barata."",
  ""analise_solucao_proposta"": ""A solução proposta é viável operacionalmente, pois utiliza tecnologia existente (microarranjos de genotipagem) e a logística de envio postal para alcançar o público. No entanto, a adoção da solução pode enfrentar desafios devido à falta de conhecimento do consumidor sobre a utilidade e a interpretação correta dos resultados genéticos. Além disso, a necessidade de terceirizar os ensaios laboratoriais pode aumentar os custos e a complexidade operacional."",
  ""analise_modelo_receitas_custos"": ""O modelo de receita é baseado na venda direta de kits de teste genético e na agregação de uma base de dados genotípica para parcerias de pesquisa. Este modelo é potencialmente lucrativo, mas depende da escala para compensar os custos iniciais de desenvolvimento e aquisição de equipamentos. A estrutura de custos inclui aquisição e montagem de kits, custos de terceirização de laboratórios, processamento bioinformático e frete postal, o que pode ser significativo, especialmente no início."",
  ""analise_vantagem_defensabilidade"": ""A vantagem competitiva reside na capacidade de coletar e analisar dados genéticos em larga escala, o que pode atrair parceiros de pesquisa e desenvolvimento de medicamentos. No entanto, a defensabilidade do modelo pode ser comprometida por novos entrantes que oferecem soluções semelhantes ou por mudanças regulatórias que possam limitar a comercialização direta ao consumidor."",
  ""analise_premissa_critica_risco"": ""A premissa crítica mais vulnerável é a falta de regulamentação específica para testes genéticos direto ao consumidor. A introdução de regulamentos rigorosos pode limitar significativamente a capacidade da empresa de comercializar seus serviços, resultando em custos adicionais e potencialmente reduzindo a demanda."",
  ""probabilidade_sobrevivencia"": 30,
  ""decisao_operacional"": ""No-Go""
}",45.0,No-Go,No-Go,"A premissa crítica mais vulnerável é a aceitação do consumidor e a regulamentação do setor. A falta de conhecimento e preocupações com a privacidade podem inibir a adoção inicial. Além disso, a evolução da regulamentação pode criar obstáculos significativos para a operação e escalabilidade da empresa.","{
  ""analise_problema_mercado"": ""A proposta de negócio atende a uma necessidade emergente de acesso a informações genéticas pessoais, uma vez que a genotipagem e o sequenciamento genético eram, na época, limitados a ambientes clínicos e de pesquisa. A falta de regulamentação específica para testes genéticos direto ao consumidor no início de 2006 cria uma janela de oportunidade, mas também apresenta riscos regulatórios significativos. A urgência da solução é apoiada pelo crescente interesse do público em entender sua genética e como isso pode afetar sua saúde e bem-estar."",
  ""analise_solucao_proposta"": ""A solução proposta é inovadora e tem o potencial de democratizar o acesso a testes genéticos, mas enfrenta desafios operacionais significativos. A logística de envio de kits de coleta de amostras e a confidencialidade dos dados genéticos são aspectos críticos que requerem uma infraestrutura robusta e confiável. Além disso, a adoção da solução pode ser lenta devido à necessidade de educação do consumidor sobre a importância e a interpretação correta dos resultados genéticos."",
  ""analise_modelo_receitas_custos"": ""O modelo de receita baseado na venda direta de kits e relatórios online é promissor, mas a estrutura de custos é significativa, incluindo aquisição e montagem de kits, custos de laboratório terceirizado, processamento bioinformático e logística de envio. A margem de lucro pode ser estreita, especialmente no início, enquanto a empresa estabelece sua presença no mercado e escala suas operações. A agregação de uma base de dados genotípica para parcerias de pesquisa pode oferecer uma fonte adicional de receita, mas isso dependerá da aceitação do mercado e da capacidade de estabelecer parcerias estratégicas."",
  ""analise_vantagem_defensabilidade"": ""A defensabilidade do modelo de negócios é questionável devido à natureza inovadora e regulatória do setor. A entrada de novos concorrentes é possível, especialmente à medida que a tecnologia de genotipagem e sequenciamento genético se torna mais acessível e a regulamentação evolui. A empresa pode buscar proteção através de patentes ou marcas registradas, mas a sustentabilidade a longo prazo dependerá da capacidade de manter uma vantagem competitiva em termos de custos, escala e qualidade de serviço."",
  ""analise_premissa_critica_risco"": ""A premissa crítica mais vulnerável é a aceitação do consumidor e a regulamentação do setor. A falta de conhecimento e preocupações com a privacidade podem inibir a adoção inicial. Além disso, a evolução da regulamentação pode criar obstáculos significativos para a operação e escalabilidade da empresa."",
  ""probabilidade_sobrevivencia"": 45,
  ""decisao_operacional"": ""No-Go""
}",20.0,No-Go,No-Go,"A premissa crítica mais vulnerável é a falta de marcos regulatórios específicos para testes laboratoriais direto ao consumidor. A ausência de regulamentação clara pode levar a riscos legais significativos, incluindo multas, interrupção das operações e danos à reputação, o que poderia inviabilizar a operação do negócio.","{
  ""analise_problema_mercado"": ""A proposta de negócio visa atender ao crescente interesse do público em entender sua genética e ancestralidade, mas em 2006, este interesse ainda estava em estágios iniciais e não havia uma demanda clara ou urgente por testes genéticos direto ao consumidor. Além disso, a falta de marcos regulatórios específicos pode criar incertezas e riscos legais significativos."",
  ""analise_solucao_proposta"": ""A solução proposta de testes genéticos direto ao consumidor via kits de autocoleta de saliva é inovadora, mas a adoção por parte do público pode ser lenta devido à falta de conhecimento e confiança em tais testes. Além disso, a necessidade de terceirizar os ensaios laboratoriais pode aumentar os custos e a complexidade operacional."",
  ""analise_modelo_receitas_custos"": ""O modelo de receita baseado na venda de kits e relatórios online, além da agregação de uma base de dados genotípica para parcerias de pesquisa, é ambicioso. No entanto, a margem de lucro pode ser reduzida devido aos custos elevados de aquisição e montagem dos kits, ensaios laboratoriais e processamento bioinformático. Além disso, a monetização da base de dados genotípica pode ser incerta e demorada."",
  ""analise_vantagem_defensabilidade"": ""A vantagem competitiva reside na capacidade de coletar e analisar dados genéticos diretamente do consumidor, mas a defensabilidade é frágil devido à natureza inovadora e regulatória do setor. A entrada de novos concorrentes pode ser relativamente fácil devido à falta de barreiras de entrada claras e a incerteza regulatória."",
  ""analise_premissa_critica_risco"": ""A premissa crítica mais vulnerável é a falta de marcos regulatórios específicos para testes laboratoriais direto ao consumidor. A ausência de regulamentação clara pode levar a riscos legais significativos, incluindo multas, interrupção das operações e danos à reputação, o que poderia inviabilizar a operação do negócio."",
  ""probabilidade_sobrevivencia"": 20,
  ""decisao_operacional"": ""No-Go""
}",30.0,No-Go,No-Go,A premissa crítica mais vulnerável é a falta de regulamentação clara para testes genéticos direto ao consumidor. Mudanças na regulamentação podem ter um impacto significativo no modelo de negócios e na aceitação do mercado.,"{
  ""analise_problema_mercado"": ""A proposta de negócio visa resolver a necessidade de acesso mais amplo e direto ao conhecimento genético pessoal, que é atualmente limitado por questões regulatórias e custos elevados. A urgência da solução é evidente, especialmente considerando o potencial de avanços na medicina personalizada e na compreensão da genética humana."",
  ""analise_solucao_proposta"": ""A solução proposta é viável operacionalmente, mas enfrenta desafios significativos de adoção devido à falta de regulamentação clara e à necessidade de educação do consumidor sobre a relevância e a interpretação correta dos resultados genéticos. Além disso, a necessidade de terceirização de laboratórios pode aumentar os custos operacionais."",
  ""analise_modelo_receitas_custos"": ""O modelo de receitas baseado na venda direta de kits e relatórios online é promissor, mas a estrutura de custos, incluindo aquisição e montagem de kits, custos de laboratório e processamento bioinformático, pode ser significativa. A monetização de dados genéticos para pesquisas pode ser uma fonte adicional de receita, mas requer uma base de usuários significativa e confiança em privacidade e segurança de dados."",
  ""analise_vantagem_defensabilidade"": ""A defensabilidade do modelo é limitada por barreiras de entrada relativamente baixas, especialmente em um cenário sem regulamentação clara. A agregação de uma base de dados genotípicos pode fornecer uma vantagem competitiva, mas requer uma posição de liderança no mercado para ser eficaz."",
  ""analise_premissa_critica_risco"": ""A premissa crítica mais vulnerável é a falta de regulamentação clara para testes genéticos direto ao consumidor. Mudanças na regulamentação podem ter um impacto significativo no modelo de negócios e na aceitação do mercado."",
  ""probabilidade_sobrevivencia"": 30,
  ""decisao_operacional"": ""No-Go""
}",30.0,No-Go,No-Go,A premissa crítica mais vulnerável é a aceitação do público e a conformidade com regulamentações emergentes. A falta de clareza regulatória em 2006 cria um risco significativo para a viabilidade do modelo de negócios.,"{
  ""analise_problema_mercado"": ""A proposta de negócio atende a uma necessidade crescente de acesso a informações genéticas pessoais, especialmente em um cenário onde a genômica pessoal está emergindo como um campo de interesse crescente. No entanto, em 2006, a falta de regulamentação e a incerteza sobre a aceitação do público podem criar desafios significativos para a adoção inicial."",
  ""analise_solucao_proposta"": ""A solução proposta é inovadora e potencialmente transformadora, mas enfrenta desafios operacionais significativos, como a necessidade de conformidade com regulamentações emergentes e a construção de confiança com o público consumidor. A viabilidade de obter os primeiros usuários sem custos proibitivos de aquisição dependerá fortemente da capacidade de educar o mercado sobre os benefícios e segurança dos testes genéticos direto ao consumidor."",
  ""analise_modelo_receitas_custos"": ""O modelo de receita é promissor, com potencial para múltiplos fluxos de receita, incluindo vendas diretas de kits e parcerias de pesquisa. No entanto, os custos iniciais de desenvolvimento e conformidade podem ser significativos, especialmente sem regulamentação clara. A estrutura de custos também inclui desafios logísticos e de processamento de dados."",
  ""analise_vantagem_defensabilidade"": ""A vantagem competitiva inicial pode ser a capacidade de construir uma base de dados genotípica anonimizada, que pode ser valiosa para parcerias futuras. No entanto, a defensabilidade a longo prazo dependerá da capacidade de manter a liderança em conformidade e inovação tecnológica."",
  ""analise_premissa_critica_risco"": ""A premissa crítica mais vulnerável é a aceitação do público e a conformidade com regulamentações emergentes. A falta de clareza regulatória em 2006 cria um risco significativo para a viabilidade do modelo de negócios."",
  ""probabilidade_sobrevivencia"": 30,
  ""decisao_operacional"": ""No-Go""
}",40.0,No-Go,No-Go,"A premissa crítica de sustentação mais vulnerável é a capacidade de escalar a produção de kits e a realização de testes genéticos de forma eficiente, bem como a capacidade de estabelecer parcerias lucrativas com indústrias farmacêuticas e biotecnológicas. Além disso, a ausência de marcos regulatórios específicos para testes genéticos direcionados ao consumidor pode ser um risco potencial, pois pode levar a uma regulamentação mais rigorosa no futuro, o que poderia dificultar a adoção e a escala do modelo de negócio.","{
  ""analise_problema_mercado"": ""A proposta de negócio identifica uma dor de mercado significativa, que é a falta de acesso direto e conveniente a testes genéticos para o consumidor comum. A urgência da solução é apoiada pela crescente consciência do público sobre a importância da genética na saúde e bem-estar. No entanto, a ausência de marcos regulatórios específicos para testes genéticos direcionados ao consumidor pode ser um risco potencial, pois pode levar a uma regulamentação mais rigorosa no futuro, o que poderia dificultar a adoção e a escala do modelo de negócio."",
  ""analise_solucao_proposta"": ""A solução proposta é viável operacionalmente, pois utiliza uma abordagem de kits de autocoleta de saliva e análise laboratorial por microarranjos de genotipagem. No entanto, a adoção da solução pode enfrentar desafios, como a necessidade de educação do consumidor sobre a importância e a interpretação correta dos resultados dos testes genéticos. Além disso, a confiança do consumidor na privacidade e segurança dos dados genéticos pode ser um fator crítico para a adoção da solução."",
  ""analise_modelo_receitas_custos"": ""O modelo de receita é baseado na venda direta de kits de testes genéticos e na agregação de uma base de dados genotípicos anonimizados para viabilizar parcerias de pesquisa com indústrias farmacêuticas e biotecnológicas. A estrutura de custos engloba aquisição e montagem dos kits físicos, ensaios laboratoriais em instalações terceirizadas credenciadas, processamento bioinformático em servidores e frete postal bidirecional. A viabilidade financeira do modelo depende da capacidade de escalar a produção de kits e a realização de testes genéticos de forma eficiente, bem como da capacidade de estabelecer parcerias lucrativas com indústrias farmacêuticas e biotecnológicas."",
  ""analise_vantagem_defensabilidade"": ""A vantagem competitiva da solução proposta reside na capacidade de oferecer testes genéticos direto ao consumidor de forma conveniente e acessível. No entanto, a defensabilidade do modelo de negócio pode ser questionada, pois a entrada de novos concorrentes no mercado pode ser relativamente fácil, especialmente se a regulamentação não for rigorosa. Além disso, a agregação de uma base de dados genotípicos anonimizados pode ser uma vantagem competitiva, mas também pode ser replicada por concorrentes."",
  ""analise_premissa_critica_risco"": ""A premissa crítica de sustentação mais vulnerável é a capacidade de escalar a produção de kits e a realização de testes genéticos de forma eficiente, bem como a capacidade de estabelecer parcerias lucrativas com indústrias farmacêuticas e biotecnológicas. Além disso, a ausência de marcos regulatórios específicos para testes genéticos direcionados ao consumidor pode ser um risco potencial, pois pode levar a uma regulamentação mais rigorosa no futuro, o que poderia dificultar a adoção e a escala do modelo de negócio."",
  ""probabilidade_sobrevivencia"": 40,
  ""decisao_operacional"": ""No-Go""
}",20.0,No-Go,No-Go,"A premissa crítica mais vulnerável é a falta de regulamentação específica para testes genéticos direto ao consumidor. Isso pode criar um risco significativo de execução, pois a empresa pode enfrentar resistência regulatória e institucional que pode paralisar a operação.","{
  ""analise_problema_mercado"": ""A proposta de negócio visa atender a uma demanda crescente por informações genéticas pessoais, mas em 2006, o mercado carece de regulamentação específica para testes genéticos direto ao consumidor. Isso pode criar uma barreira significativa para a adoção e a confiança do público, pois a falta de regulamentação pode ser vista como falta de credibilidade e segurança."",
  ""analise_solucao_proposta"": ""A solução proposta é inovadora e potencialmente revolucionária, mas enfrenta desafios significativos devido à ausência de regulamentação. A falta de marcos legais específicos pode resultar em resistência institucional e regulatória, potencialmente paralisando a operação. Além disso, a necessidade de terceirizar os ensaios laboratoriais em instalações credenciadas pode ser um atrito operacional."",
  ""analise_modelo_receitas_custos"": ""O modelo de receita é baseado na venda direta de kits de testes genéticos e na agregação de uma base de dados genotípicos para parcerias de pesquisa. No entanto, a viabilidade financeira pode ser comprometida pela necessidade de investimentos significativos em infraestrutura e pela incerteza regulatória que pode afetar a demanda e a confiança do consumidor."",
  ""analise_vantagem_defensabilidade"": ""A vantagem competitiva potencial reside na capacidade de coletar e analisar dados genéticos em larga escala, o que pode ser atraente para parceiros de pesquisa. No entanto, a defensabilidade do modelo pode ser comprometida pela falta de regulamentação específica, que pode permitir a entrada de novos concorrentes sem a necessária credibilidade e segurança."",
  ""analise_premissa_critica_risco"": ""A premissa crítica mais vulnerável é a falta de regulamentação específica para testes genéticos direto ao consumidor. Isso pode criar um risco significativo de execução, pois a empresa pode enfrentar resistência regulatória e institucional que pode paralisar a operação."",
  ""probabilidade_sobrevivencia"": 20,
  ""decisao_operacional"": ""No-Go""
}"
F05,Jawbone,Desenvolvedora e fabricante de dispositivos vestíveis e equipamentos de áudio sem fio,1999,2017.0,Wearable Tech,"Empresa de desenvolvimento e fabricação de hardware de áudio e dispositivos de comunicação sem fio baseados em tecnologia de processamento digital de sinais para cancelamento de ruído acústico. O modelo de receita baseia-se na venda transacional direta de aparelhos físicos aos consumidores finais por meio de canais de varejo eletrônico e parcerias com operadoras de telecomunicações e distribuidores de eletrônicos. A estrutura de custos engloba pesquisa e desenvolvimento de algoritmos de áudio e engenharia de produto, aquisição de componentes eletrônicos, terceirização da montagem industrial e distribuição logística internacional.",Falha,"A empresa entrou em processo de liquidação judicial e encerrou as operações em 2017 após enfrentar sucessivos problemas de controle de qualidade e devoluções em sua linha de pulseiras vestíveis, perda de participação de mercado para concorrentes de eletrônicos e incapacidade de sustentar os custos da dívida e da estrutura fabril.",Problema de preço ou custo,Produto ruim;Concorrência predatória,Processo de liquidação judicial dos ativos e encerramento formal das operações em julho de 2017 após acúmulo de passivos e perda de mercado no segmento de pulseiras conectadas,Problema de preço ou custo,2017,"A equipe fundadora é formada por profissionais com formação em engenharia mecânica e desenvolvimento de produto, com experiência prévia de pesquisa aplicada em sistemas de comunicação e microfones com supressão de ruído acústico. No ano da análise (1999), o mercado de telefonia celular inicia a transição para redes digitais com acessórios de áudio com fio convencionais, em um período em que os protocolos de comunicação sem fio de curto alcance estavam em fase preliminar de padronização industrial.",https://en.wikipedia.org/wiki/Jawbone_(company);https://en.wikipedia.org/wiki/Hosain_Rahman;https://www.businessinsider.com/jawbone-is-liquidating-report-2017-7;https://web.archive.org/web/20170707011928/https://www.theverge.com/2017/7/6/15929676/jawbone-liquidating-assets-going-out-of-business,20.0,No-Go,No-Go,A premissa crítica mais vulnerável é a maturidade do mercado de protocolos de comunicação sem fio em 1999. A adoção da solução proposta pode ser limitada pela falta de padronização industrial e infraestrutura de rede adequada para suportar a tecnologia de cancelamento de ruído acústico.,"{
  ""analise_problema_mercado"": ""O problema identificado é a necessidade de melhorar a qualidade do áudio em dispositivos de comunicação sem fio, especialmente em ambientes ruidosos. A urgência da solução é justificada pela transição do mercado de telefonia celular para redes digitais e a crescente demanda por acessórios de áudio sem fio. No entanto, o mercado em 1999 ainda estava em um estágio inicial de padronização de protocolos de comunicação sem fio, o que pode representar um desafio para a adoção imediata da solução proposta."",
  ""analise_solucao_proposta"": ""A solução proposta é a fabricação e venda de dispositivos vestíveis e equipamentos de áudio sem fio que utilizam tecnologia de processamento digital de sinais para cancelamento de ruído acústico. A equipe fundadora possui experiência relevante em pesquisa e desenvolvimento de sistemas de comunicação e microfones com supressão de ruído acústico, o que aumenta a credibilidade da solução. No entanto, a adoção da solução pode ser limitada pela maturidade do mercado de protocolos de comunicação sem fio no ano de 1999."",
  ""analise_modelo_receitas_custos"": ""O modelo de receita baseia-se na venda transacional direta de aparelhos físicos aos consumidores finais por meio de canais de varejo eletrônico e parcerias com operadoras de telecomunicações e distribuidores de eletrônicos. A estrutura de custos engloba pesquisa e desenvolvimento de algoritmos de áudio e engenharia de produto, aquisição de componentes eletrônicos, terceirização da montagem industrial e distribuição logística internacional. A viabilidade financeira depende da capacidade de capturar margens suficientes para cobrir os custos de desenvolvimento e produção, bem como a eficiência da distribuição logística internacional."",
  ""analise_vantagem_defensabilidade"": ""A vantagem competitiva reside na tecnologia proprietária de processamento digital de sinais para cancelamento de ruído acústico. No entanto, a defensabilidade dessa vantagem pode ser comprometida pela natureza emergente do mercado de protocolos de comunicação sem fio em 1999, o que pode permitir a entrada de novos concorrentes com soluções alternativas."",
  ""analise_premissa_critica_risco"": ""A premissa crítica mais vulnerável é a maturidade do mercado de protocolos de comunicação sem fio em 1999. A adoção da solução proposta pode ser limitada pela falta de padronização industrial e infraestrutura de rede adequada para suportar a tecnologia de cancelamento de ruído acústico."",
  ""probabilidade_sobrevivencia"": 20,
  ""decisao_operacional"": ""No-Go""
}",30.0,No-Go,No-Go,A premissa crítica mais vulnerável é a capacidade de estabelecer uma infraestrutura de rede sem fio madura e de educar o mercado sobre os benefícios dos dispositivos sem fio. A falta de infraestrutura e a resistência ao novo pode dificultar a adoção da tecnologia e a geração de receita.,"{
  ""analise_problema_mercado"": ""O problema de mercado identificado é a necessidade de melhorar a qualidade de áudio e comunicação em dispositivos móveis, especialmente em ambientes ruidosos. No entanto, em 1999, o mercado de telefonia celular estava apenas começando a transição para redes digitais e os protocolos de comunicação sem fio ainda estavam em fase inicial de padronização. Isso pode representar uma janela de oportunidade, mas também um risco significativo devido à incerteza tecnológica e à falta de infraestrutura estabelecida para apoiar a adoção de novos dispositivos sem fio."",
  ""analise_solucao_proposta"": ""A solução proposta de desenvolver e fabricar dispositivos vestíveis e equipamentos de áudio sem fio com cancelamento de ruído acústico é inovadora e potencialmente atrativa para consumidores que buscam melhor qualidade de áudio e comunicação. No entanto, a adoção da tecnologia pode ser desafiadora devido à falta de infraestrutura de rede sem fio madura e à necessidade de educação do mercado sobre os benefícios dos dispositivos sem fio."",
  ""analise_modelo_receitas_custos"": ""O modelo de receita baseado na venda direta de aparelhos físicos aos consumidores finais por meio de canais de varejo eletrônico e parcerias com operadoras de telecomunicações e distribuidores de eletrônicos é viável, mas a estrutura de custos envolvendo pesquisa e desenvolvimento de algoritmos de áudio e engenharia de produto, aquisição de componentes eletrônicos e terceirização da montagem industrial pode ser significativa. A distribuição logística internacional também pode representar um desafio devido aos custos e à complexidade."",
  ""analise_vantagem_defensabilidade"": ""A vantagem competitiva potencial reside na tecnologia proprietária de cancelamento de ruído acústico e na experiência da equipe fundadora em desenvolvimento de produto e pesquisa aplicada em sistemas de comunicação. No entanto, a defensabilidade da solução pode ser comprometida pela incerteza tecnológica e pela necessidade de padronização de protocolos de comunicação sem fio, o que pode permitir a entrada de novos concorrentes."",
  ""analise_premissa_critica_risco"": ""A premissa crítica mais vulnerável é a capacidade de estabelecer uma infraestrutura de rede sem fio madura e de educar o mercado sobre os benefícios dos dispositivos sem fio. A falta de infraestrutura e a resistência ao novo pode dificultar a adoção da tecnologia e a geração de receita."",
  ""probabilidade_sobrevivencia"": 30,
  ""decisao_operacional"": ""No-Go""
}",30.0,No-Go,No-Go,"A premissa crítica de sustentação mais vulnerável é a urgência e a maturidade do mercado para dispositivos sem fio. Se o mercado não amadurecer conforme esperado, a demanda por dispositivos sem fio com cancelamento de ruído pode não ser suficiente para sustentar a empresa financeiramente.","{
  ""analise_problema_mercado"": ""O problema de mercado identificado é a necessidade de melhorar a qualidade do áudio em dispositivos de comunicação sem fio, especialmente em ambientes ruidosos. No entanto, em 1999, o mercado de telefonia celular estava apenas começando a transição para redes digitais e os protocolos de comunicação sem fio ainda estavam em fase de padronização. Isso sugere que a urgência da solução proposta pode não ser tão evidente para o consumidor final, uma vez que a infraestrutura e a demanda por dispositivos sem fio ainda estavam em desenvolvimento."",
  ""analise_solucao_proposta"": ""A solução proposta é a fabricação e venda de dispositivos vestíveis e equipamentos de áudio sem fio com tecnologia de cancelamento de ruído acústico. Embora a tecnologia seja promissora, a adoção em massa pode ser lenta devido à falta de infraestrutura de rede e a baixa maturidade do mercado de dispositivos sem fio. Além disso, a terceirização da montagem industrial e a distribuição logística internacional podem aumentar os custos e a complexidade operacional."",
  ""analise_modelo_receitas_custos"": ""O modelo de receita baseia-se na venda transacional direta de aparelhos físicos, o que pode ser desafiador em um mercado ainda em formação. A estrutura de custos inclui pesquisa e desenvolvimento intensivo, aquisição de componentes eletrônicos e terceirização da montagem industrial, o que pode resultar em margens de lucro apertadas, especialmente se a demanda não atender às expectativas."",
  ""analise_vantagem_defensabilidade"": ""A vantagem competitiva proposta é a tecnologia de cancelamento de ruído acústico, que pode ser uma barreira de entrada para novos entrantes. No entanto, a defensabilidade dessa vantagem pode ser comprometida pela rápida evolução tecnológica e pela necessidade de investimento contínuo em pesquisa e desenvolvimento para manter a liderança."",
  ""analise_premissa_critica_risco"": ""A premissa crítica de sustentação mais vulnerável é a urgência e a maturidade do mercado para dispositivos sem fio. Se o mercado não amadurecer conforme esperado, a demanda por dispositivos sem fio com cancelamento de ruído pode não ser suficiente para sustentar a empresa financeiramente."",
  ""probabilidade_sobrevivencia"": 30,
  ""decisao_operacional"": ""No-Go""
}",30.0,No-Go,No-Go,A premissa crítica mais vulnerável é a aceitação do mercado para tecnologias sem fio e cancelamento de ruído em um período em que a infraestrutura de rede ainda está em desenvolvimento. A adoção lenta pode comprometer a viabilidade econômica inicial.,"{
  ""analise_problema_mercado"": ""O mercado de telefonia celular em 1999 estava em transição para redes digitais, com uma demanda emergente por acessórios de áudio sem fio e cancelamento de ruído. No entanto, a adoção de tecnologias sem fio ainda estava em seus estágios iniciais, o que pode representar um desafio para a adoção imediata da solução proposta."",
  ""analise_solucao_proposta"": ""A solução proposta de desenvolver e fabricar dispositivos de áudio e comunicação sem fio com cancelamento de ruído é inovadora para o período, mas pode enfrentar desafios de adoção devido à falta de padronização de protocolos de comunicação sem fio e à infraestrutura de rede ainda em desenvolvimento."",
  ""analise_modelo_receitas_custos"": ""O modelo de receita baseado na venda direta de dispositivos físicos parece viável, mas a estrutura de custos envolvendo pesquisa e desenvolvimento intensivo, aquisição de componentes eletrônicos e terceirização da montagem industrial pode ser significativa. A margem de lucro pode ser pressionada inicialmente devido aos altos custos de desenvolvimento e à necessidade de investimento em marketing para educar o mercado sobre a nova tecnologia."",
  ""analise_vantagem_defensabilidade"": ""A vantagem competitiva reside na tecnologia proprietária de cancelamento de ruído acústico e na experiência da equipe em desenvolvimento de produto. No entanto, a barreira de entrada pode ser baixa para novos competidores que possam rapidamente adquirir tecnologia semelhante, especialmente à medida que a padronização de protocolos de comunicação sem fio avança."",
  ""analise_premissa_critica_risco"": ""A premissa crítica mais vulnerável é a aceitação do mercado para tecnologias sem fio e cancelamento de ruído em um período em que a infraestrutura de rede ainda está em desenvolvimento. A adoção lenta pode comprometer a viabilidade econômica inicial."",
  ""probabilidade_sobrevivencia"": 30,
  ""decisao_operacional"": ""No-Go""
}",30.0,No-Go,No-Go,"A premissa crítica mais vulnerável é a adoção inicial do mercado para tecnologias sem fio e de cancelamento de ruído. Se o mercado não adotar rapidamente essas tecnologias, a startup pode enfrentar dificuldades em obter tração e gerar receita suficiente para sustentar o desenvolvimento e a fabricação de novos produtos.","{
  ""analise_problema_mercado"": ""Em 1999, o mercado de telefonia celular estava em transição para redes digitais, com uma demanda crescente por acessórios de áudio sem fio e com fio. No entanto, a tecnologia de cancelamento de ruído acústico e dispositivos sem fio ainda estavam em suas fases iniciais de desenvolvimento e padronização. A proposta de valor da startup, que oferece dispositivos de áudio com cancelamento de ruído e comunicação sem fio, resolve um problema real para consumidores que desejam melhorar a qualidade de áudio em ambientes ruidosos e a mobilidade dos dispositivos de comunicação. No entanto, a urgência da solução pode ser questionada, pois o mercado ainda estava em fase de transição e a adoção de tecnologias sem fio ainda era incipiente."",
  ""analise_solucao_proposta"": ""A solução proposta, que envolve a fabricação de dispositivos de áudio com cancelamento de ruído e comunicação sem fio, é viável operacionalmente, considerando a experiência técnica da equipe fundadora. No entanto, a adoção inicial pode ser desafiadora devido à falta de padronização dos protocolos de comunicação sem fio e à necessidade de educar o mercado sobre os benefícios dos dispositivos sem fio e de cancelamento de ruído. Além disso, a terceirização da montagem industrial e a distribuição logística internacional podem apresentar desafios de coordenação e custos."",
  ""analise_modelo_receitas_custos"": ""O modelo de receita baseado na venda transacional direta de aparelhos físicos aos consumidores finais por meio de canais de varejo eletrônico e parcerias com operadoras de telecomunicações e distribuidores de eletrônicos é viável, mas pode ser desafiador em um mercado ainda em formação. A estrutura de custos envolvendo pesquisa e desenvolvimento de algoritmos de áudio e engenharia de produto, aquisição de componentes eletrônicos, terceirização da montagem industrial e distribuição logística internacional pode ser significativa, especialmente em um mercado de tecnologia em rápida evolução."",
  ""analise_vantagem_defensabilidade"": ""A vantagem competitiva da startup pode residir em sua capacidade de desenvolver e fabricar dispositivos de áudio com cancelamento de ruído e comunicação sem fio, bem como em sua experiência técnica em sistemas de comunicação e microfones com supressão de ruído acústico. No entanto, a defensabilidade pode ser desafiada por outras empresas de tecnologia que possam entrar no mercado com soluções semelhantes. Além disso, a falta de padronização dos protocolos de comunicação sem fio pode dificultar a criação de barreiras de entrada."",
  ""analise_premissa_critica_risco"": ""A premissa crítica mais vulnerável é a adoção inicial do mercado para tecnologias sem fio e de cancelamento de ruído. Se o mercado não adotar rapidamente essas tecnologias, a startup pode enfrentar dificuldades em obter tração e gerar receita suficiente para sustentar o desenvolvimento e a fabricação de novos produtos."",
  ""probabilidade_sobrevivencia"": 30,
  ""decisao_operacional"": ""No-Go""
}",20.0,No-Go,No-Go,"A premissa crítica mais vulnerável é a adoção da tecnologia proposta pelo mercado de telefonia celular em 1999. A falta de padronização dos protocolos de comunicação sem fio e a baixa maturidade do mercado de telefonia celular podem dificultar a adoção da tecnologia proposta e, consequentemente, a geração de receita.","{
  ""analise_problema_mercado"": ""O problema de mercado identificado é a necessidade de melhorar a qualidade do áudio em dispositivos de comunicação sem fio, especialmente em ambientes ruidosos. No entanto, em 1999, o mercado de telefonia celular ainda estava em transição para redes digitais e os protocolos de comunicação sem fio de curto alcance estavam em fase preliminar de padronização. Isso sugere que o problema identificado pode não ser uma dor imediata para o consumidor, pois a tecnologia de cancelamento de ruído acústico ainda não era uma prioridade para o mercado de telefonia celular."",
  ""analise_solucao_proposta"": ""A solução proposta é a fabricação e venda de dispositivos de áudio e comunicação sem fio com tecnologia de cancelamento de ruído acústico. Embora a equipe tenha experiência relevante em pesquisa e desenvolvimento de algoritmos de áudio e engenharia de produto, a adoção da tecnologia proposta pode enfrentar desafios devido à falta de padronização dos protocolos de comunicação sem fio e à baixa maturidade do mercado de telefonia celular em 1999."",
  ""analise_modelo_receitas_custos"": ""O modelo de receita baseia-se na venda transacional direta de aparelhos físicos aos consumidores finais. No entanto, a falta de padronização dos protocolos de comunicação sem fio e a baixa maturidade do mercado de telefonia celular em 1999 podem dificultar a adoção da tecnologia proposta e, consequentemente, a geração de receita. Além disso, a estrutura de custos engloba pesquisa e desenvolvimento de algoritmos de áudio e engenharia de produto, aquisição de componentes eletrônicos, terceirização da montagem industrial e distribuição logística internacional, o que pode resultar em custos elevados."",
  ""analise_vantagem_defensabilidade"": ""A vantagem competitiva proposta é a tecnologia de cancelamento de ruído acústico. No entanto, a falta de padronização dos protocolos de comunicação sem fio e a baixa maturidade do mercado de telefonia celular em 1999 podem dificultar a defensabilidade dessa vantagem competitiva. Além disso, a tecnologia de cancelamento de ruído acústico pode ser replicada por concorrentes com menor custo, o que pode reduzir a barreira de entrada."",
  ""analise_premissa_critica_risco"": ""A premissa crítica mais vulnerável é a adoção da tecnologia proposta pelo mercado de telefonia celular em 1999. A falta de padronização dos protocolos de comunicação sem fio e a baixa maturidade do mercado de telefonia celular podem dificultar a adoção da tecnologia proposta e, consequentemente, a geração de receita."",
  ""probabilidade_sobrevivencia"": 20,
  ""decisao_operacional"": ""No-Go""
}",30.0,No-Go,No-Go,"A premissa crítica mais vulnerável é a adoção rápida e generalizada de protocolos de comunicação sem fio de curto alcance. Se a padronização não ocorrer conforme esperado, a solução proposta pode enfrentar dificuldades significativas devido à falta de compatibilidade com os dispositivos existentes.","{
  ""analise_problema_mercado"": ""O mercado de telefonia celular em 1999 estava em transição para redes digitais, com uma demanda emergente por acessórios de áudio sem fio. No entanto, a falta de padronização nos protocolos de comunicação sem fio de curto alcance poderia criar barreiras significativas para a adoção de novos produtos. A dor do mercado é a necessidade de melhorar a qualidade do áudio em ambientes ruidosos, mas a solução proposta pode enfrentar desafios devido à falta de infraestrutura regulatória e de padrões industriais."",
  ""analise_solucao_proposta"": ""A solução proposta, que envolve o desenvolvimento e fabricação de dispositivos vestíveis e equipamentos de áudio sem fio, é inovadora para o período, mas pode enfrentar atritos regulatórios e de mercado devido à falta de padronização em protocolos de comunicação sem fio. Além disso, a terceirização da montagem industrial e a distribuição logística internacional podem ser desafios, especialmente em um cenário de incerteza regulatória."",
  ""analise_modelo_receitas_custos"": ""O modelo de receita baseia-se na venda direta de aparelhos físicos, o que pode ser arriscado em um mercado em transição. Os custos envolvem pesquisa e desenvolvimento intensivo, aquisição de componentes eletrônicos e terceirização da montagem industrial, o que pode resultar em margens de lucro apertadas, especialmente se a demanda não se materializar conforme esperado."",
  ""analise_vantagem_defensabilidade"": ""A vantagem competitiva reside na tecnologia proprietária de cancelamento de ruído acústico, mas a defensabilidade pode ser comprometida por questões de padronização e regulatórias. A falta de padrões industriais pode permitir que concorrentes rapidamente copiem ou desenvolvam soluções semelhantes, reduzindo a vantagem competitiva."",
  ""analise_premissa_critica_risco"": ""A premissa crítica mais vulnerável é a adoção rápida e generalizada de protocolos de comunicação sem fio de curto alcance. Se a padronização não ocorrer conforme esperado, a solução proposta pode enfrentar dificuldades significativas devido à falta de compatibilidade com os dispositivos existentes."",
  ""probabilidade_sobrevivencia"": 30,
  ""decisao_operacional"": ""No-Go""
}"
F06,Anki,Desenvolvedora de robótica de consumo e inteligência artificial para entretenimento,2010,2019.0,Robotics / Consumer AI,"Desenvolvimento e fabricação de dispositivos robóticos de entretenimento integrados a aplicativos móveis por visão computacional e inteligência artificial. O modelo de receita apoia-se na venda transacional de hardware (veículos autônomos e robôs compactos) e de pistas e acessórios físicos por meio de canais de varejo físico e comércio eletrônico. A estrutura de custos engloba pesquisa e desenvolvimento de software e firmware de robótica, fabricação seriada de componentes microeletrônicos e sensores ópticos na Ásia, certificação de conformidade e despesas de logística e distribuição global.",Falha,"A empresa encerrou as atividades em abril de 2019 após esgotar suas reservas financeiras e fracassar na obtenção de uma nova rodada de investimento ou aquisição corporativa, não conseguindo gerar margens brutas suficientes nas vendas de hardware para cobrir os altos custos de desenvolvimento de hardware e software.",Fim do caixa,Problema de preço ou custo;Modelo de negócios falho,"Encerramento abrupto das operações e liquidação dos ativos em abril de 2019 após o cancelamento de uma rodada de financiamento de US$ 100 milhões, esgotando o capital de giro para sustentar a operação fabril",Fim do caixa,2019,"A equipe fundadora é composta por pesquisadores com pós-graduação estrita (doutorado) em robótica, com experiência acadêmica e técnica em inteligência artificial, visão computacional e algoritmos de trajetória autônoma. No ano da análise (2010), o setor de entretenimento doméstico e produtos eletrônicos de consumo é baseado em dispositivos estáticos ou rádio-controlados sem processamento inteligente a bordo, coincidindo com o surgimento de sensores ópticos miniaturizados e protocolos sem fio de baixo consumo energético.",https://en.wikipedia.org/wiki/Anki;https://en.wikipedia.org/wiki/Boris_Sofman;https://venturebeat.com/ai/anki-shuts-down-after-raising-nearly-200-million/;https://en.wikipedia.org/wiki/Cozmo,45.0,No-Go,No-Go,"A premissa crítica mais vulnerável é a capacidade de manter a vantagem competitiva frente a novos entrantes e empresas de tecnologia estabelecidas. A tecnologia pode se tornar mais acessível com o tempo, reduzindo a barreira de entrada e permitindo que concorrentes desenvolvam soluções semelhantes.","{
  ""analise_problema_mercado"": ""O problema identificado é a falta de dispositivos robóticos de consumo que integrem inteligência artificial e visão computacional, oferecendo um nível de interatividade e entretenimento superior aos dispositivos estáticos ou rádio-controlados existentes. A urgência da solução é justificada pelo avanço tecnológico que permite a miniaturização de sensores e a redução do consumo energético, tornando tais dispositivos economicamente viáveis."",
  ""analise_solucao_proposta"": ""A solução proposta é coerente com a tecnologia disponível em 2010, especialmente em relação à miniaturização de sensores e protocolos sem fio de baixo consumo energético. No entanto, a adoção da solução pode enfrentar desafios devido à necessidade de integração com aplicativos móveis e a complexidade de desenvolvimento de software e firmware."",
  ""analise_modelo_receitas_custos"": ""O modelo de receita baseado na venda de hardware e acessórios é plausível, mas a estrutura de custos envolvendo pesquisa e desenvolvimento intensivo, fabricação seriada de componentes microeletrônicos e sensores ópticos na Ásia, certificação de conformidade e logística global pode ser significativamente elevada. A margem de lucro pode ser estreita, especialmente no início, devido aos altos custos iniciais de desenvolvimento e certificação."",
  ""analise_vantagem_defensabilidade"": ""A vantagem competitiva reside na integração de inteligência artificial e visão computacional em dispositivos robóticos de consumo, o que pode ser difícil de replicar por concorrentes sem o mesmo nível de expertise em pesquisa e desenvolvimento. No entanto, a defensabilidade pode ser desafiada por novos entrantes que possam desenvolver tecnologias semelhantes ou por empresas de tecnologia estabelecidas que possam adquirir ou desenvolver internamente a tecnologia necessária."",
  ""analise_premissa_critica_risco"": ""A premissa crítica mais vulnerável é a capacidade de manter a vantagem competitiva frente a novos entrantes e empresas de tecnologia estabelecidas. A tecnologia pode se tornar mais acessível com o tempo, reduzindo a barreira de entrada e permitindo que concorrentes desenvolvam soluções semelhantes."",
  ""probabilidade_sobrevivencia"": 45,
  ""decisao_operacional"": ""No-Go""
}",45.0,No-Go,No-Go,"A premissa crítica mais vulnerável é a capacidade de escalar a produção e reduzir os custos unitários de forma sustentável. Se a empresa não conseguir alcançar uma economia de escala, a margem de lucro pode ser insuficiente para sustentar o negócio a longo prazo.","{
  ""analise_problema_mercado"": ""O mercado de 2010 apresentava uma lacuna significativa em termos de dispositivos de consumo inteligentes e autônomos, com a maioria dos produtos sendo estáticos ou controlados por rádio sem processamento de inteligência artificial. A proposta de negócio visa preencher essa lacuna, oferecendo um produto inovador que combina robótica e IA para entretenimento, o que pode gerar um alto nível de interesse e demanda inicial."",
  ""analise_solucao_proposta"": ""A solução proposta é tecnicamente ambiciosa, requerendo um forte conhecimento em robótica, IA e visão computacional. A equipe fundadora é altamente qualificada, o que é um ponto positivo. No entanto, a fabricação e a certificação de conformidade podem ser desafios significativos, especialmente na Ásia, onde a cadeia de fornecimento pode ser menos madura ou menos confiável. Além disso, a adoção do produto pode ser lenta devido à necessidade de educação do mercado sobre a nova tecnologia."",
  ""analise_modelo_receitas_custos"": ""O modelo de receita baseia-se na venda de hardware e acessórios, o que pode ser arriscado em um mercado de consumo em que a margem de lucro é geralmente baixa. Os custos de desenvolvimento de software e hardware, bem como os custos de fabricação e certificação, podem ser significativos, especialmente no início. A viabilidade financeira dependerá fortemente da capacidade de escalar a produção e reduzir os custos unitários."",
  ""analise_vantagem_defensabilidade"": ""A vantagem competitiva potencial reside na combinação única de robótica e IA, bem como na propriedade intelectual associada ao software e ao hardware. No entanto, a barreira de entrada para a fabricação de componentes microeletrônicos e sensores ópticos pode ser relativamente baixa, permitindo a entrada de novos competidores. Além disso, a rápida evolução da tecnologia pode tornar a defensabilidade do modelo de negócios temporária."",
  ""analise_premissa_critica_risco"": ""A premissa crítica mais vulnerável é a capacidade de escalar a produção e reduzir os custos unitários de forma sustentável. Se a empresa não conseguir alcançar uma economia de escala, a margem de lucro pode ser insuficiente para sustentar o negócio a longo prazo."",
  ""probabilidade_sobrevivencia"": 45,
  ""decisao_operacional"": ""No-Go""
}",30.0,No-Go,No-Go,"A premissa crítica mais vulnerável é a capacidade de educar e atrair um público consumidor para adotar tecnologias de robótica de consumo avançadas. Se o público não entender ou não se sentir confortável com a tecnologia, a adoção e a receita podem ser significativamente prejudicadas, inviabilizando o negócio.","{
  ""analise_problema_mercado"": ""A proposta de negócio identifica uma oportunidade no mercado de entretenimento doméstico para dispositivos robóticos de consumo que integram inteligência artificial e visão computacional. No entanto, em 2010, o mercado ainda estava em seus estágios iniciais para tais tecnologias, com pouca concorrência direta, mas também com um público consumidor potencialmente cauteloso em relação a novas tecnologias de alto custo e complexidade."",
  ""analise_solucao_proposta"": ""A solução proposta é inovadora e alinha-se com as tendências emergentes de miniaturização de sensores e protocolos sem fio de baixo consumo energético. No entanto, a adoção da solução pode enfrentar desafios significativos devido à necessidade de educação do mercado e à complexidade técnica envolvida na fabricação e distribuição de dispositivos robóticos avançados."",
  ""analise_modelo_receitas_custos"": ""O modelo de receita baseia-se na venda de hardware e acessórios, o que pode ser arriscado devido às margens de lucro típicas de produtos de consumo e à necessidade de investimento significativo em pesquisa e desenvolvimento e fabricação. A fabricação na Ásia pode reduzir custos, mas também aumenta a complexidade logística e o risco de descontinuidade de fornecimento."",
  ""analise_vantagem_defensabilidade"": ""A vantagem competitiva reside na integração de inteligência artificial e visão computacional em dispositivos robóticos de consumo, o que pode ser difícil de replicar para concorrentes sem experiência técnica similar. No entanto, a barreira de entrada para a fabricação de componentes microeletrônicos e sensores ópticos pode ser relativamente baixa, permitindo a entrada de novos competidores com tecnologias semelhantes."",
  ""analise_premissa_critica_risco"": ""A premissa crítica mais vulnerável é a capacidade de educar e atrair um público consumidor para adotar tecnologias de robótica de consumo avançadas. Se o público não entender ou não se sentir confortável com a tecnologia, a adoção e a receita podem ser significativamente prejudicadas, inviabilizando o negócio."",
  ""probabilidade_sobrevivencia"": 30,
  ""decisao_operacional"": ""No-Go""
}",45.0,No-Go,No-Go,"A premissa crítica mais vulnerável é a capacidade de escalar a produção e manter margens lucrativas enquanto a demanda cresce. A fabricação em larga escala na Ásia pode ser desafiadora no início, e a concorrência pode surgir rapidamente à medida que a tecnologia se torna mais acessível.","{
  ""analise_problema_mercado"": ""O mercado de consumo em 2010 apresentava uma lacuna significativa em termos de dispositivos de entretenimento que incorporavam inteligência artificial e visão computacional. A proposta de negócio visa preencher essa lacuna, oferecendo um produto inovador que pode atrair consumidores interessados em tecnologia avançada. A urgência da solução é apoiada pelo rápido avanço tecnológico e a crescente demanda por produtos inteligentes e interativos."",
  ""analise_solucao_proposta"": ""A solução proposta é viável operacionalmente, dado o forte background técnico da equipe fundadora e a crescente disponibilidade de componentes tecnológicos necessários. No entanto, a adoção da solução pode enfrentar desafios devido à necessidade de educação do mercado sobre a utilidade e o valor desses dispositivos inteligentes. Além disso, a complexidade do produto pode ser um atrito para a adoção inicial."",
  ""analise_modelo_receitas_custos"": ""O modelo de receita baseado na venda de hardware e acessórios parece sustentável, considerando a crescente demanda por produtos tecnológicos de consumo. No entanto, a estrutura de custos, que inclui pesquisa e desenvolvimento intensivo e fabricação em larga escala na Ásia, pode apresentar barreiras de escala, especialmente no início, quando os volumes de produção são menores. A margem de lucro pode ser pressionada por custos iniciais de desenvolvimento e certificação de conformidade."",
  ""analise_vantagem_defensabilidade"": ""A vantagem competitiva reside na capacidade de desenvolver e fabricar dispositivos com tecnologia de ponta. No entanto, a barreira de entrada para concorrentes pode ser relativamente baixa, uma vez que a tecnologia está evoluindo rapidamente e pode se tornar mais acessível com o tempo. Além disso, a necessidade de certificação de conformidade pode ser uma barreira temporária, mas não insuperável."",
  ""analise_premissa_critica_risco"": ""A premissa crítica mais vulnerável é a capacidade de escalar a produção e manter margens lucrativas enquanto a demanda cresce. A fabricação em larga escala na Ásia pode ser desafiadora no início, e a concorrência pode surgir rapidamente à medida que a tecnologia se torna mais acessível."",
  ""probabilidade_sobrevivencia"": 45,
  ""decisao_operacional"": ""No-Go""
}",45.0,No-Go,No-Go,"A premissa crítica mais vulnerável é a aceitação do consumidor por dispositivos de entretenimento com alto nível de tecnologia. A adoção inicial pode ser lenta devido à falta de familiaridade com a tecnologia e ao custo inicial elevado. Além disso, a capacidade de escalar a produção e a logística globalmente sem atrasos significativos é um risco importante.","{
  ""analise_problema_mercado"": ""O mercado de 2010 estava em uma fase de transição, com dispositivos de entretenimento doméstico e eletrônicos de consumo ainda baseados em tecnologias rudimentares. A introdução de sensores ópticos miniaturizados e protocolos sem fio de baixo consumo energético criou uma janela de oportunidade para inovação. A proposta de valor da startup, que combina robótica e inteligência artificial para entretenimento, atende a uma necessidade emergente de interatividade e automação em dispositivos de consumo. No entanto, a urgência da dor de mercado pode ser questionada, pois o mercado ainda estava em processo de evolução e a adoção de novas tecnologias poderia ser lenta."",
  ""analise_solucao_proposta"": ""A solução proposta é viável operacionalmente, com uma equipe técnica altamente qualificada e uma abordagem de desenvolvimento e fabricação que aproveita a miniaturização de sensores e protocolos sem fio. No entanto, a adoção inicial pode enfrentar desafios, pois os consumidores podem ser cautelosos com tecnologias avançadas e caras. Além disso, a fabricação na Ásia pode apresentar desafios logísticos e de certificação de conformidade, o que pode atrasar a disponibilidade do produto no mercado."",
  ""analise_modelo_receitas_custos"": ""O modelo de receita baseado na venda de hardware e acessórios físicos é viável, mas a margem de lucro pode ser afetada por custos de desenvolvimento e fabricação elevados. A estrutura de custos envolve pesquisa e desenvolvimento intensivo, fabricação seriada e logística global, o que pode ser desafiador financeiramente, especialmente em um mercado emergente. A viabilidade financeira depende de uma adoção rápida e de uma estratégia de preços que equilibre a inovação tecnológica com a competitividade no mercado."",
  ""analise_vantagem_defensabilidade"": ""A vantagem competitiva reside na combinação de robótica e inteligência artificial, bem como na integração com aplicativos móveis. No entanto, a defensabilidade pode ser comprometida por novos entrantes que possam replicar a tecnologia ou oferecer soluções alternativas mais acessíveis. A barreira de entrada para a fabricação de componentes microeletrônicos e sensores ópticos pode ser significativa, mas a evolução rápida da tecnologia pode tornar a defensabilidade temporária."",
  ""analise_premissa_critica_risco"": ""A premissa crítica mais vulnerável é a aceitação do consumidor por dispositivos de entretenimento com alto nível de tecnologia. A adoção inicial pode ser lenta devido à falta de familiaridade com a tecnologia e ao custo inicial elevado. Além disso, a capacidade de escalar a produção e a logística globalmente sem atrasos significativos é um risco importante."",
  ""probabilidade_sobrevivencia"": 45,
  ""decisao_operacional"": ""No-Go""
}",40.0,No-Go,No-Go,A premissa crítica mais vulnerável é a capacidade de atingir uma escala de produção e distribuição que permita uma margem de lucro viável. A falta de dados sobre a demanda do consumidor e a urgência da solução pode ser um risco epistêmico.,"{
  ""analise_problema_mercado"": ""A proposta de negócio identifica corretamente uma lacuna no mercado de dispositivos de entretenimento doméstico que não integram inteligência artificial e visão computacional. No entanto, a análise do problema de mercado não aborda a urgência da solução e a escala do problema. A falta de dados sobre a demanda do consumidor e a urgência da solução pode ser um risco epistêmico."",
  ""analise_solucao_proposta"": ""A solução proposta é viável operacionalmente, dado o background técnico da equipe fundadora e a existência de tecnologias emergentes como sensores ópticos miniaturizados e protocolos sem fio de baixo consumo energético. No entanto, a adoção da solução pode enfrentar desafios devido à necessidade de integração com aplicativos móveis e a complexidade de fabricação e logística."",
  ""analise_modelo_receitas_custos"": ""O modelo de receita baseado na venda de hardware e acessórios físicos é plausível, mas a viabilidade financeira depende fortemente da escala de produção e da margem de lucro por unidade vendida. A estrutura de custos envolvendo pesquisa e desenvolvimento, fabricação e logística é compreensível, mas a margem de lucro pode ser baixa devido aos custos iniciais de desenvolvimento e certificação."",
  ""analise_vantagem_defensabilidade"": ""A vantagem competitiva reside na integração de inteligência artificial e visão computacional em dispositivos robóticos de entretenimento. No entanto, a defensabilidade da solução pode ser questionada devido à rápida evolução da tecnologia e à entrada de novos concorrentes com soluções semelhantes."",
  ""analise_premissa_critica_risco"": ""A premissa crítica mais vulnerável é a capacidade de atingir uma escala de produção e distribuição que permita uma margem de lucro viável. A falta de dados sobre a demanda do consumidor e a urgência da solução pode ser um risco epistêmico."",
  ""probabilidade_sobrevivencia"": 40,
  ""decisao_operacional"": ""No-Go""
}",45.0,No-Go,No-Go,"A premissa crítica mais vulnerável é a capacidade de desenvolver e fabricar dispositivos de alta tecnologia em escala comercial de maneira eficiente e econômica. Além disso, a aceitação do mercado para tecnologias avançadas de IA e visão computacional em dispositivos de consumo pode ser incerta, especialmente considerando o cenário de 2010.","{
  ""analise_problema_mercado"": ""A proposta de negócio visa atender uma demanda emergente no mercado de entretenimento doméstico, onde os produtos de consumo ainda são limitados em termos de inteligência e interatividade. A introdução de robôs de entretenimento com capacidades de visão computacional e inteligência artificial pode criar um novo segmento de mercado, especialmente entre consumidores que buscam inovação e interatividade. No entanto, a análise deve considerar a maturidade do mercado e a aceitação inicial de tecnologias avançadas entre os consumidores."",
  ""analise_solucao_proposta"": ""A solução proposta é tecnicamente ambiciosa, requerendo um alto nível de desenvolvimento de software e hardware. A integração de visão computacional e inteligência artificial em dispositivos de consumo pode enfrentar desafios de adoção inicial devido à complexidade e ao custo. Além disso, a fabricação em massa de componentes microeletrônicos e sensores ópticos na Ásia pode enfrentar desafios logísticos e de conformidade regulatória."",
  ""analise_modelo_receitas_custos"": ""O modelo de receita baseado na venda de hardware e acessórios físicos pode ser viável se o preço de venda ao consumidor permitir margens suficientes para cobrir os custos de desenvolvimento e fabricação. No entanto, a viabilidade financeira dependerá significativamente da escala de produção e da eficiência da cadeia de suprimentos. A conformidade com regulamentações de exportação e importação, bem como as normas de segurança e privacidade, pode impactar os custos e a rentabilidade."",
  ""analise_vantagem_defensabilidade"": ""A vantagem competitiva potencial reside na integração de tecnologias avançadas de visão computacional e inteligência artificial em dispositivos de consumo. No entanto, a defensabilidade do modelo pode ser desafiada por concorrentes que possam replicar rapidamente as tecnologias ou oferecer soluções alternativas mais baratas. A propriedade intelectual e a proteção de patentes podem ser cruciais para manter uma vantagem competitiva."",
  ""analise_premissa_critica_risco"": ""A premissa crítica mais vulnerável é a capacidade de desenvolver e fabricar dispositivos de alta tecnologia em escala comercial de maneira eficiente e econômica. Além disso, a aceitação do mercado para tecnologias avançadas de IA e visão computacional em dispositivos de consumo pode ser incerta, especialmente considerando o cenário de 2010."",
  ""probabilidade_sobrevivencia"": 45,
  ""decisao_operacional"": ""No-Go""
}"
F07,Sidecar,Plataforma peer-to-peer de caronas e transporte urbano sob demanda via aplicativo móvel,2012,2015.0,Mobility / Marketplace P2P,"Marketplace bilateral de mobilidade urbana que conecta motoristas em veículos particulares a passageiros por meio de aplicativo móvel com pareamento geoespacial e cálculo dinâmico de rotas. O modelo de receita apoia-se na retenção de uma comissão percentual (take-rate) sobre os pagamentos e doações voluntárias acordadas em cada viagem concluída. A estrutura de custos engloba o desenvolvimento e suporte de infraestrutura em nuvem, aquisição e verificação cadastral de motoristas parceiros e despesas com processamento de pagamentos digitais.",Falha,"A empresa encerrou as operações em dezembro de 2015 após perder participação de mercado para concorrentes com maior disponibilidade de capital (como Uber e Lyft), não conseguindo sustentar a liquidez dos efeitos de rede bilateral nem a expansão de passageiros e motoristas parceiros antes de vender seus ativos de tecnologia para a General Motors em 2016.",Concorrência predatória,Modelo de negócios falho;Fim do caixa,Encerramento formal das operações em dezembro de 2015 e venda dos ativos de software e propriedade intelectual para a General Motors em janeiro de 2016,Concorrência predatória,2015,"A equipe fundadora é liderada por um empreendedor em série com formação em engenharia elétrica e histórico de desenvolvimento de empresas de software e infraestrutura de rede, associado a engenheiros de software e especialistas em sistemas de transporte. No ano da análise (2012), o transporte individual urbano é dominado pelo modelo regulado de frotas municipais de táxis concessionados e operadoras executivas locais, em um momento em que plataformas de transporte compartilhado em veículos particulares iniciam operações preliminares sem marco regulatório definido, recebendo contestações administrativas de órgãos municipais de trânsito.",https://techcrunch.com/2012/06/26/sidecar/;https://www.theguardian.com/technology/2015/dec/30/uber-competitor-sidecar-shut-down;https://en.wikipedia.org/wiki/Sidecar_(company);https://en.wikipedia.org/wiki/Sunil_Paul;https://www.failory.com/cemetery/sidecar,30.0,No-Go,No-Go,A premissa crítica mais vulnerável é a resistência regulatória e a necessidade de estabelecer um marco legal claro para operar. A falta de clareza regulatória pode criar incertezas significativas para a operação e escalabilidade da plataforma.,"{
  ""analise_problema_mercado"": ""O problema de mercado identificado é a falta de uma alternativa eficiente e econômica para o transporte urbano individual, além da ineficiência do sistema de táxis tradicionais. A solução proposta, um marketplace peer-to-peer de caronas e transporte sob demanda, parece atender a uma necessidade real, especialmente em grandes cidades onde o trânsito é intenso e as opções de transporte público são limitadas."",
  ""analise_solucao_proposta"": ""A solução proposta é viável operacionalmente, pois utiliza tecnologia existente para conectar motoristas e passageiros. No entanto, a adoção da solução pode enfrentar desafios, como a necessidade de confiança entre os usuários e a resistência regulatória inicial."",
  ""analise_modelo_receitas_custos"": ""O modelo de receita baseado em comissões sobre as viagens parece sustentável, mas a viabilidade financeira dependerá da escala da plataforma e da taxa de comissão. Os custos de desenvolvimento e manutenção da plataforma, aquisição e verificação de motoristas, e processamento de pagamentos digitais são razoáveis para o setor."",
  ""analise_vantagem_defensabilidade"": ""A defensabilidade do modelo é questionável devido à natureza do setor de transporte compartilhado, que é altamente competitivo e pode ser rapidamente replicado por novos entrantes. Além disso, a regulamentação do setor pode criar barreiras de entrada para novos concorrentes."",
  ""analise_premissa_critica_risco"": ""A premissa crítica mais vulnerável é a resistência regulatória e a necessidade de estabelecer um marco legal claro para operar. A falta de clareza regulatória pode criar incertezas significativas para a operação e escalabilidade da plataforma."",
  ""probabilidade_sobrevivencia"": 30,
  ""decisao_operacional"": ""No-Go""
}",45.0,No-Go,No-Go,"A premissa crítica mais vulnerável é a capacidade de navegar e cumprir as leis locais de trânsito e transporte, bem como a aceitação do modelo de negócio por parte dos órgãos reguladores. A falta de marco regulatório claro pode criar riscos significativos para a sustentabilidade do negócio.","{
  ""analise_problema_mercado"": ""A proposta de negócio visa resolver a dor de mercado relacionada à falta de opções de transporte econômico e eficiente em áreas urbanas. A urgência da solução é evidente, pois o modelo atual de táxis e transporte executivo é caro e ineficiente em termos de ocupação de veículos. No entanto, a falta de marco regulatório e a contestação administrativa podem criar desafios significativos para a implementação e escalabilidade da plataforma."",
  ""analise_solucao_proposta"": ""A solução proposta é viável operacionalmente, pois utiliza tecnologia de pareamento geoespacial e cálculo de rotas para conectar motoristas e passageiros. No entanto, a adoção da solução pode enfrentar desafios devido à necessidade de confiança e segurança dos usuários, bem como à necessidade de conformidade com as leis locais de trânsito e transporte."",
  ""analise_modelo_receitas_custos"": ""O modelo de receita baseado em comissões percentuais sobre pagamentos e doações voluntárias é viável, mas a margem de lucro pode ser afetada por custos elevados de infraestrutura em nuvem, aquisição e verificação cadastral de motoristas parceiros e processamento de pagamentos digitais. A sustentabilidade financeira dependerá da capacidade de escalar efetivamente e reduzir custos operacionais."",
  ""analise_vantagem_defensabilidade"": ""A defensabilidade do modelo de negócio pode ser questionada, pois a barreira de entrada para novos concorrentes é relativamente baixa, especialmente em um ambiente regulatório incerto. A plataforma precisa construir uma base de usuários leais e confiáveis para se diferenciar de concorrentes."",
  ""analise_premissa_critica_risco"": ""A premissa crítica mais vulnerável é a capacidade de navegar e cumprir as leis locais de trânsito e transporte, bem como a aceitação do modelo de negócio por parte dos órgãos reguladores. A falta de marco regulatório claro pode criar riscos significativos para a sustentabilidade do negócio."",
  ""probabilidade_sobrevivencia"": 45,
  ""decisao_operacional"": ""No-Go""
}",30.0,No-Go,No-Go,"A premissa crítica mais vulnerável é a falta de marco regulatório definido para o transporte compartilhado em veículos particulares. A falha dessa premissa pode inviabilizar a operação do negócio, pois a incerteza regulatória pode levar a restrições legais, multas e contestações administrativas que dificultem a operação e escalabilidade da plataforma.","{
  ""analise_problema_mercado"": ""A proposta de negócio visa resolver a dor de mercado relacionada à falta de opções de transporte econômico e eficiente em áreas urbanas. A urgência da solução é evidente, pois o transporte individual urbano é dominado por modelos regulados e caros, enquanto o uso de veículos particulares para caronas e transporte sob demanda começa a emergir como uma alternativa mais acessível e flexível. No entanto, a falta de marco regulatório claro e a contestação administrativa podem criar incertezas e riscos operacionais."",
  ""analise_solucao_proposta"": ""A solução proposta é viável operacionalmente, pois utiliza tecnologia para conectar motoristas e passageiros de maneira eficiente. No entanto, a adoção da solução pode enfrentar desafios devido à falta de regulamentação e à resistência de órgãos municipais de trânsito, o que pode dificultar a escalabilidade e a sustentabilidade do modelo de negócio."",
  ""analise_modelo_receitas_custos"": ""O modelo de receita baseado em comissão percentual sobre os pagamentos e doações voluntárias parece viável, mas a estrutura de custos, que inclui desenvolvimento de infraestrutura em nuvem, aquisição e verificação de motoristas parceiros e processamento de pagamentos digitais, pode ser desafiadora em um ambiente regulatório incerto e competitivo."",
  ""analise_vantagem_defensabilidade"": ""A vantagem competitiva reside na capacidade de conectar motoristas e passageiros de maneira eficiente e econômica. No entanto, a defensabilidade do negócio é frágil devido à falta de barreiras de entrada claras e à incerteza regulatória, o que pode permitir a entrada de novos concorrentes e dificultar a manutenção de uma posição de mercado sustentável."",
  ""analise_premissa_critica_risco"": ""A premissa crítica mais vulnerável é a falta de marco regulatório definido para o transporte compartilhado em veículos particulares. A falha dessa premissa pode inviabilizar a operação do negócio, pois a incerteza regulatória pode levar a restrições legais, multas e contestações administrativas que dificultem a operação e escalabilidade da plataforma."",
  ""probabilidade_sobrevivencia"": 30,
  ""decisao_operacional"": ""No-Go""
}",30.0,No-Go,No-Go,A premissa crítica mais vulnerável é a capacidade de navegar e cumprir com a regulamentação emergente do setor de transporte urbano. A incerteza regulatória pode afetar significativamente a viabilidade do modelo de negócios.,"{
  ""analise_problema_mercado"": ""O problema de mercado identificado é a falta de opções de transporte econômico e eficiente em áreas urbanas, especialmente durante horários de pico. A solução proposta, um marketplace peer-to-peer para caronas e transporte sob demanda, tem potencial para resolver essa dor, mas a urgência é mitigada pela existência de alternativas reguladas e pela incerteza regulatória."",
  ""analise_solucao_proposta"": ""A solução proposta é tecnicamente viável, com uma equipe técnica experiente em desenvolvimento de software e infraestrutura de rede. No entanto, a adoção da solução pode ser prejudicada por questões regulatórias e de segurança, que podem desencorajar tanto motoristas quanto passageiros."",
  ""analise_modelo_receitas_custos"": ""O modelo de receita baseado em comissões sobre viagens concluídas é lógico, mas a sustentabilidade financeira dependerá da escala e da retenção de usuários. Os custos operacionais incluem desenvolvimento de software, suporte à infraestrutura em nuvem e processamento de pagamentos, que podem crescer exponencialmente com a escala. A existência de custos ocultos de escala, como regulamentação e segurança, pode comprometer a liquidez do negócio."",
  ""analise_vantagem_defensabilidade"": ""A defensabilidade do modelo é questionável devido à natureza do mercado de transporte urbano, que é altamente competitivo e sujeito a mudanças regulatórias. Barreiras de entrada podem ser baixas para novos concorrentes, especialmente se a regulamentação for definida de maneira favorável a novos entrantes."",
  ""analise_premissa_critica_risco"": ""A premissa crítica mais vulnerável é a capacidade de navegar e cumprir com a regulamentação emergente do setor de transporte urbano. A incerteza regulatória pode afetar significativamente a viabilidade do modelo de negócios."",
  ""probabilidade_sobrevivencia"": 30,
  ""decisao_operacional"": ""No-Go""
}",30.0,No-Go,No-Go,"A premissa crítica mais vulnerável é a capacidade de superar a resistência regulatória e a incerteza jurídica, que podem limitar a escalabilidade e a viabilidade financeira da plataforma.","{
  ""analise_problema_mercado"": ""O problema de transporte urbano sob demanda é significativo, especialmente em áreas com infraestrutura de transporte público insuficiente ou ineficiente. A proposta de valor da plataforma peer-to-peer de caronas e transporte urbano sob demanda via aplicativo móvel resolve essa dor ao oferecer uma alternativa flexível e acessível de mobilidade urbana. No entanto, a falta de marco regulatório e as contestações administrativas podem criar desafios significativos para a implementação e escalabilidade da solução."",
  ""analise_solucao_proposta"": ""A solução proposta é viável operacionalmente, mas enfrenta desafios de adoção inicial devido à necessidade de superar a resistência regulatória e a incerteza jurídica. A plataforma de pareamento geoespacial e cálculo dinâmico de rotas é uma tecnologia madura e provada, mas a aquisição e verificação cadastral de motoristas parceiros pode ser um atrito inicial significativo."",
  ""analise_modelo_receitas_custos"": ""O modelo de receita baseado em comissões percentuais sobre os pagamentos e doações voluntárias é viável, mas a estrutura de custos, especialmente os custos de aquisição e verificação cadastral de motoristas parceiros, pode ser significativa no início. A economia unitária pode ser positiva a longo prazo, mas a viabilidade financeira a curto prazo é incerta."",
  ""analise_vantagem_defensabilidade"": ""A plataforma possui vantagens competitivas iniciais, como a tecnologia de pareamento geoespacial e cálculo dinâmico de rotas, mas a defensabilidade a longo prazo é incerta devido à natureza do setor de transporte urbano sob demanda, que é altamente competitivo e sujeito a inovações tecnológicas contínuas. Além disso, a incerteza regulatória pode criar barreiras de entrada para novos concorrentes."",
  ""analise_premissa_critica_risco"": ""A premissa crítica mais vulnerável é a capacidade de superar a resistência regulatória e a incerteza jurídica, que podem limitar a escalabilidade e a viabilidade financeira da plataforma."",
  ""probabilidade_sobrevivencia"": 30,
  ""decisao_operacional"": ""No-Go""
}",30.0,No-Go,No-Go,"A premissa crítica mais vulnerável é a aceitação regulatória e a adoção da solução pelos usuários, que são fundamentais para a viabilidade do modelo de negócio, mas não são comprovadas na análise fornecida.","{
  ""analise_problema_mercado"": ""A proposta de negócio identifica corretamente uma dor de mercado emergente no setor de mobilidade urbana, onde a demanda por serviços de transporte sob demanda e compartilhado cresce em um contexto regulatório incerto. A urgência da solução é apoiada na crescente demanda por mobilidade flexível e econômica, mas depende de um cenário de aceitação e adaptação regulatória, o que é um risco significativo."",
  ""analise_solucao_proposta"": ""A solução proposta é viável operacionalmente, com um modelo de negócio que utiliza tecnologia para conectar motoristas e passageiros. No entanto, a adoção da solução depende de fatores como a confiança dos usuários em compartilhar viagens com estranhos e a aceitação regulatória, ambos não fundamentados em evidências concretas na análise fornecida."",
  ""analise_modelo_receitas_custos"": ""O modelo de receitas baseado em comissões sobre viagens é plausível, mas a sustentabilidade financeira depende da escala e da taxa de adoção, que são incertas no contexto de 2012. Os custos de desenvolvimento e suporte de infraestrutura em nuvem são comuns para plataformas de tecnologia, mas a viabilidade econômica depende de uma taxa de adoção que não é comprovada."",
  ""analise_vantagem_defensabilidade"": ""A defensabilidade do modelo de negócio é questionável, pois a barreira de entrada para novos concorrentes é baixa em um mercado onde a regulamentação é incerta e a tecnologia é relativamente padronizada. A sustentabilidade a longo prazo depende de fatores não comprovados, como a capacidade de estabelecer uma base de usuários leal e a adaptação ao marco regulatório emergente."",
  ""analise_premissa_critica_risco"": ""A premissa crítica mais vulnerável é a aceitação regulatória e a adoção da solução pelos usuários, que são fundamentais para a viabilidade do modelo de negócio, mas não são comprovadas na análise fornecida."",
  ""probabilidade_sobrevivencia"": 30,
  ""decisao_operacional"": ""No-Go""
}",30.0,No-Go,No-Go,A premissa crítica mais vulnerável é a dependência de um marco regulatório favorável para a operação e escalabilidade da plataforma. A falta de clareza regulatória pode criar riscos significativos para a viabilidade e sustentabilidade do modelo de negócios.,"{
  ""analise_problema_mercado"": ""A proposta de negócio visa resolver a dor de mercado relacionada à falta de opções de transporte econômico e eficiente em áreas urbanas. A urgência da solução é evidente, pois há uma crescente demanda por alternativas de mobilidade urbana que não dependem de infraestrutura de transporte público ou de táxis tradicionais. No entanto, a falta de um marco regulatório claro pode criar uma barreira significativa para a adoção e escalabilidade da solução."",
  ""analise_solucao_proposta"": ""A solução proposta é viável operacionalmente, mas enfrenta atritos de adoção devido à falta de regulamentação clara no setor de transporte compartilhado em veículos particulares. A implementação da solução pode ser prejudicada por contestações administrativas e potenciais restrições legais que podem surgir à medida que o setor evolui."",
  ""analise_modelo_receitas_custos"": ""O modelo de receitas baseado em comissões percentuais sobre as viagens realizadas é viável, mas a estrutura de custos pode ser significativamente afetada por despesas adicionais relacionadas a consultoria jurídica e lobby para a criação de um marco regulatório favorável. Além disso, a viabilidade econômica pode ser comprometida se a regulamentação resultar em custos adicionais significativos para os parceiros motoristas."",
  ""analise_vantagem_defensabilidade"": ""A vantagem competitiva da plataforma reside em sua capacidade de conectar motoristas e passageiros de maneira eficiente. No entanto, a defensabilidade do modelo pode ser comprometida se a regulamentação futura criar barreiras de entrada para novos concorrentes ou se a plataforma não conseguir adaptar-se rapidamente às mudanças regulatórias."",
  ""analise_premissa_critica_risco"": ""A premissa crítica mais vulnerável é a dependência de um marco regulatório favorável para a operação e escalabilidade da plataforma. A falta de clareza regulatória pode criar riscos significativos para a viabilidade e sustentabilidade do modelo de negócios."",
  ""probabilidade_sobrevivencia"": 30,
  ""decisao_operacional"": ""No-Go""
}"
F08,Color,Aplicativo móvel de rede social e compartilhamento de fotos por proximidade geográfica,2011,2012.0,Social App,"Rede social móvel baseada na agregação e exibição em tempo real de fotos e vídeos capturados por usuários localizados em um raio físico comum de aproximadamente 45 metros, utilizando sensores de rádio, Bluetooth e acústica do smartphone sem exigir solicitação de amizade ou perfis pré-estabelecidos. A empresa opera em estágio pré-operacional de receita (pré-revenue), concentrando recursos na expansão de downloads e base ativa de usuários antes da introdução de formatos publicitários locais patrocinados. A estrutura de custos engloba o desenvolvimento de aplicativos em sistemas operacionais móveis, processamento e compressão de imagens em servidores de nuvem e despesas administrativas com equipe técnica e aquisição de domínios corporativos.",Falha,"A empresa encerrou as operações no final de 2012 após registrar baixa retenção e engajamento insuficiente de usuários pós-lançamento, cuja dependência de múltiplos usuários simultâneos no mesmo perímetro geográfico gerava feeds vazios em áreas de baixa densidade, culminando na venda de sua equipe de engenharia para a Apple por cerca de US$ 7 milhões.",Sem necessidade de mercado,Produto ruim;Modelo de negócios falho,Descontinuação definitiva do aplicativo e liquidação dos ativos corporativos no final de 2012 após aquisição da equipe técnica pela Apple,Sem necessidade de mercado,2012,"A equipe fundadora é liderada por empreendedores com histórico prévio de desenvolvimento e venda de plataformas de software para a web e serviços de mídia digital, reunindo profissionais de engenharia de software e operações. No ano da análise (2011), as redes sociais móveis expandem-se com a popularização de smartphones dotados de câmeras, operando predominantemente sob grafos sociais relacionais explícitos (redes de amigos e seguidores) e perfis com filtros fotográficos, em contraste com propostas de redes efêmeras baseadas estritamente em proximidade física por sensores.",https://en.wikipedia.org/wiki/Color_Labs;https://en.wikipedia.org/wiki/Bill_Nguyen;https://www.cnet.com/culture/new-photo-app-color-hopes-to-see-the-future/;https://domainnamewire.com/2011/03/24/sequoia-and-bain-capital-backed-startup-was-350000-color-com-buyer/;https://www.erichstauffer.com/management/what-happened-to-color,40.0,No-Go,No-Go,"A premissa crítica mais vulnerável é a capacidade de construir uma base de usuários significativa e engajada sem a necessidade de conexões pré-existentes. A adoção da solução depende fortemente da confiança e da privacidade dos usuários, o que pode ser um desafio.","{
  ""analise_problema_mercado"": ""O problema identificado é a necessidade de uma experiência de rede social mais imersiva e baseada em proximidade física, o que pode ser atraente para um público que valoriza interações sociais espontâneas e locais. A urgência da solução é justificada pelo crescimento do uso de smartphones e câmeras integradas, bem como pela crescente demanda por experiências sociais digitais que transcendem as limitações de redes sociais tradicionais baseadas em conexões pré-existentes."",
  ""analise_solucao_proposta"": ""A solução proposta é inovadora e alinha-se com a tendência de redes sociais móveis baseadas em proximidade. No entanto, a adoção da solução pode enfrentar desafios devido à necessidade de confiança e privacidade dos usuários em compartilhar conteúdo sem conexões pré-existentes e a necessidade de um ecossistema de sensores e tecnologias de localização robusto para funcionar efetivamente."",
  ""analise_modelo_receitas_custos"": ""A estrutura de custos é coerente com o estágio atual do negócio, focando no desenvolvimento do aplicativo e na infraestrutura de nuvem necessária para processamento de imagens. A estratégia de introduzir publicidade local patrocinada como fonte de receita é plausível, mas a viabilidade financeira dependerá significativamente do crescimento da base de usuários e da aderência ao modelo de negócio."",
  ""analise_vantagem_defensabilidade"": ""A vantagem competitiva reside na inovação tecnológica e na experiência de usuário única. No entanto, a defensabilidade do modelo é vulnerável a entrantes que possam replicar a tecnologia ou oferecer alternativas semelhantes com recursos adicionais de redes sociais tradicionais, como a capacidade de adicionar amigos e seguidores."",
  ""analise_premissa_critica_risco"": ""A premissa crítica mais vulnerável é a capacidade de construir uma base de usuários significativa e engajada sem a necessidade de conexões pré-existentes. A adoção da solução depende fortemente da confiança e da privacidade dos usuários, o que pode ser um desafio."",
  ""probabilidade_sobrevivencia"": 40,
  ""decisao_operacional"": ""No-Go""
}",45.0,No-Go,No-Go,"A premissa crítica mais vulnerável é a aceitação do público para uma nova forma de interação social baseada em proximidade física, sem a necessidade de perfis ou solicitações de amizade. Se os usuários não aceitarem essa nova forma de interação, a solução pode não se tornar viável.","{
  ""analise_problema_mercado"": ""O problema de mercado identificado é a necessidade de uma experiência social mais imersiva e contextualizada baseada na proximidade física, em contraste com as redes sociais tradicionais que se baseiam em relações pré-existentes. A urgência da solução é apoiada pela crescente popularização dos smartphones e a busca por novas formas de interação social que transcendam as limitações das redes sociais existentes."",
  ""analise_solucao_proposta"": ""A solução proposta é inovadora, pois utiliza sensores de rádio, Bluetooth e acústica para criar uma rede social baseada na proximidade física, sem a necessidade de perfis ou solicitações de amizade. No entanto, a adoção da solução pode enfrentar desafios devido à falta de familiaridade do público com esse tipo de interação social e à necessidade de confiança e privacidade."",
  ""analise_modelo_receitas_custos"": ""A empresa opera em estágio pré-operacional de receita, concentrando-se na expansão de downloads e base ativa de usuários antes da introdução de formatos publicitários locais patrocinados. A estrutura de custos engloba o desenvolvimento de aplicativos em sistemas operacionais móveis, processamento e compressão de imagens em servidores de nuvem e despesas administrativas com equipe técnica e aquisição de domínios corporativos. A viabilidade financeira dependerá da capacidade de escalar a base de usuários e introduzir modelos de monetização eficazes."",
  ""analise_vantagem_defensabilidade"": ""A vantagem competitiva reside na inovação tecnológica e na experiência social única baseada na proximidade física. No entanto, a defensabilidade pode ser desafiada por concorrentes que possam replicar a tecnologia ou oferecer alternativas mais atrativas em termos de privacidade e confiança."",
  ""analise_premissa_critica_risco"": ""A premissa crítica mais vulnerável é a aceitação do público para uma nova forma de interação social baseada em proximidade física, sem a necessidade de perfis ou solicitações de amizade. Se os usuários não aceitarem essa nova forma de interação, a solução pode não se tornar viável."",
  ""probabilidade_sobrevivencia"": 45,
  ""decisao_operacional"": ""No-Go""
}",30.0,No-Go,No-Go,"A premissa crítica de sustentação mais vulnerável é a capacidade de escalar a base de usuários e gerar receita publicitária. Se a base de usuários não crescer como esperado ou se a receita publicitária não for suficiente para cobrir os custos operacionais, o negócio pode não ser viável.","{
  ""analise_problema_mercado"": ""O problema de mercado identificado é a necessidade de interação social e compartilhamento de conteúdo em tempo real baseado na proximidade física. A urgência da solução é justificada pela crescente popularização de smartphones com câmeras e a busca por novas formas de interação social além das redes sociais tradicionais. No entanto, a solução proposta deve ser avaliada em relação a outras plataformas já existentes e a aceitação do público em adotar uma nova forma de interação social baseada em proximidade física."",
  ""analise_solucao_proposta"": ""A solução proposta é um aplicativo móvel que permite a exibição em tempo real de fotos e vídeos capturados por usuários localizados em um raio físico comum de aproximadamente 45 metros. A solução é inovadora e utiliza sensores de rádio, Bluetooth e acústica do smartphone para determinar a proximidade física entre usuários. No entanto, a adoção da solução pode ser limitada pela necessidade de que os usuários estejam próximos o suficiente para que o aplicativo funcione corretamente, o que pode ser um desafio em áreas com pouca densidade populacional."",
  ""analise_modelo_receitas_custos"": ""O modelo de receita é baseado na introdução de formatos publicitários locais patrocinados após a expansão da base de usuários. Os custos envolvem o desenvolvimento de aplicativos em sistemas operacionais móveis, processamento e compressão de imagens em servidores de nuvem e despesas administrativas com equipe técnica e aquisição de domínios corporativos. A viabilidade financeira depende da capacidade de escalar a base de usuários e gerar receita publicitária."",
  ""analise_vantagem_defensabilidade"": ""A vantagem competitiva do aplicativo é a capacidade de exibir fotos e vídeos em tempo real baseado na proximidade física, sem a necessidade de solicitação de amizade ou perfis pré-estabelecidos. No entanto, a defensabilidade do negócio pode ser limitada pela facilidade com que outros desenvolvedores podem criar aplicativos semelhantes utilizando tecnologias semelhantes."",
  ""analise_premissa_critica_risco"": ""A premissa crítica de sustentação mais vulnerável é a capacidade de escalar a base de usuários e gerar receita publicitária. Se a base de usuários não crescer como esperado ou se a receita publicitária não for suficiente para cobrir os custos operacionais, o negócio pode não ser viável."",
  ""probabilidade_sobrevivencia"": 30,
  ""decisao_operacional"": ""No-Go""
}",45.0,No-Go,No-Go,"A premissa crítica de sustentação é a capacidade de atrair e reter usuários suficientes para justificar os custos de desenvolvimento e manutenção do aplicativo. O risco reside na possibilidade de outros aplicativos oferecerem funcionalidades semelhantes ou superiores, reduzindo a aderência do usuário.","{
  ""analise_problema_mercado"": ""O problema de mercado identificado é a necessidade de uma rede social que permita a interação e compartilhamento de conteúdo entre pessoas próximas fisicamente, sem a necessidade de estabelecer conexões prévias. A urgência da solução é justificada pela crescente popularização de smartphones com câmeras e a busca por novas formas de interação social."",
  ""analise_solucao_proposta"": ""A solução proposta é um aplicativo móvel que utiliza sensores de rádio, Bluetooth e acústica para permitir o compartilhamento de fotos e vídeos entre usuários próximos sem a necessidade de estabelecer conexões prévias. A adoção da solução pode ser desafiadora devido à necessidade de confiança e privacidade dos usuários em relação a uma nova forma de interação social."",
  ""analise_modelo_receitas_custos"": ""A empresa opera em estágio pré-operacional de receita, concentrando-se na expansão de downloads e base ativa de usuários antes da introdução de formatos publicitários locais patrocinados. A estrutura de custos engloba o desenvolvimento de aplicativos em sistemas operacionais móveis, processamento e compressão de imagens em servidores de nuvem e despesas administrativas com equipe técnica e aquisição de domínios corporativos. A viabilidade financeira depende da capacidade da empresa de atrair e reter usuários suficientes para justificar os custos de desenvolvimento e manutenção."",
  ""analise_vantagem_defensabilidade"": ""A vantagem competitiva reside na proposta de valor única de permitir a interação e compartilhamento de conteúdo entre pessoas próximas fisicamente sem a necessidade de estabelecer conexões prévias. No entanto, a defensabilidade pode ser desafiada por outras plataformas que ofereçam funcionalidades semelhantes ou superiores."",
  ""analise_premissa_critica_risco"": ""A premissa crítica de sustentação é a capacidade de atrair e reter usuários suficientes para justificar os custos de desenvolvimento e manutenção do aplicativo. O risco reside na possibilidade de outros aplicativos oferecerem funcionalidades semelhantes ou superiores, reduzindo a aderência do usuário."",
  ""probabilidade_sobrevivencia"": 45,
  ""decisao_operacional"": ""No-Go""
}",40.0,No-Go,No-Go,"A premissa crítica mais vulnerável é a capacidade de construir uma base de usuários significativa antes da introdução de receitas publicitárias. Se a empresa não conseguir atraí-los em um período de tempo razoável, pode não ter a capacidade financeira para continuar operando.","{
  ""analise_problema_mercado"": ""O problema de mercado identificado é a falta de uma plataforma que permita a interação social e compartilhamento de conteúdo baseado na proximidade física, sem a necessidade de estabelecer conexões prévias. Isso pode ser especialmente atraente para indivíduos que desejam interagir com outros em eventos ou locais públicos, sem a necessidade de estabelecer conexões prévias ou configurar perfis detalhados. No entanto, a urgência deste problema pode ser questionada, pois existem outras redes sociais que já oferecem funcionalidades semelhantes, como o Instagram e o Snapchat, que permitem o compartilhamento de fotos e vídeos com amigos e seguidores."",
  ""analise_solucao_proposta"": ""A solução proposta é um aplicativo móvel que utiliza sensores de rádio, Bluetooth e acústica para permitir o compartilhamento de fotos e vídeos com outros usuários em uma proximidade física de 45 metros. A solução é inovadora e pode ser atraente para um público específico que busca interações sociais efêmeras e sem compromissos. No entanto, a adoção da solução pode ser limitada devido à necessidade de todos os usuários estarem usando o mesmo aplicativo e a preocupação com a privacidade e segurança dos dados."",
  ""analise_modelo_receitas_custos"": ""A empresa opera em estágio pré-operacional de receita, concentrando-se na expansão de downloads e base ativa de usuários antes da introdução de formatos publicitários locais patrocinados. A estrutura de custos engloba o desenvolvimento de aplicativos em sistemas operacionais móveis, processamento e compressão de imagens em servidores de nuvem e despesas administrativas com equipe técnica e aquisição de domínios corporativos. A viabilidade financeira depende da capacidade de construir uma base de usuários significativa antes da introdução de receitas publicitárias."",
  ""analise_vantagem_defensabilidade"": ""A vantagem competitiva reside na inovação tecnológica e na proposta de valor única de interação social baseada na proximidade física. No entanto, a defensabilidade pode ser limitada devido à natureza inovadora da solução, o que pode levar a uma rápida replicação por concorrentes. Além disso, a barreira de entrada para desenvolver um aplicativo semelhante é relativamente baixa."",
  ""analise_premissa_critica_risco"": ""A premissa crítica mais vulnerável é a capacidade de construir uma base de usuários significativa antes da introdução de receitas publicitárias. Se a empresa não conseguir atraí-los em um período de tempo razoável, pode não ter a capacidade financeira para continuar operando."",
  ""probabilidade_sobrevivencia"": 40,
  ""decisao_operacional"": ""No-Go""
}",30.0,No-Go,No-Go,A premissa crítica mais vulnerável é a suposição de que os usuários adotarão a solução proposta sem a necessidade de perfis pré-estabelecidos ou solicitação de amizade. Esta suposição não é comprovada e pode ser um risco significativo para a viabilidade do modelo de negócios.,"{
  ""analise_problema_mercado"": ""A proposta de resolver a dor de mercado por meio de uma rede social baseada em proximidade geográfica é ambígua e não é claramente estabelecida. A solução proposta parece ser uma resposta a um problema não especificado ou não comprovado, o que aumenta o risco epistêmico. A urgência da solução não é claramente demonstrada, e a necessidade de tal produto não é evidente."",
  ""analise_solucao_proposta"": ""A solução proposta é tecnicamente viável, mas a adoção por parte do usuário pode ser um desafio devido à falta de um modelo de negócio claro e à falta de um incentivo claro para os usuários. A solução proposta também depende de comportamentos de usuário que não são comprovados, o que aumenta o risco epistêmico."",
  ""analise_modelo_receitas_custos"": ""A empresa opera em estágio pré-operacional de receita, concentrando-se na expansão de downloads e base ativa de usuários antes da introdução de formatos publicitários locais patrocinados. No entanto, a viabilidade financeira a longo prazo não é claramente demonstrada, e a estrutura de custos pode ser significativa devido ao desenvolvimento de aplicativos e processamento de imagens em servidores de nuvem."",
  ""analise_vantagem_defensabilidade"": ""A vantagem competitiva da solução proposta é questionável, pois a tecnologia utilizada é comum e pode ser facilmente replicada por outros competidores. Além disso, a defensabilidade da solução proposta não é claramente estabelecida, e a barreira de entrada para outros competidores pode ser baixa."",
  ""analise_premissa_critica_risco"": ""A premissa crítica mais vulnerável é a suposição de que os usuários adotarão a solução proposta sem a necessidade de perfis pré-estabelecidos ou solicitação de amizade. Esta suposição não é comprovada e pode ser um risco significativo para a viabilidade do modelo de negócios."",
  ""probabilidade_sobrevivencia"": 30,
  ""decisao_operacional"": ""No-Go""
}",30.0,No-Go,No-Go,"A premissa crítica mais vulnerável é a aceitação do público para uma rede social baseada em proximidade física, sem a necessidade de conexões de amizade prévias. Além disso, a solução enfrenta riscos regulatórios significativos relacionados à privacidade e à coleta de dados.","{
  ""analise_problema_mercado"": ""O problema de mercado identificado é a necessidade de uma experiência social mais imersiva e baseada em proximidade física, em contraste com as redes sociais tradicionais que se baseiam em conexões de amigos e seguidores. A urgência da solução é justificada pela crescente popularização de smartphones com câmeras e a busca por novas formas de interação social."",
  ""analise_solucao_proposta"": ""A solução proposta é inovadora, pois utiliza sensores de rádio, Bluetooth e acústica para criar uma rede social baseada em proximidade física, sem a necessidade de estabelecer conexões de amizade prévias. No entanto, a solução enfrenta desafios regulatórios e de privacidade, pois a coleta e compartilhamento de dados de localização e conteúdo de mídia podem ser considerados invasivos e estar sujeitos a regulamentações rigorosas."",
  ""analise_modelo_receitas_custos"": ""O modelo de receita é baseado na introdução de formatos publicitários locais patrocinados, após a construção de uma base de usuários ativos. A estrutura de custos inclui o desenvolvimento de aplicativos em sistemas operacionais móveis, processamento e compressão de imagens em servidores de nuvem e despesas administrativas. A viabilidade financeira dependerá da capacidade de construir uma base de usuários suficiente para justificar a introdução de receitas publicitárias."",
  ""analise_vantagem_defensabilidade"": ""A vantagem competitiva reside na inovação tecnológica e na experiência de usuário única. No entanto, a defensabilidade é questionável, pois a tecnologia utilizada pode ser replicada por concorrentes e a barreira de entrada para novos players é relativamente baixa."",
  ""analise_premissa_critica_risco"": ""A premissa crítica mais vulnerável é a aceitação do público para uma rede social baseada em proximidade física, sem a necessidade de conexões de amizade prévias. Além disso, a solução enfrenta riscos regulatórios significativos relacionados à privacidade e à coleta de dados."",
  ""probabilidade_sobrevivencia"": 30,
  ""decisao_operacional"": ""No-Go""
}"
F09,Clinkle,Plataforma móvel de pagamentos digitais e transferências financeiras entre pares,2011,2015.0,FinTech Consumer,"Carteira digital móvel voltada ao processamento de pagamentos em pontos de venda físicos e transferências financeiras diretas entre usuários por meio de aplicativo para smartphones conectado a contas bancárias. O modelo de receita apoia-se na retenção de taxas percentuais sobre as transações liquidadas junto aos lojistas conveniados e em tarifas de intercâmbio na emissão de cartões de débito vinculados à plataforma. A estrutura de custos compreende o desenvolvimento e engenharia de software móvel e protocolos de comunicação sem fio, conformidade regulatória e segurança bancária de dados, credenciamento de estabelecimentos comerciais e infraestrutura de servidores em nuvem.",Falha,"A empresa encerrou as operações após sucessivos atrasos e falhas técnicas no desenvolvimento do protocolo de pagamentos por ultrassom, alta rotatividade executiva na liderança e perda de credibilidade junto a investidores institucionais e usuários, não conseguindo estabelecer tração comercial com seu aplicativo e cartão de débito pré-pago.",Equipe inadequada,Produto ruim;Modelo de negócios falho,"Sucessivos adiamentos no lançamento do aplicativo comercial, renúncia coletiva de executivos sêniores em 2014-2015 e perda de tração após abandono da tecnologia inicial",Equipe inadequada,2014,"A equipe fundadora é formada por estudantes e recém-graduados em ciência da computação e engenharia com foco em desenvolvimento de software, contando com a mentoria técnica de pesquisadores universitários de engenharia. No ano da análise (2011), o mercado de pagamentos móveis no varejo físico é incipiente e marcado pela fragmentação de tecnologias de comunicação sem fio por aproximação, coexistindo com o predomínio de cartões plásticos de crédito e débito com tarja magnética ou chip emitidos por redes bancárias tradicionais.",https://en.wikipedia.org/wiki/Clinkle;https://www.businessinsider.com/inside-story-of-clinkle-2014-4;https://techcrunch.com/2015/05/15/clunk/;https://www.businessinsider.com/a-bunch-of-clinkle-employees-just-left-and-the-startup-has-apparently-been-trying-to-sell-itself-to-apple-2015-5,40.0,No-Go,No-Go,A premissa crítica mais vulnerável é a capacidade de credenciamento de estabelecimentos comerciais e a conformidade com regulamentações bancárias e de segurança de dados. Esses fatores podem representar um risco significativo para a viabilidade do modelo de negócios.,"{
  ""analise_problema_mercado"": ""O problema de mercado identificado é a necessidade de uma solução mais conveniente e segura para pagamentos móveis e transferências financeiras entre pares. A urgência da solução é aparente, considerando a crescente adesão a smartphones e a necessidade de uma alternativa mais eficiente para o uso de cartões de crédito e débito tradicionais."",
  ""analise_solucao_proposta"": ""A solução proposta é viável operacionalmente, dado o foco na tecnologia e na engenharia de software. No entanto, a adoção da solução pode enfrentar desafios, como a necessidade de credenciamento de estabelecimentos comerciais e a conformidade com regulamentações bancárias e de segurança de dados."",
  ""analise_modelo_receitas_custos"": ""O modelo de receitas é baseado em taxas sobre transações e tarifas de intercâmbio, o que é plausível para o setor de pagamentos digitais. No entanto, a estrutura de custos envolve desafios significativos, como o desenvolvimento de software móvel, conformidade regulatória e segurança de dados, o que pode ser oneroso e demorado."",
  ""analise_vantagem_defensabilidade"": ""A vantagem competitiva reside na integração com contas bancárias e a capacidade de processar pagamentos em pontos de venda físicos. No entanto, a defensabilidade é questionável, pois a indústria de pagamentos móveis é altamente competitiva e em constante evolução, com novos entrantes e tecnologias emergentes."",
  ""analise_premissa_critica_risco"": ""A premissa crítica mais vulnerável é a capacidade de credenciamento de estabelecimentos comerciais e a conformidade com regulamentações bancárias e de segurança de dados. Esses fatores podem representar um risco significativo para a viabilidade do modelo de negócios."",
  ""probabilidade_sobrevivencia"": 40,
  ""decisao_operacional"": ""No-Go""
}",45.0,No-Go,No-Go,"A premissa crítica mais vulnerável é a capacidade de atrair e reter uma base crítica de usuários e comerciantes. A adoção em massa dependerá de uma forte estratégia de marketing e parcerias com bancos e varejistas, bem como da capacidade de superar a resistência à mudança e a fragmentação do mercado de pagamentos móveis.","{
  ""analise_problema_mercado"": ""A proposta de negócio atende a uma necessidade emergente no mercado de pagamentos móveis, que é ainda incipiente em 2011. A fragmentação de tecnologias de comunicação sem fio e a predominância de cartões de crédito e débito tradicionais criam uma oportunidade para uma solução inovadora que ofereça maior conveniência e eficiência aos consumidores e aos comerciantes. No entanto, a adoção em massa dependerá de uma forte estratégia de marketing e parcerias com bancos e varejistas para estabelecer a plataforma como uma solução confiável e amplamente aceita."",
  ""analise_solucao_proposta"": ""A solução proposta é tecnicamente viável, mas enfrentará desafios significativos na adoção e integração com o ecossistema existente de pagamentos. A necessidade de conformidade regulatória e segurança bancária de dados aumenta os custos e a complexidade da implementação. Além disso, a competição com redes bancárias tradicionais e outras startups de fintech pode ser intensa, exigindo uma estratégia de diferenciação clara e uma vantagem competitiva duradoura."",
  ""analise_modelo_receitas_custos"": ""O modelo de receita baseado em taxas sobre transações e tarifas de intercâmbio de cartões é potencialmente lucrativo, mas a viabilidade financeira dependerá da escala e da adesão de usuários. Os custos iniciais de desenvolvimento de software, conformidade regulatória e infraestrutura de servidores em nuvem são significativos e exigirão investimento inicial substancial. A geração de receita só será viável se a plataforma alcançar uma base crítica de usuários e comerciantes."",
  ""analise_vantagem_defensabilidade"": ""A defensabilidade do modelo de negócio dependerá da capacidade de estabelecer parcerias estratégicas com bancos e varejistas, bem como da criação de uma barreira de entrada através da escala e da integração com o ecossistema existente de pagamentos. No entanto, a entrada de novos concorrentes com soluções semelhantes é provável, o que pode diluir a vantagem competitiva da plataforma."",
  ""analise_premissa_critica_risco"": ""A premissa crítica mais vulnerável é a capacidade de atrair e reter uma base crítica de usuários e comerciantes. A adoção em massa dependerá de uma forte estratégia de marketing e parcerias com bancos e varejistas, bem como da capacidade de superar a resistência à mudança e a fragmentação do mercado de pagamentos móveis."",
  ""probabilidade_sobrevivencia"": 45,
  ""decisao_operacional"": ""No-Go""
}",30.0,No-Go,No-Go,"A premissa crítica de sustentação mais vulnerável é a hipótese de que a plataforma móvel será rapidamente adotada pelos consumidores e estabelecimentos comerciais. A adoção de novas tecnologias de pagamento móvel pode ser lenta devido à falta de infraestrutura e à resistência à mudança. Além disso, a competição com redes bancárias tradicionais e outras startups de fintech pode dificultar a geração de receita suficiente para sustentar a plataforma.","{
  ""analise_problema_mercado"": ""O problema de mercado identificado é a necessidade de uma solução mais conveniente e segura para pagamentos móveis e transferências financeiras entre pares. No entanto, em 2011, o mercado de pagamentos móveis ainda estava em seus estágios iniciais, com tecnologias de comunicação sem fio por aproximação ainda em desenvolvimento e a infraestrutura de pagamento tradicional dominando o mercado. A urgência da solução é questionável, pois a adoção de novas tecnologias de pagamento móvel ainda não era uma prioridade para o consumidor."",
  ""analise_solucao_proposta"": ""A solução proposta é uma plataforma móvel que permite pagamentos em pontos de venda físicos e transferências financeiras entre usuários. A adoção dessa solução pode enfrentar desafios significativos, como a necessidade de credenciamento de estabelecimentos comerciais e a conformidade com regulamentações bancárias e de segurança de dados. Além disso, a competição com as redes bancárias tradicionais e o predomínio de cartões de crédito e débito pode dificultar a adoção da plataforma."",
  ""analise_modelo_receitas_custos"": ""O modelo de receita da plataforma é baseado na cobrança de taxas sobre transações e tarifas de intercâmbio de cartões de débito. No entanto, a viabilidade financeira desse modelo pode ser questionada, pois a taxa de adoção de novas tecnologias de pagamento móvel em 2011 era baixa. Além disso, os custos de desenvolvimento e engenharia de software, conformidade regulatória e segurança de dados podem ser significativos, o que pode dificultar a geração de lucros iniciais."",
  ""analise_vantagem_defensabilidade"": ""A plataforma móvel proposta oferece uma vantagem competitiva potencial através de sua capacidade de processar pagamentos em pontos de venda físicos e transferências financeiras entre usuários. No entanto, a defensabilidade dessa vantagem pode ser questionada, pois a competição com redes bancárias tradicionais e outras startups de fintech pode ser intensa. Além disso, a barreira de entrada para novos concorrentes pode ser relativamente baixa, especialmente em termos de desenvolvimento de software e credenciamento de estabelecimentos comerciais."",
  ""analise_premissa_critica_risco"": ""A premissa crítica de sustentação mais vulnerável é a hipótese de que a plataforma móvel será rapidamente adotada pelos consumidores e estabelecimentos comerciais. A adoção de novas tecnologias de pagamento móvel pode ser lenta devido à falta de infraestrutura e à resistência à mudança. Além disso, a competição com redes bancárias tradicionais e outras startups de fintech pode dificultar a geração de receita suficiente para sustentar a plataforma."",
  ""probabilidade_sobrevivencia"": 30,
  ""decisao_operacional"": ""No-Go""
}",45.0,No-Go,No-Go,"A premissa crítica mais vulnerável é a capacidade de credenciamento de estabelecimentos comerciais e a conformidade regulatória. Se a empresa não conseguir credenciar um número suficiente de lojistas ou enfrentar obstáculos regulatórios, isso pode comprometer a viabilidade econômica do negócio.","{
  ""analise_problema_mercado"": ""O problema de mercado identificado é relevante, pois a fragmentação de tecnologias de pagamento móvel e a predominância de métodos tradicionais de pagamento (como cartões de crédito e débito) criam uma necessidade clara para uma solução unificada e eficiente. A urgência da solução é evidente, uma vez que a tecnologia móvel está em rápida evolução e há uma crescente demanda por conveniência e segurança nos pagamentos."",
  ""analise_solucao_proposta"": ""A solução proposta é viável operacionalmente, pois abrange tanto a integração com contas bancárias quanto a emissão de cartões de débito. No entanto, a adoção da solução pode enfrentar desafios, como a necessidade de credenciamento de estabelecimentos comerciais e a conformidade regulatória, que podem ser complexos e demorados."",
  ""analise_modelo_receitas_custos"": ""O modelo de receita baseado em tarifas sobre transações e emissão de cartões parece sustentável, mas a estrutura de custos é significativa, incluindo desenvolvimento de software, conformidade regulatória e infraestrutura de servidores em nuvem. A margem de lucro pode ser apertada no início, especialmente se a adoção de usuários e lojistas conveniados for lenta."",
  ""analise_vantagem_defensabilidade"": ""A defensabilidade da solução é questionável, pois a indústria de pagamentos móveis é altamente competitiva e pode atrair entrantes com recursos significativos. Além disso, a conformidade regulatória e a segurança bancária são barreiras de entrada, mas também podem ser barreiras de defesa para concorrentes menores."",
  ""analise_premissa_critica_risco"": ""A premissa crítica mais vulnerável é a capacidade de credenciamento de estabelecimentos comerciais e a conformidade regulatória. Se a empresa não conseguir credenciar um número suficiente de lojistas ou enfrentar obstáculos regulatórios, isso pode comprometer a viabilidade econômica do negócio."",
  ""probabilidade_sobrevivencia"": 45,
  ""decisao_operacional"": ""No-Go""
}",45.0,No-Go,No-Go,"A premissa crítica mais vulnerável é a capacidade de credenciar estabelecimentos comerciais e obter conformidade regulatória. Se a plataforma não conseguir credenciar estabelecimentos comerciais ou obter conformidade regulatória, ela não será capaz de processar transações e gerar receita.","{
  ""analise_problema_mercado"": ""O problema de mercado identificado é a necessidade de uma solução mais conveniente e eficiente para pagamentos em pontos de venda físicos e transferências financeiras entre usuários. Em 2011, o uso de cartões de crédito e débito era predominante, mas a tecnologia móvel estava em ascensão, criando uma oportunidade para uma plataforma que pudesse facilitar transações financeiras através de smartphones. A urgência da solução é evidente, pois a tecnologia móvel estava se tornando cada vez mais acessível e a demanda por soluções de pagamento digital estava aumentando."",
  ""analise_solucao_proposta"": ""A solução proposta é uma plataforma móvel que permite pagamentos em pontos de venda físicos e transferências financeiras entre usuários. A adoção dessa solução pode ser viável, pois ela atende a uma necessidade real e crescente de transações financeiras digitais. No entanto, a adoção inicial pode ser desafiadora devido à necessidade de credenciamento de estabelecimentos comerciais e a conformidade regulatória."",
  ""analise_modelo_receitas_custos"": ""O modelo de receita é baseado na retenção de taxas sobre transações e tarifas de intercâmbio de cartões de débito. Isso pode ser viável, mas requer uma base de usuários significativa para gerar receita suficiente. Os custos incluem desenvolvimento de software, conformidade regulatória e segurança bancária, credenciamento de estabelecimentos comerciais e infraestrutura de servidores em nuvem. A viabilidade financeira dependerá da capacidade de gerar receita suficiente para cobrir esses custos."",
  ""analise_vantagem_defensabilidade"": ""A vantagem competitiva pode ser a facilidade de uso e a capacidade de processar transações em vários pontos de venda físicos. A defensabilidade pode ser difícil de estabelecer inicialmente devido à necessidade de credenciamento de estabelecimentos comerciais e a conformidade regulatória. No entanto, uma vez que a plataforma tenha estabelecido uma base de usuários significativa, pode ser difícil para novos entrantes competir devido à necessidade de credenciamento de estabelecimentos comerciais e a conformidade regulatória."",
  ""analise_premissa_critica_risco"": ""A premissa crítica mais vulnerável é a capacidade de credenciar estabelecimentos comerciais e obter conformidade regulatória. Se a plataforma não conseguir credenciar estabelecimentos comerciais ou obter conformidade regulatória, ela não será capaz de processar transações e gerar receita."",
  ""probabilidade_sobrevivencia"": 45,
  ""decisao_operacional"": ""No-Go""
}",30.0,No-Go,No-Go,"A premissa crítica mais vulnerável é a hipótese de que os consumidores irão adotar rapidamente uma nova tecnologia de pagamento móvel em um cenário de 2011, onde a tecnologia móvel ainda estava em seu início e a confiança em transações financeiras digitais era baixa. A adoção em larga escala é crucial para a viabilidade financeira, mas não há evidências suficientes para sustentar essa premissa.","{
  ""analise_problema_mercado"": ""A proposta de solução visa atender a uma necessidade emergente de mobilidade e conveniência no mercado de pagamentos, que é um problema bem definido. No entanto, a premissa de que os consumidores irão adotar rapidamente uma nova tecnologia de pagamento móvel semelhante a um cartão de débito, especialmente em um cenário de 2011 onde a tecnologia móvel ainda estava em seu início, é um risco significativo. A adoção de novas tecnologias depende de fatores como confiança, conveniência e facilidade de uso, que não são abordados de forma suficiente neste modelo."",
  ""analise_solucao_proposta"": ""A solução proposta é tecnicamente viável, mas a adoção em larga escala dependerá de vários fatores não mencionados, como a capacidade de integração com sistemas bancários existentes e a conformidade com regulamentações financeiras. Além disso, a necessidade de credenciamento de estabelecimentos comerciais pode ser um obstáculo significativo para a adoção em larga escala."",
  ""analise_modelo_receitas_custos"": ""O modelo de receita baseado em taxas sobre transações e tarifas de intercâmbio de cartões é plausível, mas a viabilidade financeira depende da escala de adoção e da capacidade de gerar receita suficiente para cobrir os custos de desenvolvimento e manutenção da plataforma. A estrutura de custos é abrangente e inclui aspectos importantes como conformidade regulatória e segurança bancária, mas a sustentabilidade financeira em um mercado incipiente é um risco significativo."",
  ""analise_vantagem_defensabilidade"": ""A vantagem competitiva potencial reside na capacidade de oferecer uma solução de pagamento móvel integrada e segura. No entanto, a defensabilidade contra concorrentes é um risco, pois a tecnologia de pagamentos móveis estava em sua infância e a entrada de novos players era relativamente fácil. Além disso, a barreira de entrada para a conformidade regulatória e a integração com sistemas bancários existentes é um fator que pode ser tanto uma barreira quanto uma vantagem, dependendo da capacidade da empresa de superar esses desafios."",
  ""analise_premissa_critica_risco"": ""A premissa crítica mais vulnerável é a hipótese de que os consumidores irão adotar rapidamente uma nova tecnologia de pagamento móvel em um cenário de 2011, onde a tecnologia móvel ainda estava em seu início e a confiança em transações financeiras digitais era baixa. A adoção em larga escala é crucial para a viabilidade financeira, mas não há evidências suficientes para sustentar essa premissa."",
  ""probabilidade_sobrevivencia"": 30,
  ""decisao_operacional"": ""No-Go""
}",30.0,No-Go,No-Go,A premissa crítica mais vulnerável é a capacidade de atender às exigências regulatórias e de segurança bancária de dados em um mercado em rápida evolução. A conformidade com as regulamentações financeiras é crucial para a sobrevivência e o sucesso do negócio.,"{
  ""analise_problema_mercado"": ""A proposta de negócio visa resolver a necessidade de uma solução mais conveniente e segura para pagamentos móveis e transferências financeiras entre pares. No entanto, em 2011, o mercado de pagamentos móveis ainda estava em seus estágios iniciais, com tecnologias de comunicação sem fio por aproximação ainda não padronizadas e a infraestrutura de pagamentos tradicionais ainda dominante. A urgência da solução pode ser questionada, pois a adoção massiva de tecnologias móveis para pagamentos ainda estava por vir."",
  ""analise_solucao_proposta"": ""A solução proposta é viável operacionalmente, mas enfrenta desafios significativos de adoção. A conformidade regulatória e a segurança bancária de dados são aspectos críticos que precisam ser rigorosamente atendidos. Além disso, o credenciamento de estabelecimentos comerciais pode ser um processo demorado e burocrático, o que pode retardar a implementação da solução."",
  ""analise_modelo_receitas_custos"": ""O modelo de receita baseado em taxas sobre transações e tarifas de intercâmbio de cartões de débito é potencialmente lucrativo, mas a estrutura de custos envolvendo desenvolvimento de software, conformidade regulatória e infraestrutura de servidores em nuvem pode ser significativa. A viabilidade financeira dependerá da capacidade de escalar rapidamente e alcançar volumes de transação suficientes para cobrir esses custos."",
  ""analise_vantagem_defensabilidade"": ""A defensabilidade do modelo de negócio pode ser questionada, pois a entrada de novos concorrentes é relativamente fácil devido à natureza emergente do mercado de pagamentos móveis em 2011. Além disso, a plataforma precisa estabelecer parcerias com bancos e estabelecimentos comerciais, o que pode ser um desafio."",
  ""analise_premissa_critica_risco"": ""A premissa crítica mais vulnerável é a capacidade de atender às exigências regulatórias e de segurança bancária de dados em um mercado em rápida evolução. A conformidade com as regulamentações financeiras é crucial para a sobrevivência e o sucesso do negócio."",
  ""probabilidade_sobrevivencia"": 30,
  ""decisao_operacional"": ""No-Go""
}"
F10,Beepi,Marketplace peer-to-peer de compra e venda de veículos seminovos com inspeção e entrega domiciliar,2013,2017.0,Marketplace C2C,"Marketplace online bilateral de intermediação de compra e venda de automóveis usados entre particulares sem manutenção de pátio físico de revenda. O modelo de receita baseia-se na retenção de uma comissão percentual sobre o preço final de venda do veículo (take-rate de aproximadamente 9%), além de receitas acessórias com intermediação de financiamentos e garantias mecânicas estendidas. A estrutura de custos concentra despesas na contratação e deslocamento de técnicos para vistorias mecânicas presenciais com laudos padronizados, serviços de reboque e frete para entrega dos veículos aos compradores, custos de cartório e transferência documental e garantia de compra do veículo caso não fosse vendido em até 30 dias.",Falha,"A empresa encerrou as atividades no início de 2017 após esgotar suas reservas financeiras devido a altos custos fixos de logística e inspeção técnica presencial para cada veículo, não conseguindo atingir rentabilidade por unidade transacionada (unit economics) e fracassando nas negociações de fusão ou venda de ativos para concorrentes e concessionárias.",Fim do caixa,Problema de preço ou custo;Modelo de negócios falho,Fracasso nas negociações de aquisição pela Fair.com e liquidação dos ativos corporativos em fevereiro de 2017 após esgotamento de liquidez,Fim do caixa,2017,"A equipe fundadora é composta por profissionais com formação em engenharia e gestão de negócios com histórico prévio em consultoria de estratégia corporativa e empreendedorismo em empresas de base tecnológica. No ano da análise (2013), o comércio de automóveis seminovos e usados é transacionado predominantemente por meio de concessionárias físicas tradicionais e plataformas de classificados online estáticos, nos quais compradores e vendedores assumem integralmente os custos e riscos de vistoria veicular, liquidação financeira e transferência cartorial.",https://www.failory.com/cemetery/beepi;https://www.innovatorsunder35.com/the-list/alejandro-resnik/;https://www.cio.com/article/236945/cio-cmo-partner-to-drive-used-car-sales.html;https://static1.squarespace.com/static/55c4e9aae4b05eaf17ef79ff/t/5dda940ca46d122f382872d1/1574605837793/Beepi_EStrategyCase.pdf,40.0,No-Go,No-Go,"A premissa crítica mais vulnerável é a capacidade de atrair um número suficiente de usuários e transações para cobrir os custos operacionais e gerar lucro. Se a adoção da plataforma não for suficiente, a empresa pode enfrentar dificuldades financeiras.","{
  ""analise_problema_mercado"": ""O problema de mercado identificado é a falta de confiança e transparência no processo de compra e venda de veículos seminovos entre particulares, resultando em custos e riscos elevados para ambos os lados. A solução proposta, que inclui inspeção mecânica e entrega domiciliar, visa resolver essas questões, mas a urgência da solução pode ser questionada em um mercado onde a maioria das transações ainda ocorre através de concessionárias e classificados online."",
  ""analise_solucao_proposta"": ""A solução proposta é viável operacionalmente, pois oferece um serviço de inspeção mecânica e entrega domiciliar que pode aumentar a confiança dos usuários. No entanto, a adoção da solução pode enfrentar desafios, pois requer que os usuários aceitem pagar por serviços adicionais que não são comuns no mercado atual."",
  ""analise_modelo_receitas_custos"": ""O modelo de receitas é baseado em uma comissão sobre a venda do veículo e receitas adicionais de serviços financeiros e garantias. A estrutura de custos inclui despesas com inspeção, entrega, transferência documental e garantia. A margem de lucro parece razoável, mas a viabilidade financeira dependerá da capacidade de atrair um número suficiente de usuários e transações para cobrir os custos operacionais."",
  ""analise_vantagem_defensabilidade"": ""A vantagem competitiva reside na oferta de serviços de inspeção e entrega domiciliar, que podem ser difíceis de replicar por concorrentes semelhantes. No entanto, a defensabilidade pode ser comprometida por novos entrantes que ofereçam serviços semelhantes ou por plataformas de classificados que adicionem serviços de inspeção e entrega."",
  ""analise_premissa_critica_risco"": ""A premissa crítica mais vulnerável é a capacidade de atrair um número suficiente de usuários e transações para cobrir os custos operacionais e gerar lucro. Se a adoção da plataforma não for suficiente, a empresa pode enfrentar dificuldades financeiras."",
  ""probabilidade_sobrevivencia"": 40,
  ""decisao_operacional"": ""No-Go""
}",45.0,No-Go,No-Go,"A premissa crítica mais vulnerável é a capacidade de escalar rapidamente a contratação e treinamento de técnicos e a logística de entrega, bem como a capacidade de gerenciar custos operacionais enquanto a escala é alcançada.","{
  ""analise_problema_mercado"": ""O mercado de compra e venda de veículos seminovos e usados enfrenta desafios significativos, como falta de transparência, riscos de fraude e custos elevados associados à vistoria e transferência de propriedade. A proposta de negócio visa resolver esses problemas oferecendo uma plataforma que garante a integridade dos veículos e facilita a transação, reduzindo os riscos e custos para os usuários."",
  ""analise_solucao_proposta"": ""A solução proposta é viável operacionalmente, pois oferece um serviço de vistoria mecânica profissional e entrega domiciliar, que são pontos-chave para a confiança dos usuários. No entanto, a adoção da solução pode enfrentar desafios devido à necessidade de escalar rapidamente a contratação e treinamento de técnicos e a logística de entrega."",
  ""analise_modelo_receitas_custos"": ""O modelo de receita baseado em comissões sobre as vendas parece sustentável, especialmente com a adição de receitas acessórias de serviços financeiros e garantias. No entanto, os custos operacionais, especialmente os relacionados à contratação de técnicos e logística de entrega, podem ser significativos e exigir uma escala crítica para atingir margens lucrativas."",
  ""analise_vantagem_defensabilidade"": ""A vantagem competitiva reside na oferta de uma solução completa e confiável, que inclui vistoria mecânica, entrega domiciliar e garantia de compra. No entanto, a barreira de entrada pode ser relativamente baixa, pois outros players podem replicar a oferta de serviços de vistoria e entrega, especialmente se a escala não for alcançada rapidamente."",
  ""analise_premissa_critica_risco"": ""A premissa crítica mais vulnerável é a capacidade de escalar rapidamente a contratação e treinamento de técnicos e a logística de entrega, bem como a capacidade de gerenciar custos operacionais enquanto a escala é alcançada."",
  ""probabilidade_sobrevivencia"": 45,
  ""decisao_operacional"": ""No-Go""
}",30.0,No-Go,No-Go,"A premissa crítica de sustentação mais vulnerável é a capacidade de escalar a operação de vistoria mecânica e entrega domiciliar de forma eficiente e econômica. A falha nessa premissa inviabilizaria a operação do negócio, pois a falta de confiança dos usuários sem esses serviços pode levar a uma baixa adesão e, consequentemente, a baixos volumes de transações.","{
  ""analise_problema_mercado"": ""O problema de mercado identificado é a falta de confiança e segurança entre compradores e vendedores de veículos usados em plataformas de classificados online estáticos. A proposta de solução do marketplace com inspeção e entrega domiciliar visa resolver essas questões, oferecendo uma experiência mais segura e conveniente para ambos os lados."",
  ""analise_solucao_proposta"": ""A solução proposta é viável operacionalmente, pois oferece um serviço de inspeção mecânica e entrega domiciliar que pode aumentar a confiança dos usuários. No entanto, há atritos significativos de adoção, como a necessidade de um grande número de técnicos e a logística complexa de entrega, que podem dificultar a escala inicial."",
  ""analise_modelo_receitas_custos"": ""O modelo de receita baseado em comissões sobre as vendas parece sustentável, especialmente com a adição de receitas acessórias de financiamentos e garantias. No entanto, os custos operacionais, especialmente os relacionados à contratação e deslocamento de técnicos para vistorias e serviços de entrega, podem ser significativos e limitar a margem de lucro."",
  ""analise_vantagem_defensabilidade"": ""A vantagem competitiva do modelo reside na oferta de inspeção mecânica e entrega domiciliar, que aumenta a confiança dos usuários. No entanto, a defensabilidade é frágil, pois outros players podem replicar essa oferta, especialmente se o modelo se mostrar lucrativo."",
  ""analise_premissa_critica_risco"": ""A premissa crítica de sustentação mais vulnerável é a capacidade de escalar a operação de vistoria mecânica e entrega domiciliar de forma eficiente e econômica. A falha nessa premissa inviabilizaria a operação do negócio, pois a falta de confiança dos usuários sem esses serviços pode levar a uma baixa adesão e, consequentemente, a baixos volumes de transações."",
  ""probabilidade_sobrevivencia"": 30,
  ""decisao_operacional"": ""No-Go""
}",45.0,No-Go,No-Go,"A premissa crítica mais vulnerável é a capacidade de escalar os custos operacionais de forma eficiente. Se os custos de vistoria, entrega e garantia não puderem ser gerenciados de forma eficaz à medida que o negócio cresce, a margem de lucro pode ser comprometida. Além disso, a aceitação do mercado para um modelo de negócio baseado em confiança e conveniência digital também é um risco significativo.","{
  ""analise_problema_mercado"": ""O mercado de compra e venda de veículos seminovos e usados apresenta uma dor significativa relacionada à falta de confiança entre compradores e vendedores devido à ausência de vistorias mecânicas padronizadas e garantias. Além disso, a burocracia e os custos associados à transferência documental e à entrega física dos veículos são altos. A solução proposta, que inclui inspeção mecânica, entrega domiciliar e garantia, atende diretamente a essa dor, oferecendo uma experiência mais segura e conveniente para os usuários."",
  ""analise_solucao_proposta"": ""A solução proposta é viável operacionalmente, pois resolve os principais problemas do mercado. No entanto, há potenciais atritos de adoção, como a necessidade de educar o mercado sobre a importância de vistorias mecânicas e garantias, além de convencer os usuários a adotar uma plataforma digital em vez de transações tradicionais."",
  ""analise_modelo_receitas_custos"": ""O modelo de receita baseado em comissões sobre vendas parece sustentável, considerando a margem de 9% sobre o preço final do veículo. No entanto, os custos operacionais, como a contratação e deslocamento de técnicos para vistorias, serviços de reboque e frete, custos de cartório e garantia, podem ser significativos e podem aumentar com a escala. É necessário garantir que a estrutura de custos seja escalável e que a margem de lucro seja suficiente para cobrir esses custos e gerar lucro."",
  ""analise_vantagem_defensabilidade"": ""A vantagem competitiva reside na oferta de vistorias mecânicas padronizadas e garantias, que aumentam a confiança dos usuários. No entanto, a barreira de entrada é relativamente baixa, pois outros players podem facilmente entrar no mercado com ofertas semelhantes. A defensabilidade do negócio depende da capacidade de construir uma marca forte e de confiança, bem como de desenvolver parcerias estratégicas com fornecedores de serviços financeiros e de garantia."",
  ""analise_premissa_critica_risco"": ""A premissa crítica mais vulnerável é a capacidade de escalar os custos operacionais de forma eficiente. Se os custos de vistoria, entrega e garantia não puderem ser gerenciados de forma eficaz à medida que o negócio cresce, a margem de lucro pode ser comprometida. Além disso, a aceitação do mercado para um modelo de negócio baseado em confiança e conveniência digital também é um risco significativo."",
  ""probabilidade_sobrevivencia"": 45,
  ""decisao_operacional"": ""No-Go""
}",45.0,No-Go,No-Go,"A premissa crítica mais vulnerável é a capacidade de escalar eficientemente a contratação e gerenciamento de técnicos para vistorias mecânicas, bem como a capacidade de manter margens de lucro sustentáveis em face dos custos operacionais.","{
  ""analise_problema_mercado"": ""O mercado de compra e venda de veículos seminovos e usados enfrenta desafios significativos, como a falta de transparência, a dificuldade de acesso a informações verificadas sobre o estado dos veículos e a complexidade dos processos de transferência de propriedade. A proposta de valor do marketplace proposto resolve esses problemas ao oferecer uma plataforma que realiza vistorias mecânicas padronizadas, facilita a transferência de documentos e oferece garantias, reduzindo assim a incerteza e os riscos para os compradores e vendedores."",
  ""analise_solucao_proposta"": ""A solução proposta é viável operacionalmente, pois utiliza técnicos especializados para realizar vistorias mecânicas, oferece serviços de entrega domiciliar e garante a compra do veículo por 30 dias. No entanto, a viabilidade depende de uma eficiente contratação e gerenciamento de técnicos, o que pode ser um desafio logístico e financeiro. Além disso, a necessidade de realizar vistorias presenciais pode limitar a escala e a velocidade de adoção da plataforma."",
  ""analise_modelo_receitas_custos"": ""O modelo de receita baseado em comissões sobre as vendas parece viável, especialmente se considerarmos as receitas adicionais de intermediação de financiamentos e garantias mecânicas. No entanto, os custos de contratação e deslocamento de técnicos para vistorias, serviços de reboque e entrega domiciliar podem ser significativos e podem afetar a margem de lucro. A estrutura de custos é sensível à eficiência operacional e à escala."",
  ""analise_vantagem_defensabilidade"": ""A vantagem competitiva reside na oferta de serviços de vistoria mecânica padronizada e garantia, que reduzem a incerteza e os riscos para os usuários. No entanto, a barreira de entrada é relativamente baixa, pois outros players podem replicar a oferta de serviços de vistoria e garantia. A defensabilidade do modelo depende da capacidade de escalar eficientemente e estabelecer uma forte reputação no mercado."",
  ""analise_premissa_critica_risco"": ""A premissa crítica mais vulnerável é a capacidade de escalar eficientemente a contratação e gerenciamento de técnicos para vistorias mecânicas, bem como a capacidade de manter margens de lucro sustentáveis em face dos custos operacionais."",
  ""probabilidade_sobrevivencia"": 45,
  ""decisao_operacional"": ""No-Go""
}",45.0,No-Go,No-Go,"A premissa crítica mais vulnerável é a capacidade de construir e manter a confiança dos usuários no modelo de negócio. Se os usuários não confiarem na plataforma para realizar transações seguras e transparentes, a adoção e a escalabilidade do modelo podem ser severamente comprometidas.","{
  ""analise_problema_mercado"": ""A proposta de negócio identifica corretamente uma dor de mercado significativa no setor de compra e venda de veículos usados, onde os consumidores enfrentam riscos e incertezas associados à falta de transparência e confiabilidade. A solução proposta, que inclui inspeção técnica e entrega domiciliar, oferece um valor claro ao aliviar essas preocupações, aumentando a confiança e a conveniência para os usuários."",
  ""analise_solucao_proposta"": ""A solução proposta é viável operacionalmente, pois resolve problemas reais do mercado e oferece um modelo de negócio escalável. No entanto, a adoção da solução pode enfrentar desafios, como a necessidade de confiança dos usuários em um modelo de negócio baseado em confiança e conveniência, que requer tempo para ser construída."",
  ""analise_modelo_receitas_custos"": ""O modelo de receitas baseado em comissões parece sólido, especialmente se a plataforma conseguir escalar e atrair um grande número de usuários. Os custos de operação, no entanto, são significativos devido à necessidade de contratar e deslocar técnicos para vistorias presenciais, o que pode ser um desafio de escalabilidade."",
  ""analise_vantagem_defensabilidade"": ""A vantagem competitiva da solução proposta reside na oferta de um serviço de inspeção e entrega domiciliar, que é difícil de replicar por concorrentes semelhantes. No entanto, a defensabilidade do modelo pode ser questionada se outros players entrarem no mercado com soluções semelhantes ou se os usuários encontrarem alternativas mais baratas ou convenientes."",
  ""analise_premissa_critica_risco"": ""A premissa crítica mais vulnerável é a capacidade de construir e manter a confiança dos usuários no modelo de negócio. Se os usuários não confiarem na plataforma para realizar transações seguras e transparentes, a adoção e a escalabilidade do modelo podem ser severamente comprometidas."",
  ""probabilidade_sobrevivencia"": 45,
  ""decisao_operacional"": ""No-Go""
}",45.0,No-Go,No-Go,A premissa crítica mais vulnerável é a capacidade de manter a qualidade e a confiabilidade dos serviços de inspeção mecânica e entrega domiciliar. Qualquer falha nesses serviços pode levar a uma perda de confiança dos usuários e a um aumento significativo dos custos operacionais.,"{
  ""analise_problema_mercado"": ""O mercado de compra e venda de veículos seminovos enfrenta desafios significativos em termos de confiança entre comprador e vendedor, principalmente devido à falta de transparência sobre o estado real do veículo. A proposta de negócio visa resolver essa dor ao oferecer uma plataforma de marketplace com inspeção mecânica e entrega domiciliar, aumentando a confiança e a conveniência para os usuários."",
  ""analise_solucao_proposta"": ""A solução proposta é viável operacionalmente, pois oferece um serviço diferenciado que não está disponível em outras plataformas de classificados online estáticos. No entanto, há riscos regulatórios e de privacidade associados à coleta e armazenamento de dados pessoais e financeiros dos usuários, bem como à responsabilidade legal em caso de problemas com a inspeção veicular."",
  ""analise_modelo_receitas_custos"": ""O modelo de receita baseado em comissões sobre a venda de veículos e receitas acessórias de serviços financeiros e garantias mecânicas é viável, mas os custos operacionais de contratação e deslocamento de técnicos para vistorias mecânicas e serviços de entrega domiciliar podem ser significativos. A estrutura de custos deve ser monitorada de perto para garantir a sustentabilidade financeira a longo prazo."",
  ""analise_vantagem_defensabilidade"": ""A vantagem competitiva da plataforma reside na oferta de um serviço completo e confiável, incluindo inspeção mecânica e entrega domiciliar. No entanto, a defensabilidade do modelo pode ser comprometida por novas entradas de concorrentes que ofereçam serviços semelhantes ou por mudanças regulatórias que dificultem a operação."",
  ""analise_premissa_critica_risco"": ""A premissa crítica mais vulnerável é a capacidade de manter a qualidade e a confiabilidade dos serviços de inspeção mecânica e entrega domiciliar. Qualquer falha nesses serviços pode levar a uma perda de confiança dos usuários e a um aumento significativo dos custos operacionais."",
  ""probabilidade_sobrevivencia"": 45,
  ""decisao_operacional"": ""No-Go""
}"
S01,Airbnb,Marketplace peer-to-peer de hospedagem residencial e curta temporada,2008,,TravelTech Marketplace,"Marketplace peer-to-peer (P2P) bilateral que conecta proprietários de residências com acomodações disponíveis a viajantes. O modelo de receita baseia-se em comissões sobre transações confirmadas, com taxa percentual cobrada do hóspede (6% a 12%) e taxa de serviço descontada do anfitrião (3%). A plataforma opera sem propriedade de imóveis, utilizando catálogo digital na web com sistema mútuo de avaliações e perfis de usuários.",Ativa,,N/A - Empresa Sobrevivente,,"Cancelamento em massa de reservas e paralisação global do turismo em 2020 durante a pandemia de Covid-19, levando à redução de 25% do quadro de funcionários e à captação de US$ 1,0 bilhão em dívida emergencial para preservação de liquidez antes do IPO.",Crise de mercado / Sobrevivência financeira,2020,"A equipe fundadora é multidisciplinar, reunindo profissionais com formação em design industrial e engenharia de software com experiência em desenvolvimento de sistemas web. No ano da análise (2008), o mercado de hospedagem turística é concentrado em redes hoteleiras e plataformas de classificados de imóveis sem processamento integrado de pagamentos ou garantia de reservas.",https://www.sequoiacap.com/companies/airbnb/;https://hbr.org/2021/05/how-airbnb-survived-the-pandemic;https://www.slideshare.net/slideshow/airbnb-first-pitch-deck-editable/45768374;https://en.wikipedia.org/wiki/Airbnb;https://www.crunchbase.com/organization/airbnb,40.0,No-Go,No-Go,"A premissa crítica mais vulnerável é a capacidade de escalar rapidamente e atrair usuários suficientes para criar uma rede crítica. Se a plataforma não conseguir alcançar uma massa crítica de usuários, a viabilidade econômica pode ser comprometida.","{
  ""analise_problema_mercado"": ""O problema de mercado identificado é a falta de uma plataforma confiável e eficiente para conectar proprietários de residências com viajantes, especialmente em um cenário onde as redes hoteleiras dominam o mercado e as plataformas de classificados não oferecem garantia de reservas ou processamento de pagamentos integrado. A solução proposta, um marketplace peer-to-peer, parece atender a uma necessidade real, pois oferece uma alternativa mais flexível e econômica para hospedagem."",
  ""analise_solucao_proposta"": ""A solução proposta é viável operacionalmente, pois a plataforma digital elimina a necessidade de propriedade de imóveis e oferece um sistema de avaliações e perfis de usuários para garantir a confiança entre os participantes. No entanto, a adoção da solução pode enfrentar desafios, como a necessidade de educar os usuários sobre a segurança e conveniência do sistema de reservas e pagamentos integrados."",
  ""analise_modelo_receitas_custos"": ""O modelo de receita baseado em comissões parece sustentável, com taxas que podem ser ajustadas conforme necessário. No entanto, a estrutura de custos pode ser significativa no início, especialmente para o desenvolvimento da plataforma e a aquisição de usuários. A viabilidade financeira dependerá da capacidade de escalar rapidamente para atingir a economia de escala."",
  ""analise_vantagem_defensabilidade"": ""A vantagem competitiva reside na integração de um sistema de avaliações e garantia de reservas, o que pode ser difícil para novos entrantes replicarem rapidamente. No entanto, a defensabilidade pode ser desafiada por plataformas existentes que possam adicionar essas funcionalidades ou por novos concorrentes que ofereçam soluções inovadoras."",
  ""analise_premissa_critica_risco"": ""A premissa crítica mais vulnerável é a capacidade de escalar rapidamente e atrair usuários suficientes para criar uma rede crítica. Se a plataforma não conseguir alcançar uma massa crítica de usuários, a viabilidade econômica pode ser comprometida."",
  ""probabilidade_sobrevivencia"": 40,
  ""decisao_operacional"": ""No-Go""
}",45.0,No-Go,No-Go,"A premissa crítica mais vulnerável é a capacidade de atrair e manter uma base de usuários suficiente para gerar receitas consistentes. A adoção inicial pode ser lenta devido à falta de familiaridade com o conceito de aluguel residencial e à necessidade de superar a resistência inicial dos usuários. Além disso, a concorrência de plataformas estabelecidas e de novos entrantes pode dificultar a construção de uma base de usuários crítica.","{
  ""analise_problema_mercado"": ""O mercado de hospedagem turística em 2008 era dominado por redes hoteleiras tradicionais e plataformas de classificados sem a integração de processos de pagamento e garantia de reservas. A proposta de um marketplace peer-to-peer oferece uma alternativa inovadora, permitindo a conexão direta entre proprietários de residências e viajantes, com benefícios como maior flexibilidade de preços, variedade de acomodações e confiança através de avaliações de usuários. A urgência da solução é evidente, uma vez que o mercado estava em busca de alternativas mais eficientes e econômicas."",
  ""analise_solucao_proposta"": ""A solução proposta é viável operacionalmente, pois não requer propriedade de imóveis, apenas a integração de um sistema digital de avaliações e perfis de usuários. No entanto, a adoção da solução pode enfrentar desafios, como a necessidade de estabelecer confiança entre os usuários e a necessidade de integração com sistemas de pagamento seguros. A equipe fundadora, com experiência em desenvolvimento de sistemas web, está bem posicionada para implementar a plataforma, mas a adoção em larga escala pode depender da capacidade de superar a resistência inicial dos usuários e a falta de familiaridade com a ideia de aluguel residencial."",
  ""analise_modelo_receitas_custos"": ""O modelo de receita baseado em comissões sobre transações confirmadas é lógico e sustentável, com taxas que podem variar entre 6% e 12% para os hóspedes e uma taxa de serviço de 3% para os anfitriões. No entanto, a viabilidade financeira depende da capacidade de atrair um número significativo de usuários e transações para gerar receitas suficientes para cobrir os custos operacionais e gerar lucro. A estrutura de custos é principalmente tecnológica e de marketing, com potencial para escalar eficientemente à medida que o número de usuários aumenta."",
  ""analise_vantagem_defensabilidade"": ""A defensabilidade do modelo de negócios é baseada na confiança e na reputação da plataforma, que são construídas através de avaliações de usuários e garantia de reservas. A barreira de entrada para novos concorrentes é significativa, pois requer a construção de uma base de usuários confiável e a integração com sistemas de pagamento seguros. No entanto, a defensabilidade pode ser comprometida por novas entradas que ofereçam funcionalidades adicionais ou melhores experiências de usuário."",
  ""analise_premissa_critica_risco"": ""A premissa crítica mais vulnerável é a capacidade de atrair e manter uma base de usuários suficiente para gerar receitas consistentes. A adoção inicial pode ser lenta devido à falta de familiaridade com o conceito de aluguel residencial e à necessidade de superar a resistência inicial dos usuários. Além disso, a concorrência de plataformas estabelecidas e de novos entrantes pode dificultar a construção de uma base de usuários crítica."",
  ""probabilidade_sobrevivencia"": 45,
  ""decisao_operacional"": ""No-Go""
}",30.0,No-Go,No-Go,"A premissa crítica de sustentação mais vulnerável é a capacidade da plataforma de construir confiança entre os usuários e gerar um volume significativo de transações. Se a plataforma não conseguir estabelecer uma base de usuários confiáveis e ativos rapidamente, a viabilidade econômica do modelo pode ser seriamente comprometida.","{
  ""analise_problema_mercado"": ""O problema de mercado identificado é a falta de uma plataforma eficiente e confiável para conectar proprietários de residências com viajantes em busca de acomodações. A urgência da solução é evidente, pois o mercado de hospedagem turística é concentrado em redes hoteleiras tradicionais e plataformas de classificados que não oferecem um sistema integrado de processamento de pagamentos e garantia de reservas. Isso cria uma oportunidade significativa para uma plataforma peer-to-peer que possa oferecer uma experiência mais personalizada e econômica para os usuários."",
  ""analise_solucao_proposta"": ""A solução proposta é um marketplace peer-to-peer que conecta proprietários de residências com viajantes, oferecendo um sistema de avaliações e garantia de reservas. A adoção dessa solução pode enfrentar desafios, como a necessidade de construir confiança entre os usuários e a resistência à mudança de proprietários de imóveis e viajantes que preferem opções tradicionais. Além disso, a falta de infraestrutura digital no início de 2008 pode dificultar a adoção inicial."",
  ""analise_modelo_receitas_custos"": ""O modelo de receita baseia-se em comissões sobre transações confirmadas, com taxas variando de 6% a 12% para os hóspedes e 3% para os anfitriões. Este modelo é viável desde que a plataforma consiga gerar um volume significativo de transações. No entanto, os custos iniciais de desenvolvimento e marketing podem ser elevados, especialmente no início, quando a plataforma ainda não gerou receita suficiente para sustentar esses gastos."",
  ""analise_vantagem_defensabilidade"": ""A vantagem competitiva da plataforma reside em sua capacidade de oferecer uma experiência personalizada e econômica para os usuários, além de um sistema de avaliações e garantia de reservas. No entanto, a defensabilidade do modelo pode ser frágil, pois outros players podem entrar no mercado com ofertas semelhantes, especialmente se a plataforma não conseguir estabelecer uma base de usuários significativa rapidamente."",
  ""analise_premissa_critica_risco"": ""A premissa crítica de sustentação mais vulnerável é a capacidade da plataforma de construir confiança entre os usuários e gerar um volume significativo de transações. Se a plataforma não conseguir estabelecer uma base de usuários confiáveis e ativos rapidamente, a viabilidade econômica do modelo pode ser seriamente comprometida."",
  ""probabilidade_sobrevivencia"": 30,
  ""decisao_operacional"": ""No-Go""
}",40.0,No-Go,No-Go,A premissa crítica mais vulnerável é a capacidade de construir confiança entre os usuários e a adoção da plataforma em um mercado onde a confiança em transações online era baixa em 2008.,"{
  ""analise_problema_mercado"": ""O mercado de hospedagem turística em 2008 era dominado por grandes redes hoteleiras e plataformas de classificados sem a integração de serviços de pagamento e garantia de reservas. A proposta do negócio visa atender a uma necessidade não atendida de uma alternativa mais flexível e econômica para hospedagem, oferecendo um modelo peer-to-peer que integra esses serviços."",
  ""analise_solucao_proposta"": ""A solução proposta é viável operacionalmente, pois não requer propriedade de imóveis e utiliza um sistema de avaliações e perfis de usuários para garantir a confiabilidade. No entanto, a adoção da solução pode enfrentar desafios devido à necessidade de confiança e segurança entre os usuários, especialmente no contexto de 2008, quando a confiança em transações online era menor."",
  ""analise_modelo_receitas_custos"": ""O modelo de receita baseado em comissões parece sustentável, com taxas de 6% a 12% para hóspedes e 3% para anfitriões. No entanto, é necessário avaliar a estrutura de custos operacionais, como desenvolvimento e manutenção da plataforma, marketing e suporte ao cliente. A margem de lucro pode ser afetada por custos ocultos de escala, como a necessidade de contratação de mais funcionários para suporte ao cliente e desenvolvimento de novos recursos conforme o negócio cresce."",
  ""analise_vantagem_defensabilidade"": ""A vantagem competitiva reside na integração de serviços de pagamento e garantia de reservas, bem como na experiência da equipe fundadora em desenvolvimento de sistemas web. No entanto, a defensabilidade pode ser comprometida por barreiras de entrada baixas, permitindo a entrada de novos concorrentes que ofereçam serviços similares."",
  ""analise_premissa_critica_risco"": ""A premissa crítica mais vulnerável é a capacidade de construir confiança entre os usuários e a adoção da plataforma em um mercado onde a confiança em transações online era baixa em 2008."",
  ""probabilidade_sobrevivencia"": 40,
  ""decisao_operacional"": ""No-Go""
}",40.0,No-Go,No-Go,"A premissa crítica mais vulnerável é a capacidade de atração inicial de usuários. Se a plataforma não puder construir uma base de usuários crítica rapidamente, pode não ser capaz de competir com as plataformas existentes ou novos concorrentes.","{
  ""analise_problema_mercado"": ""O problema de mercado identificado é a falta de uma plataforma eficiente e confiável para conectar proprietários de residências com viajantes em busca de acomodações. Em 2008, o mercado de hospedagem turística era dominado por redes hoteleiras tradicionais e plataformas de classificados sem a integração de processos de pagamento e garantia de reservas, o que criava uma necessidade clara de uma solução que oferecesse mais flexibilidade e confiabilidade para ambos os lados da transação."",
  ""analise_solucao_proposta"": ""A solução proposta de um marketplace peer-to-peer é viável operacionalmente, uma vez que não requer propriedade de imóveis, apenas a integração de um sistema de avaliações e perfis de usuários. No entanto, a adoção inicial pode ser desafiadora devido à necessidade de construir confiança entre proprietários e hóspedes, bem como a necessidade de educar o mercado sobre a nova plataforma. A equipe fundadora possui as habilidades necessárias para desenvolver a plataforma, mas atração inicial de usuários pode ser um desafio."",
  ""analise_modelo_receitas_custos"": ""O modelo de receita baseado em comissões é viável, com taxas que podem ser ajustadas conforme necessário. No entanto, a plataforma terá custos iniciais significativos para desenvolvimento e marketing, e a geração de receita pode ser lenta no início enquanto a base de usuários é construída. A economia unitária é positiva a longo prazo, mas a viabilidade financeira a curto prazo é incerta."",
  ""analise_vantagem_defensabilidade"": ""A plataforma pode construir uma vantagem competitiva através da construção de uma base de usuários leal e a integração de um sistema de avaliações e perfis de usuários. No entanto, a barreira de entrada para novos concorrentes é relativamente baixa, especialmente se eles puderem oferecer uma experiência de usuário superior ou melhores taxas de comissão."",
  ""analise_premissa_critica_risco"": ""A premissa crítica mais vulnerável é a capacidade de atração inicial de usuários. Se a plataforma não puder construir uma base de usuários crítica rapidamente, pode não ser capaz de competir com as plataformas existentes ou novos concorrentes."",
  ""probabilidade_sobrevivencia"": 40,
  ""decisao_operacional"": ""No-Go""
}",45.0,No-Go,No-Go,"A premissa crítica mais vulnerável é a capacidade de construir confiança entre os usuários e a integração de sistemas de pagamento e garantia de reservas. Esses aspectos são fundamentais para a adoção da plataforma e a geração de receita, mas dependem de comportamentos dos usuários que podem não ser garantidos.","{
  ""analise_problema_mercado"": ""A análise do problema de mercado é sólida, identificando uma dor clara no setor de hospedagem turística, onde as opções de acomodação são limitadas e caras, principalmente para viagens de curta duração. A proposta de valor do marketplace peer-to-peer oferece uma alternativa mais acessível e flexível, conectando proprietários de residências com viajantes. No entanto, é necessário verificar se a urgência da solução é suficiente para superar a resistência à mudança e a falta de confiança inicial entre os usuários."",
  ""analise_solucao_proposta"": ""A solução proposta é viável operacionalmente, uma vez que a plataforma digital não requer propriedade de imóveis e pode ser escalável. No entanto, a adoção da solução dependerá da confiança dos usuários em avaliações e perfis de usuários, bem como da integração de sistemas de pagamento e garantia de reservas, que são aspectos críticos que precisam ser bem implementados para garantir a adoção."",
  ""analise_modelo_receitas_custos"": ""O modelo de receitas baseado em comissões parece viável, com margens potencialmente altas se a plataforma alcançar uma escala significativa. No entanto, é necessário avaliar cuidadosamente os custos de desenvolvimento e manutenção da plataforma, bem como os custos de aquisição de usuários, que podem ser altos no início. A sustentabilidade financeira dependerá da capacidade de escalar rapidamente e gerar receita suficiente para cobrir esses custos."",
  ""analise_vantagem_defensabilidade"": ""A defensabilidade do modelo de negócios é questionável, pois a entrada de novos concorrentes é relativamente fácil, especialmente com a crescente popularidade de plataformas digitais. A vantagem competitiva pode residir na qualidade do serviço, na integração de sistemas de pagamento e na confiança que a plataforma pode construir ao longo do tempo. No entanto, a barreira de entrada é baixa, o que pode levar a uma saturação do mercado."",
  ""analise_premissa_critica_risco"": ""A premissa crítica mais vulnerável é a capacidade de construir confiança entre os usuários e a integração de sistemas de pagamento e garantia de reservas. Esses aspectos são fundamentais para a adoção da plataforma e a geração de receita, mas dependem de comportamentos dos usuários que podem não ser garantidos."",
  ""probabilidade_sobrevivencia"": 45,
  ""decisao_operacional"": ""No-Go""
}",30.0,No-Go,No-Go,A premissa crítica mais vulnerável é a capacidade de superar os atritos jurídicos e regulatórios associados à hospedagem residencial e à privacidade de dados. A falta de integração de processamento de pagamentos e garantia de reservas também pode ser um risco significativo para a adoção inicial.,"{
  ""analise_problema_mercado"": ""O problema de mercado identificado é a falta de uma plataforma eficiente e confiável para conectar proprietários de residências com viajantes, especialmente em um cenário onde as redes hoteleiras dominam o mercado e as plataformas de classificados não oferecem garantias de reservas ou processamento de pagamentos integrado. A urgência da solução é evidente, pois há uma demanda crescente por opções de hospedagem alternativas e econômicas, além da necessidade de uma plataforma que ofereça segurança e conveniência para ambos os lados da transação."",
  ""analise_solucao_proposta"": ""A solução proposta de um marketplace P2P para hospedagem residencial e curta temporada parece viável operacionalmente, dado o contexto de 2008. No entanto, há potenciais atritos jurídicos e regulatórios que podem surgir, especialmente relacionados a questões de privacidade, segurança de dados e regulamentações locais sobre hospedagem residencial. Além disso, a falta de integração de processamento de pagamentos e garantia de reservas pode ser um obstáculo significativo para a adoção inicial."",
  ""analise_modelo_receitas_custos"": ""O modelo de receita baseado em comissões sobre transações confirmadas parece viável, com margens potencialmente atraentes. No entanto, a estrutura de custos iniciais pode ser significativa, especialmente para desenvolvimento de plataforma, marketing e garantia de reservas. A viabilidade financeira dependerá da capacidade de escalar rapidamente e alcançar volumes de transação suficientes para cobrir custos e gerar lucro."",
  ""analise_vantagem_defensabilidade"": ""A vantagem competitiva potencial reside na capacidade de oferecer uma plataforma segura e confiável para ambas as partes, com um sistema de avaliações mútuas e garantia de reservas. No entanto, a defensabilidade do modelo pode ser desafiada por entrantes que ofereçam soluções semelhantes com maior integração de processamento de pagamentos e melhores práticas de privacidade e segurança de dados."",
  ""analise_premissa_critica_risco"": ""A premissa crítica mais vulnerável é a capacidade de superar os atritos jurídicos e regulatórios associados à hospedagem residencial e à privacidade de dados. A falta de integração de processamento de pagamentos e garantia de reservas também pode ser um risco significativo para a adoção inicial."",
  ""probabilidade_sobrevivencia"": 30,
  ""decisao_operacional"": ""No-Go""
}"
S02,Uber,Plataforma de despacho e solicitação de transporte individual de passageiros via aplicativo móvel,2009,,Mobility / Marketplace,"Marketplace bilateral de mobilidade urbana que conecta passageiros a motoristas parceiros por meio de aplicativo móvel com geolocalização por GPS e despacho automatizado. O modelo de receita baseia-se na retenção de uma taxa de serviço percentual (take-rate entre 20% e 25%) sobre o valor bruto de cada corrida concluída. A estrutura de custos abrange o desenvolvimento e manutenção da infraestrutura de software, processamento de pagamentos digitais, aquisição e credenciamento de motoristas parceiros e despesas com suporte operacional aos usuários.",Ativa,,N/A - Empresa Sobrevivente,,"Renúncia do cofundador e diretor executivo Travis Kalanick em junho de 2017 após pressão formal de acionistas institucionais, sucedida por reestruturação da governança corporativa e investigações de conformidade regulatória antes do IPO.",Problema regulatório ou legal,2017,"A equipe fundadora é composta por empreendedores com histórico prévio de desenvolvimento de sistemas distribuídos na web e fundação de empresas de base tecnológica. No ano da análise (2009), o transporte individual urbano de passageiros é operado por frotas concessionadas de táxis municipais com tarifas reguladas e serviços privados de veículos executivos agendados previamente por telefone, em um cenário de lançamento recente dos primeiros smartphones com receptores GPS integrados.",https://techcrunch.com/2010/10/15/ubercab-closes-uber-angel-round/;https://www.sec.gov/Archives/edgar/data/1543151/000119312519103850/d647752ds1.htm;https://www.uber.com/newsroom/history/;https://en.wikipedia.org/wiki/Uber;https://en.wikipedia.org/wiki/Travis_Kalanick,30.0,No-Go,No-Go,"A premissa crítica mais vulnerável é a capacidade de escalar rapidamente a base de usuários e motoristas, bem como a retenção desses usuários e motoristas em um ambiente de concorrência acirrada. A escalabilidade e a retenção são cruciais para a viabilidade financeira do modelo de negócio.","{
  ""analise_problema_mercado"": ""O problema de mercado identificado é a falta de uma solução conveniente e eficiente para o transporte individual urbano, especialmente em um contexto onde os smartphones com GPS estão se tornando mais comuns. A urgência da solução é aparente, pois os usuários enfrentam dificuldades para encontrar táxis ou reservar veículos executivos de forma eficiente e rápida."",
  ""analise_solucao_proposta"": ""A solução proposta é uma plataforma de marketplace que conecta passageiros a motoristas parceiros via aplicativo móvel. A adoção dessa solução pode enfrentar desafios, como a necessidade de credenciamento e treinamento de motoristas, além da necessidade de confiança dos usuários em uma nova plataforma de transporte."",
  ""analise_modelo_receitas_custos"": ""O modelo de receita baseia-se na retenção de uma taxa de serviço sobre o valor bruto de cada corrida, o que é uma abordagem comum para marketplaces de transporte. No entanto, a viabilidade financeira dependerá da capacidade de escalar a plataforma e manter uma base de usuários e motoristas suficientemente grande para sustentar margens de lucro. Os custos de desenvolvimento e manutenção da plataforma, bem como os custos de aquisição e suporte aos usuários, precisam ser gerenciados eficientemente para garantir a sustentabilidade financeira."",
  ""analise_vantagem_defensabilidade"": ""A defensabilidade do modelo de negócio pode ser questionada, pois a entrada de novos concorrentes é relativamente fácil devido à natureza digital da plataforma. A vantagem competitiva pode residir na qualidade da experiência do usuário e na eficiência operacional, mas essas vantagens podem ser rapidamente replicadas por concorrentes."",
  ""analise_premissa_critica_risco"": ""A premissa crítica mais vulnerável é a capacidade de escalar rapidamente a base de usuários e motoristas, bem como a retenção desses usuários e motoristas em um ambiente de concorrência acirrada. A escalabilidade e a retenção são cruciais para a viabilidade financeira do modelo de negócio."",
  ""probabilidade_sobrevivencia"": 30,
  ""decisao_operacional"": ""No-Go""
}",45.0,No-Go,No-Go,A premissa crítica mais vulnerável é a capacidade da plataforma de atingir uma escala crítica de usuários e motoristas em um mercado altamente competitivo e em rápido desenvolvimento. A falta de escala pode resultar em uma estrutura de custos elevada e uma receita insuficiente para sustentar o negócio.,"{
  ""analise_problema_mercado"": ""A proposta de negócio visa resolver a dor de mercado relacionada à falta de conveniência e flexibilidade no transporte individual urbano, que é dominado por serviços de táxi tradicionais e veículos executivos agendados previamente por telefone. A introdução de um marketplace digital com geolocalização por GPS e despacho automatizado oferece uma solução mais conveniente e eficiente para passageiros e motoristas, especialmente considerando o lançamento recente de smartphones com GPS integrados em 2009."",
  ""analise_solucao_proposta"": ""A solução proposta é viável operacionalmente, uma vez que a equipe fundadora tem experiência em desenvolvimento de sistemas distribuídos na web e fundação de empresas de base tecnológica. No entanto, a adoção da solução pode enfrentar desafios devido à necessidade de credenciamento e treinamento de motoristas parceiros, bem como a necessidade de construir confiança e reputação no mercado."",
  ""analise_modelo_receitas_custos"": ""O modelo de receita baseado em uma taxa de serviço percentual (take-rate entre 20% e 25%) sobre o valor bruto de cada corrida concluída é viável financeiramente, desde que a plataforma consiga atingir uma escala crítica de usuários e motoristas. No entanto, a estrutura de custos, que inclui o desenvolvimento e manutenção da infraestrutura de software, processamento de pagamentos digitais, aquisição e credenciamento de motoristas parceiros e despesas com suporte operacional aos usuários, pode ser significativa no início."",
  ""analise_vantagem_defensabilidade"": ""A defensabilidade do modelo de negócios pode ser fortalecida através da construção de uma rede de motoristas e passageiros leais, bem como através da criação de uma plataforma de software robusta e segura. No entanto, a entrada de novos concorrentes no mercado pode ser relativamente fácil devido à natureza digital do negócio e à baixa barreira de entrada para a criação de uma plataforma de marketplace."",
  ""analise_premissa_critica_risco"": ""A premissa crítica mais vulnerável é a capacidade da plataforma de atingir uma escala crítica de usuários e motoristas em um mercado altamente competitivo e em rápido desenvolvimento. A falta de escala pode resultar em uma estrutura de custos elevada e uma receita insuficiente para sustentar o negócio."",
  ""probabilidade_sobrevivencia"": 45,
  ""decisao_operacional"": ""No-Go""
}",30.0,No-Go,No-Go,"A premissa crítica de sustentação mais vulnerável é a capacidade de atração e retenção de motoristas parceiros. Se a plataforma não conseguir credenciar e manter um número suficiente de motoristas, a oferta de serviço será insuficiente para atender à demanda de passageiros, o que inviabilizaria a operação do negócio.","{
  ""analise_problema_mercado"": ""A proposta de negócio identifica uma dor de mercado clara no setor de mobilidade urbana, onde a conveniência e a eficiência do transporte individual são limitadas por sistemas tradicionais de táxis e veículos executivos. A introdução de um aplicativo móvel com geolocalização por GPS e despacho automatizado oferece uma solução inovadora e urgente para os usuários que buscam maior conveniência e eficiência no transporte urbano."",
  ""analise_solucao_proposta"": ""A solução proposta é viável operacionalmente, uma vez que utiliza tecnologias já disponíveis no mercado, como smartphones com GPS e aplicativos de geolocalização. No entanto, a adoção da solução pode enfrentar desafios, como a necessidade de credenciamento e treinamento de motoristas parceiros, bem como a resistência à mudança por parte dos usuários habituados aos métodos tradicionais de transporte."",
  ""analise_modelo_receitas_custos"": ""O modelo de receita baseado em uma taxa de serviço percentual sobre o valor bruto de cada corrida concluída é lógico e pode ser sustentável, desde que a plataforma consiga atrair e reter tanto passageiros quanto motoristas. No entanto, a estrutura de custos, que inclui o desenvolvimento e manutenção da infraestrutura de software, processamento de pagamentos digitais e aquisição de motoristas parceiros, pode ser significativa no início, o que pode comprometer a viabilidade financeira do negócio."",
  ""analise_vantagem_defensabilidade"": ""A defensabilidade do negócio é questionável, uma vez que a barreira de entrada para novos competidores é relativamente baixa, especialmente em um mercado em rápido crescimento como o de mobilidade urbana. Além disso, a concorrência pode surgir de empresas de tecnologia estabelecidas que já possuem infraestrutura de pagamento e geolocalização."",
  ""analise_premissa_critica_risco"": ""A premissa crítica de sustentação mais vulnerável é a capacidade de atração e retenção de motoristas parceiros. Se a plataforma não conseguir credenciar e manter um número suficiente de motoristas, a oferta de serviço será insuficiente para atender à demanda de passageiros, o que inviabilizaria a operação do negócio."",
  ""probabilidade_sobrevivencia"": 30,
  ""decisao_operacional"": ""No-Go""
}",40.0,No-Go,No-Go,"A premissa crítica mais vulnerável é a capacidade de atração e retenção de motoristas parceiros. Se a plataforma não conseguir atrair e manter uma base de motoristas suficiente, sua viabilidade será comprometida.","{
  ""analise_problema_mercado"": ""O problema de mercado identificado é a necessidade de uma solução mais eficiente e conveniente para o transporte individual urbano, especialmente em um contexto de crescente popularização de smartphones com GPS. A urgência da solução é evidente, dado o potencial de crescimento do mercado de mobilidade urbana e a crescente demanda por serviços de mobilidade on-demand."",
  ""analise_solucao_proposta"": ""A solução proposta é inovadora e alinha-se com as tendências emergentes de mobilidade urbana e tecnologia. No entanto, a adoção da solução pode enfrentar desafios, como a necessidade de credenciamento e treinamento de motoristas parceiros, bem como a necessidade de construir confiança entre passageiros e motoristas."",
  ""analise_modelo_receitas_custos"": ""O modelo de receita baseado em uma taxa de serviço percentual sobre o valor bruto de cada corrida concluída é viável, mas a margem de lucro pode ser afetada por custos operacionais significativos, como aquisição e manutenção de motoristas parceiros e desenvolvimento de software. Além disso, a escalabilidade pode ser um desafio, pois a plataforma pode enfrentar custos crescentes de suporte operacional e infraestrutura de software à medida que cresce."",
  ""analise_vantagem_defensabilidade"": ""A vantagem competitiva da plataforma reside em sua capacidade de conectar passageiros e motoristas de maneira eficiente e conveniente. No entanto, a defensabilidade pode ser um desafio, pois outros players podem entrar no mercado com ofertas semelhantes. Barreiras de entrada podem incluir a necessidade de uma base de motoristas e passageiros estabelecida e investimento significativo em infraestrutura de software."",
  ""analise_premissa_critica_risco"": ""A premissa crítica mais vulnerável é a capacidade de atração e retenção de motoristas parceiros. Se a plataforma não conseguir atrair e manter uma base de motoristas suficiente, sua viabilidade será comprometida."",
  ""probabilidade_sobrevivencia"": 40,
  ""decisao_operacional"": ""No-Go""
}",45.0,No-Go,No-Go,"A premissa crítica mais vulnerável é a capacidade de atração e retenção de motoristas parceiros em um mercado competitivo, bem como a capacidade de construir uma base de usuários suficiente para tornar a plataforma viável economicamente.","{
  ""analise_problema_mercado"": ""O problema de mercado identificado é a falta de uma solução conveniente e eficiente para o transporte individual urbano, especialmente em um contexto onde os smartphones com GPS estão se tornando mais comuns. A proposta de valor resolve a dor de mercado ao oferecer uma plataforma que conecta passageiros e motoristas de forma rápida e conveniente, eliminando a necessidade de agendamentos telefônicos e tarifas reguladas que podem não ser competitivas."",
  ""analise_solucao_proposta"": ""A solução proposta é viável operacionalmente, pois utiliza tecnologias existentes como geolocalização por GPS e processamento de pagamentos digitais. No entanto, a adoção inicial pode ser desafiadora devido à necessidade de credenciamento e treinamento de motoristas parceiros, bem como a necessidade de construir confiança entre os usuários e a plataforma."",
  ""analise_modelo_receitas_custos"": ""O modelo de receita baseado em uma taxa de serviço percentual é viável, mas a estrutura de custos pode ser significativa no início, especialmente para o desenvolvimento e manutenção da plataforma de software e aquisição de motoristas parceiros. A economia unitária só se tornará viável com um grande número de usuários ativos."",
  ""analise_vantagem_defensabilidade"": ""A vantagem competitiva inicial pode ser a velocidade e conveniência da plataforma, mas a defensabilidade a longo prazo dependerá da capacidade de construir uma base sólida de usuários e motoristas, bem como da qualidade do serviço e da experiência do usuário."",
  ""analise_premissa_critica_risco"": ""A premissa crítica mais vulnerável é a capacidade de atração e retenção de motoristas parceiros em um mercado competitivo, bem como a capacidade de construir uma base de usuários suficiente para tornar a plataforma viável economicamente."",
  ""probabilidade_sobrevivencia"": 45,
  ""decisao_operacional"": ""No-Go""
}",45.0,No-Go,No-Go,"A premissa crítica mais vulnerável é a capacidade de atração e retenção de motoristas parceiros, que é fundamental para o sucesso do marketplace. A falta de motoristas parceiros pode levar a uma experiência ruim para os passageiros e, consequentemente, a uma rejeição do serviço.","{
  ""analise_problema_mercado"": ""A proposta de negócio identifica corretamente uma dor de mercado emergente no contexto de 2009, onde a tecnologia móvel e a geolocalização começavam a se tornar viáveis para o transporte individual. A urgência da solução é justificada pela crescente adesão a smartphones com GPS e a necessidade de uma alternativa mais eficiente e conveniente para o transporte urbano, além de potencializar a mobilidade urbana em áreas com infraestrutura limitada."",
  ""analise_solucao_proposta"": ""A solução proposta é viável operacionalmente, considerando o histórico da equipe em desenvolvimento de sistemas distribuídos e a crescente adoção de smartphones com GPS. No entanto, a adoção da solução pode enfrentar desafios, como a necessidade de credenciamento e treinamento de motoristas parceiros, bem como a resistência de consumidores habituados a serviços tradicionais de táxi e veículos executivos."",
  ""analise_modelo_receitas_custos"": ""O modelo de receita baseado em uma taxa de serviço percentual é plausível e pode ser sustentável, dado que a margem de lucro pode ser significativa se a demanda crescer. No entanto, a estrutura de custos pode ser desafiadora inicialmente, especialmente com relação ao desenvolvimento e manutenção da plataforma de software e ao processamento de pagamentos digitais."",
  ""analise_vantagem_defensabilidade"": ""A defensabilidade do modelo é questionável, pois a entrada de novos concorrentes é relativamente fácil devido à natureza digital da plataforma. Além disso, a barreira de entrada pode ser baixa, especialmente se outros players entrarem com ofertas semelhantes."",
  ""analise_premissa_critica_risco"": ""A premissa crítica mais vulnerável é a capacidade de atração e retenção de motoristas parceiros, que é fundamental para o sucesso do marketplace. A falta de motoristas parceiros pode levar a uma experiência ruim para os passageiros e, consequentemente, a uma rejeição do serviço."",
  ""probabilidade_sobrevivencia"": 45,
  ""decisao_operacional"": ""No-Go""
}",30.0,No-Go,No-Go,"A premissa crítica mais vulnerável é a capacidade de navegar e cumprir as regulamentações do setor de transporte de passageiros, que podem ser rígidas e não alinhadas com a proposta de negócio.","{
  ""analise_problema_mercado"": ""A proposta de negócio visa resolver a dor de mercado associada à falta de conveniência e flexibilidade no transporte individual urbano, especialmente no contexto de smartphones com GPS integrados. No entanto, é importante considerar que a regulamentação do setor de transporte de passageiros é rígida e pode representar uma barreira significativa para a implementação de um novo modelo de negócio baseado em aplicativos."",
  ""analise_solucao_proposta"": ""A solução proposta, que é a criação de um marketplace de mobilidade urbana por meio de um aplicativo móvel, é inovadora e potencialmente disruptiva. No entanto, a adoção da solução pode enfrentar atritos jurídicos institucionais, pois a regulamentação do setor de transporte de passageiros é rígida e pode não estar alinhada com a proposta de negócio."",
  ""analise_modelo_receitas_custos"": ""O modelo de receita baseado na retenção de uma taxa de serviço percentual sobre o valor bruto de cada corrida concluída é viável e pode gerar margens significativas. No entanto, os custos de desenvolvimento e manutenção da infraestrutura de software, processamento de pagamentos digitais, aquisição e credenciamento de motoristas parceiros e despesas com suporte operacional aos usuários podem ser elevados, especialmente no início da operação."",
  ""analise_vantagem_defensabilidade"": ""A vantagem competitiva da solução proposta é a conveniência e flexibilidade oferecida aos usuários. No entanto, a defensabilidade do modelo de negócio pode ser comprometida por barreiras legais e regulatórias, bem como pela entrada de concorrentes que possam oferecer soluções similares."",
  ""analise_premissa_critica_risco"": ""A premissa crítica mais vulnerável é a capacidade de navegar e cumprir as regulamentações do setor de transporte de passageiros, que podem ser rígidas e não alinhadas com a proposta de negócio."",
  ""probabilidade_sobrevivencia"": 30,
  ""decisao_operacional"": ""No-Go""
}"
S03,Nubank,Instituição de pagamentos digital emissora de cartões de crédito via aplicativo móvel,2013,,FinTech / Digital Banking,"Instituição financeira e de pagamentos digital sem agências físicas, operando a emissão e o gerenciamento de cartões de crédito pós-pagos exclusivamente por aplicativo móvel. O modelo de receita apoia-se na taxa de intercâmbio (interchange fee percentual repassada pela bandeira em cada transação de compra liquidada nos estabelecimentos comerciais) e na cobrança de juros e encargos sobre o financiamento de faturas rotativas e parcelamentos de faturas. A estrutura de custos concentra despesas em captação de recursos e linhas de crédito para financiamento do contas a receber, taxas de processamento e bandeiramento de cartões, desenvolvimento de infraestrutura de software em nuvem e provisões para perdas com inadimplência.",Ativa,,N/A - Empresa Sobrevivente,,"Elevação acentuada da taxa básica de juros e da inflação no Brasil entre 2021 e 2022, resultando no aumento dos índices de inadimplência da carteira de crédito e na elevação das provisões para perdas operacionais no período imediatamente posterior à oferta pública inicial de ações (IPO).",Problema de preço ou custo,2022,"A equipe fundadora é multidisciplinar, reunindo executivos com formação em engenharia e gestão de negócios com histórico prévio no mercado de investimentos e consultoria estratégica, uma profissional com experiência no setor financeiro e de meios de pagamento, e um engenheiro de software especializado em infraestrutura tecnológica. No ano da análise (2013), o setor bancário no país apresenta elevada concentração de ativos em poucas instituições financeiras tradicionais que operam por meio de agências físicas com cobrança generalizada de tarifas e anuidades, em um momento de expansão da cobertura de smartphones e conexões de internet móvel 3G.",https://www.sequoiacap.com/companies/nubank/;https://www.sec.gov/Archives/edgar/data/1691493/000119312521314903/d89049df1.htm;https://international.nubank.com.br/about/;https://en.wikipedia.org/wiki/Nubank;https://en.wikipedia.org/wiki/David_V%C3%A9lez,45.0,No-Go,No-Go,"A premissa crítica mais vulnerável é a capacidade de atrair e reter clientes em um mercado altamente competitivo e em constante mudança, especialmente considerando a necessidade de construir confiança e credibilidade como nova instituição financeira digital.","{
  ""analise_problema_mercado"": ""O problema de mercado identificado é a alta concentração e burocracia do setor bancário tradicional, que implica em tarifas e anuidades elevadas. A solução proposta, um banco digital que opera exclusivamente por meio de um aplicativo móvel, visa oferecer uma alternativa mais acessível e conveniente para os consumidores, especialmente em um momento de expansão da cobertura de smartphones e conexões de internet móvel."",
  ""analise_solucao_proposta"": ""A solução proposta é viável operacionalmente, uma vez que a equipe fundadora é multidisciplinar e possui experiência relevante no setor financeiro e de tecnologia. No entanto, a adoção da solução pode enfrentar desafios devido à necessidade de confiança dos consumidores em novas instituições financeiras digitais e a resistência à mudança de hábitos de uso de serviços bancários tradicionais."",
  ""analise_modelo_receitas_custos"": ""O modelo de receita baseado em taxas de intercâmbio e juros parece viável, mas a estrutura de custos pode ser significativa, especialmente em relação ao desenvolvimento de infraestrutura de software em nuvem e provisionamento para perdas com inadimplência. A sustentabilidade financeira dependerá da capacidade de escalar eficientemente e manter uma margem de lucratividade."",
  ""analise_vantagem_defensabilidade"": ""A vantagem competitiva potencial reside na eficiência operacional e na experiência do usuário, permitindo a captação de clientes e a redução de custos. No entanto, a defensabilidade do modelo pode ser desafiada por novos entrantes que também busquem aproveitar a tendência de digitalização do setor financeiro."",
  ""analise_premissa_critica_risco"": ""A premissa crítica mais vulnerável é a capacidade de atrair e reter clientes em um mercado altamente competitivo e em constante mudança, especialmente considerando a necessidade de construir confiança e credibilidade como nova instituição financeira digital."",
  ""probabilidade_sobrevivencia"": 45,
  ""decisao_operacional"": ""No-Go""
}",45.0,No-Go,No-Go,"A premissa crítica mais vulnerável é a capacidade de atrair e reter clientes em um mercado altamente competitivo e em constante evolução. A adesão e a satisfação do cliente são fundamentais para o sucesso do modelo de negócios, e qualquer falha nessa área pode comprometer significativamente a viabilidade do negócio.","{
  ""analise_problema_mercado"": ""O problema de mercado identificado é a alta tarifação e a falta de flexibilidade e conveniência oferecida pelas instituições financeiras tradicionais. A proposta de solução, que é a emissão e gerenciamento de cartões de crédito via aplicativo móvel, atende a uma necessidade emergente de serviços financeiros mais acessíveis e convenientes para o público que utiliza smartphones e conexões de internet móvel. A urgência da solução é evidente em um cenário de crescente adesão a smartphones e conexões de internet móvel, onde a conveniência e a facilidade de uso são fatores críticos de sucesso."",
  ""analise_solucao_proposta"": ""A solução proposta é viável operacionalmente, uma vez que a equipe fundadora possui experiência em tecnologia e finanças, o que é crucial para a implementação de um modelo de negócios baseado em tecnologia. No entanto, a adoção da solução pode enfrentar desafios devido à necessidade de confiança e familiaridade do público com a ideia de gerenciar contas e cartões de crédito exclusivamente por meio de um aplicativo móvel. A solução também precisa lidar com questões regulatórias e de segurança que são críticas para a confiança dos usuários."",
  ""analise_modelo_receitas_custos"": ""O modelo de receita baseado em taxas de intercâmbio e juros é viável, mas a margem de lucro pode ser afetada por custos operacionais significativos, como taxas de processamento e bandeiramento de cartões, desenvolvimento de software e provisões para inadimplência. A estrutura de custos é adequada para um modelo de negócios digital, mas a sustentabilidade a longo prazo dependerá da capacidade de escalar efetivamente e controlar custos."",
  ""analise_vantagem_defensabilidade"": ""A vantagem competitiva reside na conveniência e na experiência do usuário, que pode ser difícil de replicar por concorrentes tradicionais. No entanto, a defensabilidade do modelo pode ser desafiada por novos entrantes que também buscam inovar no setor financeiro digital. A barreira de entrada é relativamente baixa, pois não requer infraestrutura física significativa, mas a construção de uma base de clientes leal e a confiança do público são essenciais para a defensabilidade."",
  ""analise_premissa_critica_risco"": ""A premissa crítica mais vulnerável é a capacidade de atrair e reter clientes em um mercado altamente competitivo e em constante evolução. A adesão e a satisfação do cliente são fundamentais para o sucesso do modelo de negócios, e qualquer falha nessa área pode comprometer significativamente a viabilidade do negócio."",
  ""probabilidade_sobrevivencia"": 45,
  ""decisao_operacional"": ""No-Go""
}",30.0,No-Go,No-Go,"A premissa crítica de sustentação mais vulnerável é a capacidade da empresa de gerenciar efetivamente os riscos de inadimplência e manter uma margem de lucro sustentável. Se a empresa não conseguir gerenciar efetivamente esses riscos, pode enfrentar perdas financeiras significativas e dificuldades para manter a viabilidade econômica.","{
  ""analise_problema_mercado"": ""O problema de mercado identificado é a alta concentração de ativos em poucas instituições financeiras tradicionais que cobram tarifas e anuidades, o que pode ser um desafio para novas entradas no mercado. A solução proposta é uma instituição financeira digital que emite cartões de crédito via aplicativo móvel, eliminando a necessidade de agências físicas e potencialmente reduzindo custos para o cliente. No entanto, a urgência da solução pode ser questionada, pois a adoção de tecnologia financeira ainda estava em estágio inicial em 2013, e a cobertura de smartphones e conexões de internet móvel era limitada."",
  ""analise_solucao_proposta"": ""A solução proposta é viável operacionalmente, pois utiliza tecnologia para eliminar custos de agências físicas e oferecer serviços financeiros de forma mais acessível. No entanto, a adoção da solução pode enfrentar desafios, como a necessidade de confiança dos clientes em transações financeiras digitais e a resistência à mudança de hábitos de uso de cartões físicos."",
  ""analise_modelo_receitas_custos"": ""O modelo de receitas é baseado em taxas de intercâmbio e juros sobre financiamentos, que são viáveis desde que a empresa consiga captar recursos e gerenciar riscos de inadimplência. Os custos incluem captação de recursos, taxas de processamento e desenvolvimento de infraestrutura de software em nuvem. A estrutura de custos é razoável, mas a empresa precisa demonstrar que pode gerenciar efetivamente os riscos de inadimplência e manter uma margem de lucro sustentável."",
  ""analise_vantagem_defensabilidade"": ""A vantagem competitiva é a redução de custos operacionais e a capacidade de oferecer serviços financeiros mais acessíveis aos clientes. No entanto, a defensabilidade é questionável, pois a entrada de novos concorrentes no mercado de fintechs é relativamente fácil, especialmente com a crescente adoção de tecnologia financeira."",
  ""analise_premissa_critica_risco"": ""A premissa crítica de sustentação mais vulnerável é a capacidade da empresa de gerenciar efetivamente os riscos de inadimplência e manter uma margem de lucro sustentável. Se a empresa não conseguir gerenciar efetivamente esses riscos, pode enfrentar perdas financeiras significativas e dificuldades para manter a viabilidade econômica."",
  ""probabilidade_sobrevivencia"": 30,
  ""decisao_operacional"": ""No-Go""
}",45.0,No-Go,No-Go,"A premissa crítica mais vulnerável é a capacidade de atrair e manter uma base de clientes suficiente para sustentar a estrutura de custos e gerar lucratividade. A adesão do cliente a um modelo de banco digital ainda era incerta em 2013, especialmente em um mercado onde a confiança em serviços bancários tradicionais era forte.","{
  ""analise_problema_mercado"": ""O problema de mercado identificado é a alta concentração e a burocracia associada às instituições financeiras tradicionais, que cobram tarifas e anuidades elevadas. A solução proposta de um banco digital que opera exclusivamente por meio de um aplicativo móvel é relevante e urgente, pois atende a uma demanda crescente por serviços financeiros mais acessíveis e convenientes."",
  ""analise_solucao_proposta"": ""A solução proposta é viável operacionalmente, uma vez que a equipe fundadora possui experiência relevante em tecnologia e finanças. No entanto, a adoção da solução pode enfrentar desafios, como a necessidade de confiança do cliente em um modelo de negócio sem agências físicas e a necessidade de superar a resistência à mudança de um mercado acostumado a serviços bancários tradicionais."",
  ""analise_modelo_receitas_custos"": ""O modelo de receitas baseado em taxas de intercâmbio e juros parece viável, mas a estrutura de custos pode ser desafiadora. A captação de recursos e a linha de crédito para financiamento de contas a receber, bem como o desenvolvimento de infraestrutura de software em nuvem, são custos significativos. Além disso, a provisão para perdas com inadimplência pode ser um fator de risco importante. A existência de custos ocultos de escala também é possível, pois a ampliação da base de clientes pode aumentar a necessidade de investimentos em tecnologia e serviços de suporte."",
  ""analise_vantagem_defensabilidade"": ""A vantagem competitiva reside na conveniência e na acessibilidade do serviço, bem como na capacidade de oferecer taxas mais baixas devido à ausência de custos de operação em agências físicas. No entanto, a defensabilidade do modelo pode ser comprometida por novos entrantes que também ofereçam serviços digitais e por regulamentações que possam surgir no setor de meios de pagamento."",
  ""analise_premissa_critica_risco"": ""A premissa crítica mais vulnerável é a capacidade de atrair e manter uma base de clientes suficiente para sustentar a estrutura de custos e gerar lucratividade. A adesão do cliente a um modelo de banco digital ainda era incerta em 2013, especialmente em um mercado onde a confiança em serviços bancários tradicionais era forte."",
  ""probabilidade_sobrevivencia"": 45,
  ""decisao_operacional"": ""No-Go""
}",45.0,No-Go,No-Go,A premissa crítica mais vulnerável é a capacidade de atrair e reter clientes em um mercado altamente competitivo e em constante evolução. A adesão inicial de usuários e a satisfação do cliente são cruciais para o sucesso do modelo de negócios.,"{
  ""analise_problema_mercado"": ""O problema de mercado identificado é a alta tarifação e a baixa conveniência associada ao uso de serviços bancários tradicionais, especialmente para transações de cartões de crédito. A urgência da solução é evidente, pois há uma crescente demanda por serviços financeiros mais acessíveis e convenientes, especialmente entre os usuários de smartphones que buscam uma experiência mais digital e sem tarifas excessivas."",
  ""analise_solucao_proposta"": ""A solução proposta é viável operacionalmente, pois utiliza tecnologia de nuvem e aplicativos móveis para oferecer serviços de cartão de crédito sem a necessidade de agências físicas. No entanto, a adoção inicial pode enfrentar desafios, pois os clientes precisam estar dispostos a mudar de suas instituições financeiras tradicionais para uma nova plataforma digital. A captação inicial de usuários pode ser desafiadora devido à necessidade de confiança e familiaridade com a marca."",
  ""analise_modelo_receitas_custos"": ""O modelo de receitas baseado em taxas de intercâmbio e juros é viável, mas a estrutura de custos pode ser significativa no início, especialmente para o desenvolvimento de infraestrutura de software e para a captação de recursos e linhas de crédito. A margem de lucro pode ser afetada pela necessidade de investimentos iniciais altos para a construção da infraestrutura e pela concorrência existente no mercado de cartões de crédito."",
  ""analise_vantagem_defensabilidade"": ""A vantagem competitiva reside na conveniência e na experiência do usuário, bem como na redução de custos operacionais devido à ausência de agências físicas. No entanto, a defensabilidade pode ser desafiada por novos entrantes que oferecem soluções semelhantes e podem atrair clientes com ofertas promocionais ou benefícios diferenciados."",
  ""analise_premissa_critica_risco"": ""A premissa crítica mais vulnerável é a capacidade de atrair e reter clientes em um mercado altamente competitivo e em constante evolução. A adesão inicial de usuários e a satisfação do cliente são cruciais para o sucesso do modelo de negócios."",
  ""probabilidade_sobrevivencia"": 45,
  ""decisao_operacional"": ""No-Go""
}",45.0,No-Go,No-Go,"A premissa crítica mais vulnerável é a hipótese de que os consumidores adotarão rapidamente um modelo de banco digital sem agências físicas e sem tarifas excessivas. Esta é uma suposição que depende de mudanças comportamentais significativas dos consumidores, o que é um risco epistêmico elevado.","{
  ""analise_problema_mercado"": ""A proposta de negócio identifica corretamente uma dor de mercado significativa no setor bancário tradicional, que é a alta concentração de ativos e a cobrança generalizada de tarifas e anuidades. A solução proposta, um banco digital que opera exclusivamente por meio de um aplicativo móvel, visa atender a uma demanda crescente por serviços financeiros mais acessíveis e sem tarifas excessivas. No entanto, a análise deve considerar a possibilidade de que a adesão ao novo modelo de negócio dependa de mudanças comportamentais significativas dos consumidores, o que é um risco epistêmico elevado."",
  ""analise_solucao_proposta"": ""A solução proposta é viável operacionalmente, dado o contexto tecnológico de 2013, com a expansão da cobertura de smartphones e conexões de internet móvel 3G. No entanto, a adoção da solução pode enfrentar desafios, como a necessidade de confiança e familiaridade dos clientes com a tecnologia, bem como a resistência à mudança de hábitos financeiros tradicionais. A equipe fundadora parece bem preparada para lidar com esses desafios, mas a adoção em larga escala ainda é incerta."",
  ""analise_modelo_receitas_custos"": ""O modelo de receita baseado em taxas de intercâmbio e juros parece viável, dado que a taxa de intercâmbio é uma fonte de receita significativa para as instituições financeiras tradicionais. No entanto, a margem de lucro pode ser afetada pela concorrência e pela necessidade de investimentos significativos em infraestrutura tecnológica. A estrutura de custos é compreensível e parece alinhada com as necessidades do negócio, mas a sustentabilidade a longo prazo dependerá da capacidade de gerenciar efetivamente esses custos."",
  ""analise_vantagem_defensabilidade"": ""A vantagem competitiva baseada na inovação tecnológica e na experiência do usuário parece sólida, dado o contexto de 2013. No entanto, a defensabilidade a longo prazo pode ser desafiada por entrantes com recursos significativos e capacidade de inovação contínua. A barreira de entrada inicial pode ser alta devido ao investimento necessário em infraestrutura tecnológica, mas a sustentabilidade a longo prazo dependerá da capacidade de manter a vantagem competitiva."",
  ""analise_premissa_critica_risco"": ""A premissa crítica mais vulnerável é a hipótese de que os consumidores adotarão rapidamente um modelo de banco digital sem agências físicas e sem tarifas excessivas. Esta é uma suposição que depende de mudanças comportamentais significativas dos consumidores, o que é um risco epistêmico elevado."",
  ""probabilidade_sobrevivencia"": 45,
  ""decisao_operacional"": ""No-Go""
}",45.0,No-Go,No-Go,"A premissa crítica mais vulnerável é a capacidade de cumprir com as regulamentações bancárias e de proteção de dados, bem como a capacidade de gerenciar a inadimplência e as perdas associadas.","{
  ""analise_problema_mercado"": ""O problema de mercado identificado é a alta tarifação e a baixa conveniência associada ao uso de serviços bancários tradicionais. A solução proposta, um banco digital que oferece cartões de crédito via aplicativo móvel, visa atender a uma demanda crescente por serviços financeiros mais acessíveis e convenientes. A urgência da solução é evidente, considerando a rápida adoção de smartphones e a crescente demanda por serviços financeiros digitais."",
  ""analise_solucao_proposta"": ""A solução proposta é viável operacionalmente, dado o contexto de expansão da conectividade móvel e a crescente demanda por serviços financeiros digitais. No entanto, a adoção da solução pode enfrentar atritos legais e regulatórios, especialmente em relação à emissão de cartões de crédito sem a presença de agências físicas e a conformidade com as regulamentações bancárias e de proteção de dados."",
  ""analise_modelo_receitas_custos"": ""O modelo de receita baseado em taxas de intercâmbio e juros parece viável, dado o potencial de economia de custos operacionais em comparação com instituições tradicionais. No entanto, a estrutura de custos pode ser significativa, especialmente em relação ao desenvolvimento de infraestrutura de software em nuvem e às provisões para perdas com inadimplência."",
  ""analise_vantagem_defensabilidade"": ""A vantagem competitiva reside na conveniência e na acessibilidade dos serviços financeiros oferecidos via aplicativo móvel. No entanto, a defensabilidade do modelo pode ser comprometida por novas entradas de players tradicionais que buscam digitalizar seus serviços ou por novos concorrentes que ofereçam soluções similares."",
  ""analise_premissa_critica_risco"": ""A premissa crítica mais vulnerável é a capacidade de cumprir com as regulamentações bancárias e de proteção de dados, bem como a capacidade de gerenciar a inadimplência e as perdas associadas."",
  ""probabilidade_sobrevivencia"": 45,
  ""decisao_operacional"": ""No-Go""
}"
S04,Stripe,Plataforma de infraestrutura de processamento de pagamentos digitais via interface de programação,2010,,FinTech B2B,"Plataforma de software para processamento e liquidação de pagamentos em comércio eletrônico via interface de programação de aplicações (API). O modelo de receita baseia-se na retenção de uma comissão fixa combinada a uma tarifa percentual sobre cada transação financeira autorizada e liquidada (tipicamente 2,9% mais US$ 0,30 por operação de cartão de crédito). A estrutura de custos engloba taxas de intercâmbio pagas a bancos emissores e bandeiras de cartão, tarifas de liquidação financeira a bancos parceiros adquirentes, manutenção de servidores em nuvem e provisões para cobertura de perdas operacionais com estornos e contestações (chargebacks).",Ativa,,N/A - Empresa Sobrevivente,,"Desaceleração do comércio eletrônico global e aperto na política monetária em 2022, levando à redução de 14% do quadro de funcionários (aproximadamente 1.000 colaboradores) e ajuste de quase 30% no valuation da companhia em rodadas privadas subsequentes.",Fim do caixa,2022,"A equipe fundadora é composta por empreendedores com formação técnica em ciências exatas e matemática, com experiência prévia no desenvolvimento e monetização de softwares para comércio eletrônico na web. No ano da análise (2010), a integração de pagamentos por cartão de crédito na internet demanda a abertura manual de contas comerciais junto a instituições financeiras e adquirentes tradicionais por processos burocráticos que levam semanas, em um mercado atendido por gateways legados que redirecionam o usuário para fora do website.",https://www.ycombinator.com/companies/stripe;https://www.sequoiacap.com/companies/stripe/;https://en.wikipedia.org/wiki/Stripe_(company);https://en.wikipedia.org/wiki/Patrick_Collison;https://en.wikipedia.org/wiki/John_Collison,45.0,No-Go,No-Go,A premissa crítica mais vulnerável é a capacidade de gerenciar custos iniciais e alcançar uma escala de transações suficiente para tornar o modelo de receita lucrativo. A concorrência existente e a necessidade de integração com sistemas legados também são riscos significativos.,"{
  ""analise_problema_mercado"": ""O problema de mercado identificado é relevante, pois a integração manual e burocrática de pagamentos por cartão de crédito na internet é um obstáculo significativo para o comércio eletrônico. A solução proposta, que oferece uma plataforma de API para processamento de pagamentos, resolve efetivamente essa dor, permitindo uma integração mais rápida e eficiente."",
  ""analise_solucao_proposta"": ""A solução proposta é viável operacionalmente, pois a equipe fundadora tem experiência técnica relevante. No entanto, a adoção da solução pode enfrentar desafios devido à necessidade de integração com sistemas legados e a resistência à mudança por parte dos clientes existentes."",
  ""analise_modelo_receitas_custos"": ""O modelo de receitas baseado em comissões fixas e tarifas percentuais sobre transações parece viável, dado que é comum na indústria de processamento de pagamentos. No entanto, a estrutura de custos, que inclui taxas de intercâmbio e tarifas de liquidação, pode ser significativa, especialmente no início, quando o volume de transações é baixo. A margem de lucro pode ser pressionada inicialmente, o que pode ser um risco."",
  ""analise_vantagem_defensabilidade"": ""A plataforma de API pode oferecer uma vantagem competitiva inicial, pois permite uma integração mais rápida e eficiente. No entanto, a defensabilidade a longo prazo pode ser desafiada por concorrentes que oferecem soluções semelhantes ou que podem entrar no mercado com ofertas mais baratas ou com funcionalidades adicionais."",
  ""analise_premissa_critica_risco"": ""A premissa crítica mais vulnerável é a capacidade de gerenciar custos iniciais e alcançar uma escala de transações suficiente para tornar o modelo de receita lucrativo. A concorrência existente e a necessidade de integração com sistemas legados também são riscos significativos."",
  ""probabilidade_sobrevivencia"": 45,
  ""decisao_operacional"": ""No-Go""
}",45.0,No-Go,No-Go,"A premissa crítica mais vulnerável é a capacidade de atrair e manter uma base de clientes suficiente para gerar volume de transações que sustente as margens de lucro. A concorrência existente e potencial futura, bem como a necessidade de investimentos significativos em infraestrutura e conformidade regulatória, podem representar riscos significativos.","{
  ""analise_problema_mercado"": ""A proposta de negócio atende a uma necessidade clara no mercado de pagamentos digitais, onde a integração de pagamentos por cartão de crédito é um processo lento e burocrático. A solução proposta visa simplificar e acelerar este processo, oferecendo uma plataforma de API que permite a integração direta e automática de pagamentos, eliminando a necessidade de contas comerciais manuais e reduzindo o tempo de integração."",
  ""analise_solucao_proposta"": ""A solução proposta é viável operacionalmente, dado o background técnico da equipe fundadora e a crescente demanda por integrações de pagamento mais eficientes. No entanto, a adoção da solução pode enfrentar desafios devido à necessidade de integração com múltiplos bancos e bandeiras de cartão, bem como a necessidade de garantir a segurança e conformidade regulatória."",
  ""analise_modelo_receitas_custos"": ""O modelo de receita baseado em comissões fixas e tarifas percentuais sobre transações é viável e pode gerar receitas significativas à medida que o volume de transações aumenta. No entanto, a estrutura de custos, que inclui taxas de intercâmbio, tarifas de liquidação financeira e custos de manutenção de servidores em nuvem, pode ser significativa, especialmente durante a fase inicial de implementação. A margem de lucro pode ser afetada por estornos e contestações, o que requer uma gestão cuidadosa de riscos."",
  ""analise_vantagem_defensabilidade"": ""A solução proposta oferece uma vantagem competitiva inicial devido à sua capacidade de simplificar e acelerar a integração de pagamentos digitais. No entanto, a defensabilidade a longo prazo pode ser desafiada por novos entrantes que oferecem soluções similares ou superiores. A barreira de entrada pode ser reduzida se outros players do mercado adotarem tecnologias semelhantes, tornando a solução menos exclusiva."",
  ""analise_premissa_critica_risco"": ""A premissa crítica mais vulnerável é a capacidade de atrair e manter uma base de clientes suficiente para gerar volume de transações que sustente as margens de lucro. A concorrência existente e potencial futura, bem como a necessidade de investimentos significativos em infraestrutura e conformidade regulatória, podem representar riscos significativos."",
  ""probabilidade_sobrevivencia"": 45,
  ""decisao_operacional"": ""No-Go""
}",40.0,No-Go,No-Go,"A premissa crítica de sustentação mais vulnerável é a capacidade da plataforma de lidar com a segurança e a confiabilidade dos pagamentos. Se a plataforma não for capaz de garantir a segurança e a confiabilidade dos pagamentos, isso pode levar a uma perda de confiança dos clientes e uma diminuição na adoção da plataforma. Isso poderia inviabilizar a operação do negócio, pois a confiança dos clientes é crucial para o sucesso de uma plataforma de processamento de pagamentos.","{
  ""analise_problema_mercado"": ""O problema de mercado identificado é a burocracia e a demora associadas à integração de pagamentos por cartão de crédito na internet, que atualmente demanda a abertura manual de contas comerciais junto a instituições financeiras e adquirentes tradicionais. Isso cria uma barreira significativa para empresas que desejam aceitar pagamentos online, especialmente para pequenas e médias empresas (PMEs) que podem não ter os recursos necessários para lidar com esses processos complexos e demorados. A solução proposta, uma plataforma de infraestrutura de processamento de pagamentos digitais via API, visa resolver essa dor ao permitir uma integração mais rápida e fácil de pagamentos, mantendo o usuário dentro do site durante a transação."",
  ""analise_solucao_proposta"": ""A solução proposta é viável operacionalmente, pois oferece uma alternativa mais eficiente e rápida para a integração de pagamentos online. No entanto, a adoção da solução pode enfrentar desafios, como a necessidade de convencer os clientes a adotar uma nova plataforma e a necessidade de garantir a segurança e a confiabilidade da plataforma. Além disso, a solução requer uma forte infraestrutura tecnológica e conhecimento em segurança de pagamentos, o que pode ser um desafio para a equipe fundadora."",
  ""analise_modelo_receitas_custos"": ""O modelo de receita baseado em comissões fixas e tarifas percentuais sobre cada transação parece viável, especialmente se a plataforma for bem adotada pelo mercado. No entanto, a estrutura de custos, que inclui taxas de intercâmbio, tarifas de liquidação financeira e custos de manutenção de servidores em nuvem, pode ser significativa e pode afetar a margem de lucro da empresa. Além disso, a necessidade de provisionar para cobertura de perdas operacionais com estornos e contestações pode adicionar mais pressão financeira."",
  ""analise_vantagem_defensabilidade"": ""A plataforma de infraestrutura de processamento de pagamentos digitais via API pode oferecer uma vantagem competitiva inicial, pois resolve um problema significativo no mercado. No entanto, a defensabilidade do negócio pode ser frágil, pois a entrada de novos concorrentes é relativamente fácil devido à natureza tecnológica do setor. Além disso, a plataforma precisa ser altamente escalável e confiável para manter a vantagem competitiva."",
  ""analise_premissa_critica_risco"": ""A premissa crítica de sustentação mais vulnerável é a capacidade da plataforma de lidar com a segurança e a confiabilidade dos pagamentos. Se a plataforma não for capaz de garantir a segurança e a confiabilidade dos pagamentos, isso pode levar a uma perda de confiança dos clientes e uma diminuição na adoção da plataforma. Isso poderia inviabilizar a operação do negócio, pois a confiança dos clientes é crucial para o sucesso de uma plataforma de processamento de pagamentos."",
  ""probabilidade_sobrevivencia"": 40,
  ""decisao_operacional"": ""No-Go""
}",45.0,No-Go,No-Go,"A premissa crítica mais vulnerável é a capacidade da plataforma de gerenciar efetivamente os riscos associados a perdas operacionais com estornos e contestações, bem como a capacidade de manter uma margem sustentável em face de custos crescentes de manutenção de servidores e tarifas de intercâmbio.","{
  ""analise_problema_mercado"": ""O problema de mercado identificado é relevante e urgente, pois a integração manual e burocrática de pagamentos por cartão de crédito na internet é um obstáculo significativo para o crescimento do comércio eletrônico. A solução proposta de uma plataforma de infraestrutura de processamento de pagamentos via API tem o potencial de resolver essa dor de mercado, oferecendo uma solução mais eficiente e escalável."",
  ""analise_solucao_proposta"": ""A solução proposta é viável operacionalmente, pois a equipe fundadora possui experiência técnica relevante e o mercado apresenta uma necessidade clara. No entanto, a adoção da solução pode enfrentar desafios devido à resistência à mudança e à necessidade de integração com sistemas legados existentes."",
  ""analise_modelo_receitas_custos"": ""O modelo de receita baseado em comissões fixas e tarifas percentuais sobre cada transação parece sustentável, dado que o custo de processamento de transações é coberto pelas tarifas de intercâmbio, liquidação e manutenção de servidores. No entanto, a margem pode ser estreita e pode haver riscos associados a perdas operacionais com estornos e contestações."",
  ""analise_vantagem_defensabilidade"": ""A plataforma de software pode oferecer uma vantagem competitiva devido à sua capacidade de processar pagamentos de forma mais eficiente e escalável. No entanto, a defensabilidade pode ser desafiada por novos entrantes que ofereçam soluções similares com custos mais baixos ou melhores funcionalidades."",
  ""analise_premissa_critica_risco"": ""A premissa crítica mais vulnerável é a capacidade da plataforma de gerenciar efetivamente os riscos associados a perdas operacionais com estornos e contestações, bem como a capacidade de manter uma margem sustentável em face de custos crescentes de manutenção de servidores e tarifas de intercâmbio."",
  ""probabilidade_sobrevivencia"": 45,
  ""decisao_operacional"": ""No-Go""
}",45.0,No-Go,No-Go,A premissa crítica mais vulnerável é a capacidade de atração e retenção de clientes em um mercado altamente competitivo. A adoção inicial da plataforma pode ser lenta se os clientes não perceberem claramente os benefícios em relação aos gateways legados.,"{
  ""analise_problema_mercado"": ""A proposta de negócio resolve um problema real e significativo no mercado de pagamentos digitais B2B, onde a integração de pagamentos por cartão de crédito é um processo lento e burocrático. A solução proposta visa simplificar e acelerar esse processo, permitindo que os clientes processem e liquide pagamentos de forma mais eficiente e sem a necessidade de processos manuais extensos."",
  ""analise_solucao_proposta"": ""A solução proposta é viável operacionalmente, pois oferece uma plataforma de software que pode ser integrada facilmente através de APIs, eliminando a necessidade de processos manuais e burocráticos. No entanto, a adoção inicial pode ser desafiadora devido à necessidade de educar os clientes sobre os benefícios da plataforma e a mudança de hábitos de uso de gateways legados."",
  ""analise_modelo_receitas_custos"": ""O modelo de receita baseado em comissões fixas e tarifas percentuais sobre cada transação parece viável, dado que a taxa de comissão é típica para o setor. No entanto, a estrutura de custos, que inclui taxas de intercâmbio, tarifas de liquidação financeira e custos de manutenção de servidores em nuvem, pode ser significativa, especialmente durante a fase inicial de adoção da plataforma. A margem de lucro pode ser pressionada inicialmente devido aos custos operacionais."",
  ""analise_vantagem_defensabilidade"": ""A plataforma pode ter uma vantagem competitiva inicial devido à sua capacidade de simplificar a integração de pagamentos digitais. No entanto, a defensabilidade a longo prazo dependerá da capacidade de escalar efetivamente e manter uma vantagem tecnológica sobre os concorrentes. A existência de barreiras de entrada significativas é questionável, pois a indústria de pagamentos digitais é altamente competitiva e em constante evolução."",
  ""analise_premissa_critica_risco"": ""A premissa crítica mais vulnerável é a capacidade de atração e retenção de clientes em um mercado altamente competitivo. A adoção inicial da plataforma pode ser lenta se os clientes não perceberem claramente os benefícios em relação aos gateways legados."",
  ""probabilidade_sobrevivencia"": 45,
  ""decisao_operacional"": ""No-Go""
}",45.0,No-Go,No-Go,A premissa crítica mais vulnerável é a capacidade de atrair e manter clientes em um mercado altamente competitivo e em constante mudança. A necessidade de integração com sistemas legados e a resistência à mudança podem ser obstáculos significativos.,"{
  ""analise_problema_mercado"": ""A análise do problema de mercado é sólida, identificando corretamente a necessidade de uma solução mais eficiente e rápida para a integração de pagamentos por cartão de crédito em comércio eletrônico. A urgência da solução é justificada pela burocracia atual e pela necessidade de uma experiência do usuário mais fluida."",
  ""analise_solucao_proposta"": ""A solução proposta é viável operacionalmente, uma vez que a equipe fundadora possui as habilidades técnicas necessárias para desenvolver a plataforma. No entanto, a adoção da solução pode enfrentar desafios devido à necessidade de integração com sistemas legados e a resistência à mudança por parte dos clientes existentes."",
  ""analise_modelo_receitas_custos"": ""O modelo de receitas é baseado em comissões sobre transações, o que é comum no setor de pagamentos digitais. No entanto, a estrutura de custos pode ser significativa, especialmente com relação às taxas de intercâmbio e liquidação financeira. A margem de lucro pode ser afetada por esses custos, especialmente se a taxa de transações não for suficientemente alta para cobrir esses custos."",
  ""analise_vantagem_defensabilidade"": ""A vantagem competitiva pode ser a facilidade e rapidez de integração, bem como a experiência do usuário. No entanto, a defensabilidade é questionável, pois outros players podem entrar no mercado com soluções semelhantes, especialmente se a barreira de entrada for baixa."",
  ""analise_premissa_critica_risco"": ""A premissa crítica mais vulnerável é a capacidade de atrair e manter clientes em um mercado altamente competitivo e em constante mudança. A necessidade de integração com sistemas legados e a resistência à mudança podem ser obstáculos significativos."",
  ""probabilidade_sobrevivencia"": 45,
  ""decisao_operacional"": ""No-Go""
}",45.0,No-Go,No-Go,"A premissa crítica mais vulnerável é a conformidade com as leis de privacidade e proteção de dados. A solução proposta depende de uma infraestrutura legal e regulatória que pode ser desafiadora, especialmente em relação à conformidade com as leis de privacidade e proteção de dados.","{
  ""analise_problema_mercado"": ""O problema de mercado identificado é a burocracia e a demora na integração de sistemas de pagamento por cartão de crédito em sites de comércio eletrônico, o que limita a capacidade de negócios de pequeno e médio porte de oferecer uma experiência de pagamento fluida e segura para os clientes. A solução proposta visa resolver essa dor ao fornecer uma plataforma de infraestrutura de processamento de pagamentos digitais via API, permitindo a integração rápida e eficiente de sistemas de pagamento em qualquer site de comércio eletrônico."",
  ""analise_solucao_proposta"": ""A solução proposta é viável operacionalmente, pois a equipe fundadora possui experiência técnica relevante e o mercado apresenta uma necessidade clara por uma solução mais eficiente. No entanto, existem atritos de adoção significativos, pois o mercado está acostumado com gateways legados e pode haver resistência à mudança. Além disso, a solução depende de uma infraestrutura legal e regulatória que pode ser desafiadora, especialmente em relação à conformidade com as leis de privacidade e proteção de dados."",
  ""analise_modelo_receitas_custos"": ""O modelo de receita baseado em comissões fixas e tarifas percentuais sobre cada transação parece viável, mas a estrutura de custos é significativa, especialmente as taxas de intercâmbio e tarifas de liquidação financeira. A margem de lucro pode ser estreita, especialmente no início, quando os custos de infraestrutura e manutenção são altos."",
  ""analise_vantagem_defensabilidade"": ""A plataforma de software pode ser uma vantagem competitiva, pois oferece uma solução mais eficiente e integrada para processamento de pagamentos. No entanto, a defensabilidade pode ser desafiada por concorrentes que oferecem soluções semelhantes ou que possuem uma infraestrutura legal e regulatória mais robusta."",
  ""analise_premissa_critica_risco"": ""A premissa crítica mais vulnerável é a conformidade com as leis de privacidade e proteção de dados. A solução proposta depende de uma infraestrutura legal e regulatória que pode ser desafiadora, especialmente em relação à conformidade com as leis de privacidade e proteção de dados."",
  ""probabilidade_sobrevivencia"": 45,
  ""decisao_operacional"": ""No-Go""
}"
S05,Slack,Plataforma de colaboração em equipe e comunicação corporativa em nuvem,2009,,SaaS B2B,"Plataforma de software como serviço (SaaS) voltada à comunicação corporativa e compartilhamento de arquivos em canais temáticos organizados por equipes de trabalho. O modelo de receita baseia-se em assinaturas recorrentes com tarifação mensal por usuário ativo, adotando uma camada gratuita de entrada com limites de histórico de busca e integrações de aplicativos, a partir da qual equipes contratam planos pagos para recursos corporativos e retenção irrestrita de dados. A estrutura de custos compreende o desenvolvimento contínuo de aplicações web e móveis, armazenamento e infraestrutura de servidores em nuvem, suporte operacional e iniciativas de marketing de produto.",Ativa,,N/A - Empresa Sobrevivente,,"Anúncio de aquisição da empresa pela Salesforce em dezembro de 2020 por US$ 27,7 bilhões, em meio à intensificação da concorrência com o Microsoft Teams, que distribuía seu serviço integrado ao pacote de produtividade corporativa Office 365.",Concorrência predatória,2020,"A equipe fundadora é formada por profissionais com experiência no desenvolvimento de arquiteturas web em larga escala, sistemas distribuídos em nuvem e aplicações interativas de alta densidade de usuários. No ano da análise (2009), a comunicação interna em empresas é dominada pelo correio eletrônico corporativo e ferramentas legadas de mensagens instantâneas locais, desprovidas de indexação unificada de arquivos e integração nativa com ferramentas e serviços em nuvem.",https://techcrunch.com/2014/02/12/slack-exits-beta/;https://www.sec.gov/Archives/edgar/data/1764925/000162828019005230/slacks-1.htm;https://en.wikipedia.org/wiki/Slack_Technologies;https://en.wikipedia.org/wiki/Stewart_Butterfield,45.0,No-Go,No-Go,"A premissa crítica mais vulnerável é a capacidade de atrair e reter clientes suficientes para sustentar a estrutura de custos e gerar lucro. A concorrência no setor SaaS é intensa, e a capacidade de diferenciar-se e oferecer um valor claro e superior é crucial para o sucesso.","{
  ""analise_problema_mercado"": ""A proposta de negócio identifica corretamente uma dor de mercado significativa no setor de comunicação corporativa, especialmente em relação à falta de ferramentas integradas e escaláveis para comunicação e colaboração em equipe. A urgência da solução é evidente, uma vez que as ferramentas existentes são limitadas e não atendem às necessidades crescentes de empresas que buscam maior eficiência e produtividade."",
  ""analise_solucao_proposta"": ""A solução proposta é viável operacionalmente, dado o histórico de experiência da equipe fundadora em desenvolvimento de software e nuvem. No entanto, a adoção da solução pode enfrentar desafios devido à resistência à mudança e à necessidade de integração com sistemas legados existentes."",
  ""analise_modelo_receitas_custos"": ""O modelo de receitas baseado em assinaturas recorrentes é consistente com o setor SaaS e pode ser sustentável se a taxa de retenção de clientes for alta. No entanto, a estrutura de custos pode ser significativa, especialmente em relação ao desenvolvimento contínuo e à infraestrutura de nuvem, o que pode representar um risco financeiro se a receita não crescer conforme esperado."",
  ""analise_vantagem_defensabilidade"": ""A vantagem competitiva reside na integração de ferramentas e serviços em nuvem, bem como na experiência da equipe em desenvolvimento de software. No entanto, a defensabilidade pode ser um desafio, pois o setor SaaS é altamente competitivo e novos concorrentes podem surgir rapidamente."",
  ""analise_premissa_critica_risco"": ""A premissa crítica mais vulnerável é a capacidade de atrair e reter clientes suficientes para sustentar a estrutura de custos e gerar lucro. A concorrência no setor SaaS é intensa, e a capacidade de diferenciar-se e oferecer um valor claro e superior é crucial para o sucesso."",
  ""probabilidade_sobrevivencia"": 45,
  ""decisao_operacional"": ""No-Go""
}",45.0,No-Go,No-Go,A premissa crítica mais vulnerável é a capacidade de escalonar a base de usuários e gerar receita suficiente para cobrir os custos de desenvolvimento e infraestrutura. A competitividade do mercado e a necessidade de investimento inicial significativo para desenvolvimento e infraestrutura podem representar riscos significativos.,"{
  ""analise_problema_mercado"": ""A proposta de negócio identifica uma dor significativa no mercado de comunicação corporativa, onde as ferramentas existentes são limitadas em termos de integração com serviços em nuvem e capacidade de indexação e busca unificada. A urgência da solução é alta, pois as empresas estão cada vez mais dependentes de ferramentas colaborativas em nuvem para aumentar a produtividade e eficiência."",
  ""analise_solucao_proposta"": ""A solução proposta é viável operacionalmente, com uma equipe fundadora experiente em desenvolvimento de software e nuvem. No entanto, a adoção da solução pode ser lenta devido à necessidade de integração com sistemas legados e à resistência à mudança dentro das organizações. A existência de uma camada gratuita pode ajudar na adoção inicial, mas a escalabilidade e a retenção de usuários pagos são fatores de risco."",
  ""analise_modelo_receitas_custos"": ""O modelo de receita baseado em assinaturas recorrentes é sólido e comum no setor SaaS. No entanto, os custos de desenvolvimento contínuo e de infraestrutura em nuvem podem ser significativos, especialmente no início, quando a base de usuários é pequena. A sustentabilidade financeira dependerá da capacidade de escalar efetivamente e gerenciar custos."",
  ""analise_vantagem_defensabilidade"": ""A defensabilidade do modelo de negócio é moderada. A plataforma pode desenvolver uma vantagem competitiva através da experiência do usuário e da integração com uma variedade de serviços em nuvem. No entanto, a entrada de novos concorrentes é relativamente fácil devido à natureza do setor SaaS e à crescente concorrência."",
  ""analise_premissa_critica_risco"": ""A premissa crítica mais vulnerável é a capacidade de escalonar a base de usuários e gerar receita suficiente para cobrir os custos de desenvolvimento e infraestrutura. A competitividade do mercado e a necessidade de investimento inicial significativo para desenvolvimento e infraestrutura podem representar riscos significativos."",
  ""probabilidade_sobrevivencia"": 45,
  ""decisao_operacional"": ""No-Go""
}",30.0,No-Go,No-Go,"A premissa crítica mais frágil é a capacidade de alcançar uma taxa de adoção rápida e sustentável. Se a solução não for adotada rapidamente por uma base crítica de usuários, a empresa pode enfrentar dificuldades financeiras devido aos custos de desenvolvimento e infraestrutura.","{
  ""analise_problema_mercado"": ""A proposta de negócio identifica corretamente uma dor de mercado significativa no setor de comunicação corporativa, especialmente a falta de ferramentas integradas e escaláveis para a colaboração em equipe. No entanto, em 2009, a adoção de tecnologias em nuvem ainda estava em seus estágios iniciais, o que pode representar um desafio para a adoção imediata da solução proposta."",
  ""analise_solucao_proposta"": ""A solução proposta é inovadora e alinha-se bem com as necessidades de comunicação e colaboração em equipe. No entanto, a adoção de uma solução SaaS pode enfrentar desafios devido à necessidade de integração com sistemas legados e a resistência à mudança dentro das organizações."",
  ""analise_modelo_receitas_custos"": ""O modelo de receita baseado em assinaturas mensais por usuário é sólido e comum no setor SaaS. No entanto, a estrutura de custos, especialmente os relacionados ao desenvolvimento contínuo e à infraestrutura em nuvem, pode ser significativa e requer uma taxa de adoção rápida para sustentar a economia unitária."",
  ""analise_vantagem_defensabilidade"": ""A vantagem competitiva reside na integração de ferramentas e serviços em nuvem, bem como na experiência da equipe fundadora em desenvolvimento de sistemas em nuvem. No entanto, a barreira de entrada para concorrentes é relativamente baixa, especialmente com a crescente disponibilidade de APIs e plataformas de desenvolvimento."",
  ""analise_premissa_critica_risco"": ""A premissa crítica mais frágil é a capacidade de alcançar uma taxa de adoção rápida e sustentável. Se a solução não for adotada rapidamente por uma base crítica de usuários, a empresa pode enfrentar dificuldades financeiras devido aos custos de desenvolvimento e infraestrutura."",
  ""probabilidade_sobrevivencia"": 30,
  ""decisao_operacional"": ""No-Go""
}",60.0,Go,Go,"A premissa crítica mais vulnerável é a capacidade de manter uma taxa de retenção de clientes alta e crescer de maneira sustentável, especialmente em um mercado altamente competitivo e em constante evolução.","{
  ""analise_problema_mercado"": ""Há uma clara dor de mercado em relação à falta de ferramentas de comunicação e colaboração eficientes em ambientes corporativos. A proposta de solução é relevante e atende a uma necessidade real, pois as ferramentas existentes são limitadas e não oferecem a integração e a facilidade de uso que a plataforma proposta oferece."",
  ""analise_solucao_proposta"": ""A solução proposta é viável operacionalmente, considerando a experiência da equipe fundadora em desenvolvimento de software e nuvem. No entanto, a adoção da solução pode enfrentar barreiras de mudança de hábitos e resistência à mudança, especialmente em organizações estabelecidas."",
  ""analise_modelo_receitas_custos"": ""O modelo de receita baseado em assinaturas mensais por usuário é comum e bem estabelecido no mercado SaaS. A estrutura de custos parece razoável, considerando os custos de desenvolvimento, infraestrutura em nuvem e suporte operacional. No entanto, é importante monitorar a escalabilidade dos custos de armazenamento e infraestrutura de servidores em nuvem, que podem crescer rapidamente com o aumento do número de usuários."",
  ""analise_vantagem_defensabilidade"": ""A plataforma pode desenvolver uma vantagem competitiva através da integração com outras ferramentas e serviços em nuvem, bem como através da experiência do usuário e da facilidade de uso. No entanto, a barreira de entrada para concorrentes pode ser relativamente baixa, especialmente se eles oferecerem soluções personalizadas ou integradas com outras ferramentas de produtividade."",
  ""analise_premissa_critica_risco"": ""A premissa crítica mais vulnerável é a capacidade de manter uma taxa de retenção de clientes alta e crescer de maneira sustentável, especialmente em um mercado altamente competitivo e em constante evolução."",
  ""probabilidade_sobrevivencia"": 60,
  ""decisao_operacional"": ""Go""
}",45.0,No-Go,No-Go,A premissa crítica mais vulnerável é a capacidade de atração e retenção de usuários suficientes para sustentar o modelo de receitas. A adoção inicial e a retenção de usuários são cruciais para a viabilidade econômica e a escalabilidade do negócio.,"{
  ""analise_problema_mercado"": ""A dor de mercado é clara e urgente, pois as ferramentas de comunicação interna existentes são limitadas e não atendem às necessidades crescentes de colaboração em equipe e compartilhamento de arquivos em ambientes corporativos. A falta de integração com ferramentas e serviços em nuvem e a ausência de indexação unificada de arquivos são problemas reais que a proposta de valor visa resolver."",
  ""analise_solucao_proposta"": ""A solução proposta é viável operacionalmente e apresenta potencial de adoção inicial, pois oferece uma camada gratuita que atende às necessidades básicas de comunicação e colaboração, incentivando a adoção e a familiarização com a plataforma. A tarifação mensal por usuário ativo é um modelo de receita comprovadamente eficaz para SaaS, permitindo a escalabilidade e a monetização de recursos adicionais."",
  ""analise_modelo_receitas_custos"": ""O modelo de receitas baseado em assinaturas recorrentes é financeiramente viável, com margens potencialmente altas se a taxa de retenção de usuários for alta. No entanto, os custos de desenvolvimento contínuo e de infraestrutura em nuvem podem ser significativos, especialmente no início, o que pode exigir investimento inicial substancial."",
  ""analise_vantagem_defensabilidade"": ""A defensabilidade do modelo de negócios é moderada, pois a plataforma precisa se diferenciar de concorrentes estabelecidos e emergentes. A vantagem competitiva pode residir na experiência da equipe fundadora em desenvolvimento de arquiteturas web em larga escala e sistemas distribuídos em nuvem, bem como na capacidade de oferecer integrações nativas com ferramentas e serviços em nuvem."",
  ""analise_premissa_critica_risco"": ""A premissa crítica mais vulnerável é a capacidade de atração e retenção de usuários suficientes para sustentar o modelo de receitas. A adoção inicial e a retenção de usuários são cruciais para a viabilidade econômica e a escalabilidade do negócio."",
  ""probabilidade_sobrevivencia"": 45,
  ""decisao_operacional"": ""No-Go""
}",40.0,No-Go,No-Go,"A premissa crítica mais vulnerável é a hipótese de que as empresas estarão dispostas a adotar uma nova plataforma de comunicação e colaboração em um momento em que o mercado ainda está se familiarizando com a nuvem e a colaboração digital. Isso é um risco significativo, pois a adoção pode ser lenta devido à resistência à mudança e à necessidade de integração com sistemas legados.","{
  ""analise_problema_mercado"": ""A proposta de negócio identifica corretamente uma dor de mercado significativa: a falta de uma solução integrada e eficiente para comunicação e colaboração em equipe em ambientes corporativos. A urgência da solução é apoiada pela crescente necessidade de ferramentas de nuvem e colaboração remota, embora o cenário de 2009 possa ser considerado um pouco prematuro para essa demanda, dado o estágio inicial da adoção de nuvem e colaboração digital."",
  ""analise_solucao_proposta"": ""A solução proposta é viável operacionalmente, com uma equipe fundadora experiente em tecnologias relevantes. No entanto, a adoção da solução pode enfrentar desafios devido à resistência à mudança e à necessidade de integração com sistemas legados, o que pode ser um atrito significativo para a adoção."",
  ""analise_modelo_receitas_custos"": ""O modelo de receita baseado em assinaturas recorrentes é sólido e comum no setor SaaS. No entanto, a viabilidade financeira dependerá significativamente da taxa de adoção e retenção de usuários, bem como da eficiência da estrutura de custos, especialmente no que diz respeito ao desenvolvimento contínuo e à infraestrutura de nuvem."",
  ""analise_vantagem_defensabilidade"": ""A vantagem competitiva reside na integração de comunicação e colaboração em uma única plataforma, bem como na experiência da equipe fundadora em tecnologias relevantes. No entanto, a defensabilidade pode ser frágil devido à natureza altamente competitiva do mercado de SaaS e à facilidade com que novos concorrentes podem entrar com soluções semelhantes."",
  ""analise_premissa_critica_risco"": ""A premissa crítica mais vulnerável é a hipótese de que as empresas estarão dispostas a adotar uma nova plataforma de comunicação e colaboração em um momento em que o mercado ainda está se familiarizando com a nuvem e a colaboração digital. Isso é um risco significativo, pois a adoção pode ser lenta devido à resistência à mudança e à necessidade de integração com sistemas legados."",
  ""probabilidade_sobrevivencia"": 40,
  ""decisao_operacional"": ""No-Go""
}",45.0,No-Go,No-Go,"A premissa crítica mais vulnerável é a capacidade da empresa de manter a conformidade com regulamentações emergentes de privacidade e segurança de dados, que podem ser onerosas e restritivas.","{
  ""analise_problema_mercado"": ""A proposta de negócio identifica corretamente uma dor de mercado significativa no setor de comunicação corporativa, onde as ferramentas existentes são fragmentadas e desprovidas de funcionalidades avançadas de integração e colaboração. A urgência da solução é evidente, especialmente em um cenário onde a adoção de tecnologias em nuvem está em expansão."",
  ""analise_solucao_proposta"": ""A solução proposta é viável operacionalmente, com uma abordagem de camada gratuita seguida de planos pagos que permite uma adoção gradual e escalável. No entanto, a adoção da solução pode enfrentar atritos jurídicos institucionais, especialmente em relação à privacidade e segurança de dados, que são questões críticas para as empresas B2B."",
  ""analise_modelo_receitas_custos"": ""O modelo de receitas baseado em assinaturas recorrentes é sólido e alinhado com a tendência do mercado SaaS. A estrutura de custos é compatível com o desenvolvimento contínuo de uma plataforma de software complexa, mas a empresa deve estar atenta às despesas crescentes associadas à conformidade legal e regulatória."",
  ""analise_vantagem_defensabilidade"": ""A plataforma oferece uma vantagem competitiva significativa através de sua arquitetura escalável e funcionalidades avançadas de colaboração e comunicação. No entanto, a defensabilidade pode ser comprometida por regulamentações emergentes que podem criar barreiras de entrada para novos concorrentes ou forçar a empresa a adotar padrões de conformidade que podem limitar sua flexibilidade."",
  ""analise_premissa_critica_risco"": ""A premissa crítica mais vulnerável é a capacidade da empresa de manter a conformidade com regulamentações emergentes de privacidade e segurança de dados, que podem ser onerosas e restritivas."",
  ""probabilidade_sobrevivencia"": 45,
  ""decisao_operacional"": ""No-Go""
}"
S06,Mercado Livre,Marketplace online de comércio eletrônico e leilões virtuais C2C e B2C,1999,,E-commerce / Marketplace,"Marketplace online bilateral para compra e venda de produtos novos e usados entre pessoas físicas e pequenos comerciantes (C2C e B2C) em modelo de leilões e preço fixo. O modelo de receita apoia-se na cobrança de tarifas de anúncio (taxa de listagem paga para posicionamento destacado) e em comissões percentuais incidentes sobre as vendas concretizadas na plataforma. A estrutura de custos compreende o desenvolvimento e hospedagem de servidores web, suporte ao cliente, iniciativas de atração de tráfego de usuários e provisões para mediação de disputas operacionais entre compradores e vendedores.",Ativa,,N/A - Empresa Sobrevivente,,"Estouro da bolha das pontocom em 2000 e severa crise econômica na Argentina em 2001-2002, acarretando retração de liquidez e falência em massa de concorrentes regionais de comércio eletrônico, superada mediante corte de 50% de despesas operacionais e acordo societário de 19,5% de participação com o eBay em 2001.",Crise de mercado / Sobrevivência financeira,2001,"A equipe fundadora é liderada por um gestor com pós-graduação em administração de empresas e finanças corporativas, acompanhado por profissionais de engenharia de software e desenvolvimento web. No ano da análise (1999), a penetração de computadores e internet discada na região é restrita a menos de 3% dos domicílios, com comércio de bens de consumo operando quase que exclusivamente no varejo físico e classificados impressos, enquanto o comércio eletrônico regional resume-se a diretórios e portais horizontais pioneiros.",https://www.sec.gov/Archives/edgar/data/1099590/000119312507111003/ds1.htm;https://en.wikipedia.org/wiki/MercadoLibre;https://en.wikipedia.org/wiki/Marcos_Galperin,20.0,No-Go,No-Go,A premissa crítica mais vulnerável é a baixa penetração da internet e a cultura de compras online na época de 1999. Isso pode tornar a adoção da plataforma muito lenta e desafiadora.,"{
  ""analise_problema_mercado"": ""O problema de mercado identificado é a falta de uma plataforma eficiente para a realização de transações comerciais entre consumidores e pequenos comerciantes. A urgência da solução é justificada pela crescente adoção da internet e a necessidade de modernizar o comércio tradicional, embora em 1999 a penetração da internet ainda seja muito baixa."",
  ""analise_solucao_proposta"": ""A solução proposta é um marketplace online que permite transações de leilões e preço fixo. No entanto, a adoção da solução pode enfrentar desafios significativos devido à baixa penetração da internet e da cultura de compras online na época."",
  ""analise_modelo_receitas_custos"": ""O modelo de receita baseia-se em tarifas de anúncio e comissões sobre vendas, o que é lógico para um marketplace. No entanto, a estrutura de custos, que inclui desenvolvimento de software e suporte ao cliente, pode ser desafiadora em um ambiente de baixa penetção de internet."",
  ""analise_vantagem_defensabilidade"": ""A vantagem competitiva é a plataforma de leilões e preço fixo, que pode ser difícil de replicar. No entanto, a defensabilidade é questionável dada a baixa penetração da internet e a falta de experiência com o comércio eletrônico."",
  ""analise_premissa_critica_risco"": ""A premissa crítica mais vulnerável é a baixa penetração da internet e a cultura de compras online na época de 1999. Isso pode tornar a adoção da plataforma muito lenta e desafiadora."",
  ""probabilidade_sobrevivencia"": 20,
  ""decisao_operacional"": ""No-Go""
}",20.0,No-Go,No-Go,"A premissa crítica mais vulnerável é a capacidade de atrair e manter usuários em um ambiente de baixa penetração de internet. A adoção da plataforma depende fortemente da infraestrutura tecnológica e da confiança dos usuários em transações online, que são fatores que podem não estar maduros o suficiente em 1999.","{
  ""analise_problema_mercado"": ""O problema de mercado identificado é a falta de uma plataforma eficiente para a realização de transações comerciais online, especialmente para pequenos comerciantes e consumidores. Em 1999, a penetração da internet era muito baixa, o que limita a adoção inicial da plataforma. A urgência da solução é questionável, pois a infraestrutura tecnológica e a cultura de compra/venda online ainda estão em seus estágios iniciais de desenvolvimento."",
  ""analise_solucao_proposta"": ""A solução proposta é um marketplace online que oferece leilões e vendas de produtos novos e usados. A adoção dessa solução pode enfrentar desafios significativos devido à baixa penetração de internet e à falta de confiança em transações online. Além disso, a necessidade de desenvolver um sistema robusto de suporte ao cliente e mediação de disputas pode ser complexa e demorada."",
  ""analise_modelo_receitas_custos"": ""O modelo de receita baseia-se em tarifas de anúncio e comissões sobre vendas, o que pode ser difícil de implementar em um mercado com baixa penetração de internet. Os custos envolvem o desenvolvimento e hospedagem de servidores, suporte ao cliente e atração de tráfego, que podem ser significativos e não garantem retorno imediato, especialmente em um cenário de baixa adoção."",
  ""analise_vantagem_defensabilidade"": ""A defensabilidade do modelo é questionável, pois a concorrência pode surgir rapidamente com soluções semelhantes, especialmente com o rápido avanço da tecnologia e penetração da internet. Além disso, a barreira de entrada para novos concorrentes é relativamente baixa, especialmente em termos de custos de desenvolvimento de software."",
  ""analise_premissa_critica_risco"": ""A premissa crítica mais vulnerável é a capacidade de atrair e manter usuários em um ambiente de baixa penetração de internet. A adoção da plataforma depende fortemente da infraestrutura tecnológica e da confiança dos usuários em transações online, que são fatores que podem não estar maduros o suficiente em 1999."",
  ""probabilidade_sobrevivencia"": 20,
  ""decisao_operacional"": ""No-Go""
}",20.0,No-Go,No-Go,"A premissa crítica de sustentação mais vulnerável é a baixa penetração da internet e dos computadores na região em 1999. Se a adoção da internet e dos computadores não aumentar significativamente, a plataforma não será capaz de atrair um número suficiente de usuários para tornar-se viável economicamente.","{
  ""analise_problema_mercado"": ""O problema de mercado identificado é a falta de uma plataforma eficiente para a realização de transações comerciais entre consumidores e pequenos comerciantes, tanto em formato de leilões quanto de vendas a preço fixo. No entanto, em 1999, a penetração da internet e dos computadores é muito baixa, o que limita significativamente a adoção da plataforma. Além disso, a concorrência é composta por diretórios e portais horizontais, que podem ser mais simples e menos caros de usar para os usuários."",
  ""analise_solucao_proposta"": ""A solução proposta é um marketplace online que oferece transações comerciais em formato de leilões e vendas a preço fixo. A plataforma visa conectar consumidores e pequenos comerciantes, permitindo a realização de transações de forma mais eficiente do que os métodos tradicionais. No entanto, a solução enfrenta desafios significativos devido à baixa penetração da internet e dos computadores, o que pode dificultar a atração e a retenção de usuários."",
  ""analise_modelo_receitas_custos"": ""O modelo de receita é baseado na cobrança de tarifas de anúncio e comissões sobre vendas. No entanto, a baixa penetração da internet e dos computadores pode limitar a geração de receita, já que o número de usuários potenciais é limitado. Além disso, os custos de desenvolvimento e hospedagem de servidores web, suporte ao cliente e atração de tráfego de usuários podem ser significativos, especialmente em um mercado com poucos usuários."",
  ""analise_vantagem_defensabilidade"": ""A vantagem competitiva proposta é a capacidade de conectar consumidores e pequenos comerciantes em um único marketplace online. No entanto, a barreira de entrada para a criação de um marketplace online é relativamente baixa, especialmente em um mercado com pouca penetração da internet e dos computadores. Além disso, a concorrência pode ser formada por diretórios e portais horizontais, que podem ser mais simples e menos caros de usar para os usuários."",
  ""analise_premissa_critica_risco"": ""A premissa crítica de sustentação mais vulnerável é a baixa penetração da internet e dos computadores na região em 1999. Se a adoção da internet e dos computadores não aumentar significativamente, a plataforma não será capaz de atrair um número suficiente de usuários para tornar-se viável economicamente."",
  ""probabilidade_sobrevivencia"": 20,
  ""decisao_operacional"": ""No-Go""
}",30.0,No-Go,No-Go,"A premissa crítica mais vulnerável é a capacidade de atração e retenção de usuários em um ambiente de penetração de internet limitada. Se a plataforma não conseguir atrair um número suficiente de usuários, tanto compradores quanto vendedores, a viabilidade financeira do negócio será seriamente comprometida.","{
  ""analise_problema_mercado"": ""O problema de mercado identificado é a falta de uma plataforma eficiente para a realização de transações comerciais entre consumidores e pequenos comerciantes, tanto em formato de leilões quanto de vendas a preço fixo. A urgência da solução é evidente, uma vez que a penetração da internet e computadores é limitada, mas em crescimento, e o comércio eletrônico está apenas começando a ganhar tração. A solução proposta visa preencher essa lacuna, oferecendo uma plataforma que facilita a interação entre compradores e vendedores."",
  ""analise_solucao_proposta"": ""A solução proposta é viável operacionalmente, pois utiliza um modelo de marketplace que já é bem estabelecido em outros setores. No entanto, a adoção da solução pode enfrentar desafios devido à baixa penetração de internet e computadores na região, o que pode dificultar a atração de usuários e a geração de tráfego. Além disso, a necessidade de suporte ao cliente e mediação de disputas pode ser um atrito significativo."",
  ""analise_modelo_receitas_custos"": ""O modelo de receita baseado em tarifas de anúncio e comissões sobre vendas parece sólido, mas a viabilidade financeira dependerá da capacidade de atrair um número suficiente de usuários e transações. A estrutura de custos, que inclui desenvolvimento e hospedagem de servidores web, suporte ao cliente e atração de tráfego, é razoável, mas pode ser significativa no início, especialmente se a atração de usuários não for tão rápida quanto esperado. A existência de custos ocultos de escala é possível, pois a plataforma pode precisar de investimentos adicionais em tecnologia e infraestrutura à medida que cresce."",
  ""analise_vantagem_defensabilidade"": ""A defensabilidade do modelo de negócio é questionável devido à natureza competitiva do setor de e-commerce e marketplace. A barreira de entrada é relativamente baixa, o que significa que novos concorrentes podem entrar facilmente no mercado. Além disso, a plataforma pode enfrentar desafios para se diferenciar de outros marketplaces existentes ou emergentes."",
  ""analise_premissa_critica_risco"": ""A premissa crítica mais vulnerável é a capacidade de atração e retenção de usuários em um ambiente de penetração de internet limitada. Se a plataforma não conseguir atrair um número suficiente de usuários, tanto compradores quanto vendedores, a viabilidade financeira do negócio será seriamente comprometida."",
  ""probabilidade_sobrevivencia"": 30,
  ""decisao_operacional"": ""No-Go""
}",30.0,No-Go,No-Go,"A premissa crítica mais vulnerável é a velocidade e escala da adoção da internet e do comércio eletrônico. Se a adoção não atender às expectativas, a plataforma pode não se tornar viável economicamente.","{
  ""analise_problema_mercado"": ""Em 1999, o problema de mercado é a falta de uma plataforma eficiente para conectar compradores e vendedores, especialmente para itens de segunda mão e pequenos comerciantes. A penetração da internet ainda é baixa, mas o potencial de crescimento é significativo, pois a tecnologia está em expansão e há uma demanda crescente por conveniência e eficiência na compra e venda de produtos."",
  ""analise_solucao_proposta"": ""A solução proposta de um marketplace online para leilões e vendas de preço fixo é inovadora e potencialmente útil, mas enfrenta desafios significativos de adoção inicial devido à baixa penetração da internet e falta de familiaridade com a compra e venda online. A necessidade de investimento em marketing e educação do consumidor pode ser significativa."",
  ""analise_modelo_receitas_custos"": ""O modelo de receita baseado em tarifas de anúncio e comissões sobre vendas é viável, mas a estrutura de custos, incluindo desenvolvimento de plataforma, suporte ao cliente e aquisição de tráfego, pode ser elevada no início. A margem de lucro pode ser pressionada inicialmente devido aos custos de aquisição de usuários."",
  ""analise_vantagem_defensabilidade"": ""A defensabilidade do modelo é questionável no início, pois a barreira de entrada é baixa e há pouca diferenciação inicial. A escala e a reputação podem ser fatores de defesa a longo prazo, mas inicialmente, a concorrência pode ser intensa."",
  ""analise_premissa_critica_risco"": ""A premissa crítica mais vulnerável é a velocidade e escala da adoção da internet e do comércio eletrônico. Se a adoção não atender às expectativas, a plataforma pode não se tornar viável economicamente."",
  ""probabilidade_sobrevivencia"": 30,
  ""decisao_operacional"": ""No-Go""
}",20.0,No-Go,No-Go,A premissa crítica mais vulnerável é a adoção da plataforma por parte dos usuários em um cenário de baixa penetração de internet e comércio eletrônico. A necessidade de educar o mercado e criar confiança é um risco significativo que pode comprometer a viabilidade do modelo.,"{
  ""analise_problema_mercado"": ""O problema de mercado identificado é a falta de uma plataforma eficiente para a realização de transações comerciais online, especialmente em um cenário onde a penetração da internet ainda é muito baixa. A urgência da solução é questionável, dado que a adoção da internet e do comércio eletrônico ainda está em seus estágios iniciais. A solução proposta visa preencher uma lacuna, mas a urgência e a necessidade imediata do mercado para tal solução são debatíveis."",
  ""analise_solucao_proposta"": ""A solução proposta é viável operacionalmente, mas enfrenta desafios significativos de adoção devido à baixa penetração de internet e ao comportamento do consumidor ainda não estar adequadamente formado para transações online. A necessidade de desenvolvimento de infraestrutura tecnológica e a criação de confiança entre os usuários são aspectos críticos que precisam ser superados."",
  ""analise_modelo_receitas_custos"": ""O modelo de receita baseado em tarifas de anúncio e comissões sobre vendas é lógico, mas a viabilidade financeira depende fortemente da escala e da adoção da plataforma. Dada a baixa penetração de internet em 1999, a geração de receita suficiente para cobrir os custos operacionais e gerar lucro é um risco significativo."",
  ""analise_vantagem_defensabilidade"": ""A defensabilidade da solução é questionável, pois a barreira de entrada para novos players no mercado de comércio eletrônico é relativamente baixa, especialmente em um cenário de adoção inicial da tecnologia. A criação de uma base de usuários e a confiança necessária para transações online são aspectos que podem ser replicados por concorrentes."",
  ""analise_premissa_critica_risco"": ""A premissa crítica mais vulnerável é a adoção da plataforma por parte dos usuários em um cenário de baixa penetração de internet e comércio eletrônico. A necessidade de educar o mercado e criar confiança é um risco significativo que pode comprometer a viabilidade do modelo."",
  ""probabilidade_sobrevivencia"": 20,
  ""decisao_operacional"": ""No-Go""
}",20.0,No-Go,No-Go,A premissa crítica mais vulnerável é a capacidade de atrair e reter usuários em um ambiente de baixa penetração de internet e falta de confiança em transações online. A viabilidade do modelo depende fortemente da capacidade de superar esses desafios.,"{
  ""analise_problema_mercado"": ""O problema de mercado identificado é a falta de uma plataforma eficiente para a realização de transações comerciais online, especialmente leilões virtuais, entre consumidores e pequenos comerciantes. A urgência da solução é justificada pela crescente adoção da internet e pelo potencial de crescimento do comércio eletrônico, embora em 1999 a penetração ainda seja baixa."",
  ""analise_solucao_proposta"": ""A solução proposta de um marketplace online para leilões e vendas de produtos novos e usados é inovadora para o contexto de 1999, mas enfrenta desafios significativos de adoção devido à baixa penetração da internet e à falta de confiança em transações online. Além disso, a necessidade de um sistema robusto de mediação de disputas pode ser complexa e cara de implementar."",
  ""analise_modelo_receitas_custos"": ""O modelo de receita baseado em tarifas de anúncio e comissões sobre vendas é lógico, mas a viabilidade financeira dependerá da capacidade de atrair e reter usuários em um ambiente de baixa penetração de internet. Os custos de desenvolvimento e hospedagem de servidores, suporte ao cliente e atração de tráfego podem ser significativos, especialmente considerando a necessidade de escalabilidade para atender a um mercado emergente."",
  ""analise_vantagem_defensabilidade"": ""A defensabilidade do modelo de negócio pode ser questionada, pois a barreira de entrada para outros players é relativamente baixa em um mercado em expansão. Além disso, a existência de concorrentes estabelecidos em outros países pode dificultar a criação de uma vantagem competitiva duradoura."",
  ""analise_premissa_critica_risco"": ""A premissa crítica mais vulnerável é a capacidade de atrair e reter usuários em um ambiente de baixa penetração de internet e falta de confiança em transações online. A viabilidade do modelo depende fortemente da capacidade de superar esses desafios."",
  ""probabilidade_sobrevivencia"": 20,
  ""decisao_operacional"": ""No-Go""
}"
S07,Canva,Plataforma de software como serviço em nuvem para criação e editoração de design gráfico,2013,,Creative SaaS,"Plataforma de software em nuvem executada diretamente no navegador web para composição de projetos gráficos, apresentações e materiais de comunicação visual por meio de interface gráfica de arrastar e soltar (drag-and-drop) e modelos pré-formatados. O modelo de receita combina a modalidade de acesso gratuito (freemium) com assinaturas recorrentes pagas (SaaS) que liberam acesso a bancos ampliados de elementos fotográficos e vetoriais, ferramentas de identidade visual e recursos de edição compartilhada em equipe, além de micropagamentos pontuais por licenças de uso de imagens avulsas. A estrutura de custos compreende o desenvolvimento contínuo de aplicações web, licenciamento de catálogos de imagens de terceiros, hospedagem em infraestrutura de nuvem e suporte operacional.",Ativa,,,,"Lançamento em 2021-2022 de ferramentas concorrentes de criação gráfica integrada por desenvolvedores de sistemas operacionais e suítes corporativas de escritório (como Adobe Express e Microsoft Designer), respondido pela expansão da plataforma para suíte visual corporativa integrada e recursos de inteligência artificial generativa",Concorrência predatória,2022,"A equipe fundadora é composta por empreendedores com experiência prévia de gestão no mercado de publicação e diagramação gráfica impressa, associados a um engenheiro de software e designer de experiência do usuário com histórico técnico em grandes plataformas de tecnologia. No ano da análise (2013), o mercado de criação gráfica e editoração é dominado por pacotes de software desktop complexos e onerosos voltados a designers profissionais, enquanto usuários comuns sem treinamento técnico dependem de ferramentas genéricas de apresentação de slides em computadores locais, em um momento de incipiência de editores visuais vetoriais nativos em navegadores web.",https://www.bbc.com/news/business-42552367;https://blackbird.vc/portfolio/canva;https://en.wikipedia.org/wiki/Canva;https://en.wikipedia.org/wiki/Melanie_Perkins;https://www.crunchbase.com/organization/canva,45.0,No-Go,No-Go,A premissa crítica mais vulnerável é a capacidade de atrair e reter usuários suficientes para sustentar o modelo de receita baseado em assinaturas e micropagamentos. A concorrência existente e a rápida evolução tecnológica podem dificultar a atração e retenção de usuários.,"{
  ""analise_problema_mercado"": ""O problema identificado é a necessidade de uma ferramenta de design gráfico acessível e fácil de usar para usuários não especializados. A urgência da solução é justificada pela crescente demanda por conteúdo visual em plataformas digitais e pela dificuldade dos usuários comuns em usar ferramentas complexas e caras."",
  ""analise_solucao_proposta"": ""A solução proposta é uma plataforma web baseada em SaaS que oferece uma interface de arrastar e soltar e modelos pré-formatados, tornando o design gráfico acessível para usuários não especializados. A adoção da solução pode ser facilitada pela familiaridade dos usuários com interfaces web e pelo modelo freemium que permite experimentar o produto sem custos iniciais."",
  ""analise_modelo_receitas_custos"": ""O modelo de receita é viável, combinando o acesso gratuito com assinaturas pagas que liberam recursos adicionais e micropagamentos por uso de imagens. A estrutura de custos é composta por desenvolvimento de software, licenciamento de catálogos de imagens, hospedagem em nuvem e suporte operacional, o que é compatível com o modelo de receita proposto."",
  ""analise_vantagem_defensabilidade"": ""A vantagem competitiva reside na facilidade de uso e no modelo de acesso gratuito que pode atrair um grande número de usuários. No entanto, a defensabilidade é questionável, pois a concorrência pode replicar rapidamente a solução e oferecer alternativas similares."",
  ""analise_premissa_critica_risco"": ""A premissa crítica mais vulnerável é a capacidade de atrair e reter usuários suficientes para sustentar o modelo de receita baseado em assinaturas e micropagamentos. A concorrência existente e a rápida evolução tecnológica podem dificultar a atração e retenção de usuários."",
  ""probabilidade_sobrevivencia"": 45,
  ""decisao_operacional"": ""No-Go""
}",45.0,No-Go,No-Go,"A premissa crítica mais vulnerável é a capacidade de atrair e reter um grande número de usuários que geram receita através de assinaturas e transações pontuais. Se a plataforma não conseguir estabelecer uma base de usuários suficientemente grande e engajada, a sustentabilidade financeira pode ser comprometida.","{
  ""analise_problema_mercado"": ""O mercado de design gráfico e editoração enfrenta uma lacuna significativa entre as ferramentas complexas e caras para profissionais e as ferramentas limitadas e genéricas para usuários comuns. A proposta de negócio visa preencher essa lacuna oferecendo uma plataforma de design gráfico em nuvem que é acessível, fácil de usar e escalável, atendendo tanto a profissionais quanto a usuários amadores. A urgência da solução reside na crescente necessidade de ferramentas de design acessíveis e eficientes em um ambiente cada vez mais digital."",
  ""analise_solucao_proposta"": ""A solução proposta é viável operacionalmente, pois oferece uma plataforma de design gráfico em nuvem que é fácil de usar e escalável. No entanto, a adoção da solução pode enfrentar desafios devido à necessidade de educar o mercado sobre a conveniência e a eficiência de ferramentas de design em nuvem. Além disso, a competição com pacotes de software desktop estabelecidos e ferramentas de apresentação genéricas pode ser intensa."",
  ""analise_modelo_receitas_custos"": ""O modelo de receita que combina acesso gratuito com assinaturas pagas e micropagamentos é uma abordagem promissora, pois permite a atração de um grande número de usuários e a geração de receita a partir de assinaturas e transações pontuais. No entanto, a estrutura de custos pode ser significativa devido ao desenvolvimento contínuo de aplicações web, licenciamento de catálogos de imagens de terceiros e hospedagem em nuvem. É crucial que a empresa monitore de perto a relação custo-benefício para garantir a sustentabilidade financeira."",
  ""analise_vantagem_defensabilidade"": ""A defensabilidade do modelo de negócio pode ser reforçada por meio da criação de uma base de usuários leais e engajados, bem como a integração de recursos exclusivos e avançados que não são facilmente replicados por concorrentes. No entanto, a barreira de entrada para novos concorrentes pode ser relativamente baixa devido à natureza digital e escalável da solução, o que exige que a empresa mantenha um ritmo rápido de inovação e melhoria contínua."",
  ""analise_premissa_critica_risco"": ""A premissa crítica mais vulnerável é a capacidade de atrair e reter um grande número de usuários que geram receita através de assinaturas e transações pontuais. Se a plataforma não conseguir estabelecer uma base de usuários suficientemente grande e engajada, a sustentabilidade financeira pode ser comprometida."",
  ""probabilidade_sobrevivencia"": 45,
  ""decisao_operacional"": ""No-Go""
}",40.0,No-Go,No-Go,"A premissa crítica de sustentação mais vulnerável é a capacidade de converter usuários gratuitos em assinantes pagos. Se a plataforma não conseguir convencer os usuários a pagar por recursos avançados, a receita recorrente será insuficiente para cobrir os custos de desenvolvimento e operação, tornando o modelo de negócios economicamente inviável.","{
  ""analise_problema_mercado"": ""O problema de mercado identificado é a necessidade de uma ferramenta de design gráfico acessível e fácil de usar para usuários não especializados. A urgência da solução é aparente, pois os pacotes de software desktop complexos e onerosos são inacessíveis para muitos usuários, enquanto as ferramentas genéricas de apresentação de slides não oferecem a profundidade de recursos necessários para criação gráfica profissional. A proposta de solução é uma plataforma web que combina facilidade de uso com recursos avançados, atendendo a um mercado em expansão que busca ferramentas mais acessíveis e intuitivas."",
  ""analise_solucao_proposta"": ""A solução proposta é uma plataforma web que oferece uma interface de arrastar e soltar e modelos pré-formatados, tornando o design gráfico acessível a usuários não especializados. A adoção da solução pode ser desafiada por questões de confiança em ferramentas web para tarefas criativas complexas e pela necessidade de infraestrutura de nuvem robusta para suportar o tráfego e a segurança dos dados. A plataforma também enfrenta a necessidade de equilíbrio entre recursos gratuitos e pagos para atrair e reter usuários."",
  ""analise_modelo_receitas_custos"": ""O modelo de receita é baseado em um modelo freemium com assinaturas pagas e micropagamentos por uso de recursos avançados e imagens. Este modelo pode ser viável, mas a sustentabilidade financeira dependerá da capacidade de converter usuários gratuitos em assinantes pagos e da eficiência na gestão de custos de desenvolvimento e hospedagem em nuvem. A estrutura de custos inclui desenvolvimento contínuo, licenciamento de imagens e suporte operacional, o que pode ser desafiador para uma startup."",
  ""analise_vantagem_defensabilidade"": ""A vantagem competitiva reside na facilidade de uso e na integração de recursos avançados em uma plataforma web. No entanto, a defensabilidade é frágil frente a novos entrantes que podem oferecer soluções similares com recursos semelhantes ou superiores. A barreira de entrada é relativamente baixa, pois o desenvolvimento de uma plataforma web não requer investimentos iniciais muito altos."",
  ""analise_premissa_critica_risco"": ""A premissa crítica de sustentação mais vulnerável é a capacidade de converter usuários gratuitos em assinantes pagos. Se a plataforma não conseguir convencer os usuários a pagar por recursos avançados, a receita recorrente será insuficiente para cobrir os custos de desenvolvimento e operação, tornando o modelo de negócios economicamente inviável."",
  ""probabilidade_sobrevivencia"": 40,
  ""decisao_operacional"": ""No-Go""
}",45.0,No-Go,No-Go,A premissa crítica mais vulnerável é a capacidade de atrair e reter usuários suficientes para gerar receita suficiente para cobrir os custos de desenvolvimento e licenciamento de conteúdo. A adoção lenta ou a concorrência intensa podem comprometer essa premissa.,"{
  ""analise_problema_mercado"": ""O mercado de design gráfico e editoração enfrenta uma lacuna significativa entre ferramentas complexas e caras para profissionais e ferramentas básicas e genéricas para usuários comuns. A proposta de negócio visa preencher essa lacuna com uma plataforma de design gráfico em nuvem que é acessível e fácil de usar, mas também oferece recursos avançados para profissionais."",
  ""analise_solucao_proposta"": ""A solução proposta é viável operacionalmente, pois combina a facilidade de uso com recursos avançados, atendendo a uma ampla gama de usuários. No entanto, a adoção da solução pode ser lenta devido à necessidade de mudança de hábitos e à resistência à mudança, especialmente entre profissionais acostumados a ferramentas desktop."",
  ""analise_modelo_receitas_custos"": ""O modelo de receita freemium é uma abordagem comum e eficaz para SaaS, permitindo a atração de usuários e a geração de receita através de assinaturas pagas e micropagamentos. No entanto, a estrutura de custos envolve despesas significativas com desenvolvimento contínuo e licenciamento de conteúdo, o que pode comprometer a margem se a adoção não for rápida o suficiente para gerar receita suficiente para cobrir esses custos."",
  ""analise_vantagem_defensabilidade"": ""A plataforma pode se beneficiar de uma vantagem competitiva através de uma base de usuários crescente e uma biblioteca de conteúdo exclusiva. No entanto, a barreira de entrada para concorrentes é relativamente baixa, especialmente com a crescente disponibilidade de APIs e frameworks de desenvolvimento web."",
  ""analise_premissa_critica_risco"": ""A premissa crítica mais vulnerável é a capacidade de atrair e reter usuários suficientes para gerar receita suficiente para cobrir os custos de desenvolvimento e licenciamento de conteúdo. A adoção lenta ou a concorrência intensa podem comprometer essa premissa."",
  ""probabilidade_sobrevivencia"": 45,
  ""decisao_operacional"": ""No-Go""
}",45.0,No-Go,No-Go,A premissa crítica mais vulnerável é a capacidade de atração e retenção de usuários suficientes para sustentar o modelo de receita freemium. A necessidade de investimento inicial significativo em desenvolvimento e infraestrutura pode ser um risco se a adesão não atender às expectativas.,"{
  ""analise_problema_mercado"": ""Há uma clara dor de mercado no setor de design gráfico e editoração, onde usuários comuns e profissionais enfrentam desafios com ferramentas complexas e onerosas. A proposta de valor oferece uma solução acessível e intuitiva, especialmente para usuários não técnicos, que buscam criar e editar designs gráficos sem a necessidade de instalar software pesado."",
  ""analise_solucao_proposta"": ""A solução proposta é viável operacionalmente, com uma interface de arrastar e soltar e modelos pré-formatados que facilitam a criação e edição de designs. A adoção inicial pode ser desafiadora devido à necessidade de confiança em tecnologia web para tarefas criativas, mas a crescente popularidade de aplicativos web e a tendência de consumo de serviços baseados em nuvem sugerem que a adesão pode ser alcançada com o tempo."",
  ""analise_modelo_receitas_custos"": ""O modelo de receita freemium com assinaturas pagas e micropagamentos é uma abordagem comum e provada para empresas de SaaS, permitindo a atração de usuários e a geração de receita. No entanto, a estrutura de custos, que inclui desenvolvimento contínuo, licenciamento de imagens e hospedagem em nuvem, pode ser significativa, especialmente no início, o que pode ser um desafio financeiro."",
  ""analise_vantagem_defensabilidade"": ""A defensabilidade do modelo de negócio pode ser fortalecida através da construção de uma comunidade de usuários leais, investimento em recursos de identidade visual exclusivos e integração com outras ferramentas de produtividade. No entanto, a barreira de entrada para novos concorrentes é relativamente baixa, especialmente com o rápido desenvolvimento de tecnologias web."",
  ""analise_premissa_critica_risco"": ""A premissa crítica mais vulnerável é a capacidade de atração e retenção de usuários suficientes para sustentar o modelo de receita freemium. A necessidade de investimento inicial significativo em desenvolvimento e infraestrutura pode ser um risco se a adesão não atender às expectativas."",
  ""probabilidade_sobrevivencia"": 45,
  ""decisao_operacional"": ""No-Go""
}",45.0,No-Go,No-Go,A premissa crítica mais vulnerável é a capacidade de convencer usuários a adotar uma nova plataforma web em vez de ferramentas desktop tradicionais. Isso depende de suposições sobre o comportamento do consumidor que ainda não foram comprovadas.,"{
  ""analise_problema_mercado"": ""A análise do problema de mercado é sólida, identificando uma lacuna entre as ferramentas complexas e caras destinadas a profissionais e as ferramentas limitadas disponíveis para usuários comuns. A proposta de solução visa atender a essa necessidade, oferecendo uma plataforma de design gráfico acessível e intuitiva via web."",
  ""analise_solucao_proposta"": ""A solução proposta é viável operacionalmente, pois utiliza tecnologias web modernas e oferece um modelo de negócio flexível que combina acesso gratuito com assinaturas pagas e micropagamentos. No entanto, a adoção da solução pode enfrentar desafios, como a resistência a mudar de ferramentas desktop tradicionais e a necessidade de convencer usuários a adotar uma nova plataforma web."",
  ""analise_modelo_receitas_custos"": ""O modelo de receitas é diversificado e pode ser sustentável, combinando o modelo freemium com assinaturas pagas e micropagamentos. No entanto, a estrutura de custos pode ser significativa, especialmente com o desenvolvimento contínuo de aplicações web e o licenciamento de catálogos de imagens de terceiros. A sustentabilidade financeira dependerá da capacidade de escalar a base de usuários e gerar receita suficiente para cobrir esses custos."",
  ""analise_vantagem_defensabilidade"": ""A vantagem competitiva reside na facilidade de uso e na acessibilidade via web. No entanto, a defensabilidade é questionável, pois a barreira de entrada para concorrentes é relativamente baixa, especialmente com a crescente popularidade de plataformas web e a tendência de simplificação de ferramentas de design gráfico."",
  ""analise_premissa_critica_risco"": ""A premissa crítica mais vulnerável é a capacidade de convencer usuários a adotar uma nova plataforma web em vez de ferramentas desktop tradicionais. Isso depende de suposições sobre o comportamento do consumidor que ainda não foram comprovadas."",
  ""probabilidade_sobrevivencia"": 45,
  ""decisao_operacional"": ""No-Go""
}",45.0,No-Go,No-Go,"A premissa crítica mais vulnerável é a conformidade com as regulamentações de privacidade de dados e direitos autorais. A plataforma deve garantir que todos os dados dos usuários e conteúdo gerado sejam tratados de acordo com as leis aplicáveis, o que pode ser um desafio complexo e custoso.","{
  ""analise_problema_mercado"": ""O mercado de criação gráfica e editoração enfrenta uma lacuna significativa entre as ferramentas complexas e caras destinadas a profissionais e as ferramentas genéricas e limitadas disponíveis para usuários comuns. A proposta de negócio visa preencher essa lacuna, oferecendo uma solução intuitiva e acessível que pode ser usada diretamente no navegador web, sem necessidade de instalação ou treinamento extensivo."",
  ""analise_solucao_proposta"": ""A solução proposta é viável operacionalmente, pois utiliza tecnologias web modernas e modelos de negócios comprovados (SaaS e freemium). No entanto, a adoção da solução pode enfrentar atritos jurídicos institucionais, especialmente em relação à conformidade com as regulamentações de privacidade de dados e direitos autorais, que podem ser complexas e rigorosas, especialmente em mercados internacionais."",
  ""analise_modelo_receitas_custos"": ""O modelo de receita é sólido, combinando o acesso gratuito com assinaturas pagas e micropagamentos, o que pode atrair um público amplo e diversificado. No entanto, os custos de licenciamento de catálogos de imagens de terceiros e hospedagem em nuvem podem ser significativos, especialmente durante o crescimento inicial."",
  ""analise_vantagem_defensabilidade"": ""A plataforma pode desenvolver uma vantagem competitiva através da criação de uma comunidade de usuários leais e da integração de recursos únicos, como modelos pré-formatados e ferramentas de edição compartilhada em equipe. No entanto, a defensabilidade pode ser comprometida por novos entrantes que oferecem soluções semelhantes com licenças mais baratas ou com recursos mais avançados."",
  ""analise_premissa_critica_risco"": ""A premissa crítica mais vulnerável é a conformidade com as regulamentações de privacidade de dados e direitos autorais. A plataforma deve garantir que todos os dados dos usuários e conteúdo gerado sejam tratados de acordo com as leis aplicáveis, o que pode ser um desafio complexo e custoso."",
  ""probabilidade_sobrevivencia"": 45,
  ""decisao_operacional"": ""No-Go""
}"
S08,Spotify,Plataforma de streaming digital de áudio e música sob demanda,2006,,MediaTech SaaS,"Serviço de streaming digital de áudio sob demanda executado por meio de protocolo híbrido peer-to-peer e cliente-servidor para reprodução instantânea sem download prévio de faixas. O modelo de receita apoia-se na modalidade mista (freemium), combinando um nível gratuito suportado por veiculação de anúncios de áudio e display com um nível de assinatura mensal paga que oferece reprodução contínua sem publicidade e modo de escuta offline em dispositivos móveis. A estrutura de custos engloba o pagamento contínuo de royalties fonográficos e direitos de execução pública calculados como percentual fixo sobre a receita bruta transacionada repassada a gravadoras e distribuidoras, além de infraestrutura de servidores de alta velocidade, largura de banda e desenvolvimento de aplicações cliente.",Ativa,,,,Renegociações periódicas e disputa contratual com as principais gravadoras e detentores de direitos fonográficos globais em 2017-2018 para redução de repasses de royalties sobre a receita antes da listagem pública direta na Bolsa de Nova York (NYSE),Problema de preço ou custo,2017,"A equipe fundadora é composta por empreendedores com trajetória técnica prévia no desenvolvimento de softwares de publicidade digital e gestão de plataformas online de mídia e tecnologia. No ano da análise (2006), a indústria da música gravada enfrenta retração comercial pela circulação de arquivos de áudio comprimidos em redes descentralizadas sem remuneração de direitos autorais, coexistindo com a venda de downloads pagos por faixa individual e transmissões de rádio digital sem controle sob demanda pelo ouvinte.",https://newsroom.spotify.com/company-info/;https://northzone.com/portfolio/spotify/;https://en.wikipedia.org/wiki/Spotify;https://en.wikipedia.org/wiki/Daniel_Ek;https://en.wikipedia.org/wiki/Martin_Lorentzon,40.0,No-Go,No-Go,"A premissa crítica mais vulnerável é a capacidade de gerar receita suficiente para cobrir os custos de royalties e infraestrutura de servidores. Se a receita for insuficiente, a empresa pode enfrentar dificuldades financeiras.","{
  ""analise_problema_mercado"": ""A proposta de negócio identifica corretamente a dor do mercado relacionada à pirataria de músicas e a necessidade de um serviço de streaming que ofereça conveniência e legalidade para os usuários. A urgência da solução é evidente, considerando a retração comercial da indústria da música gravada em 2006 devido à circulação de arquivos de áudio em redes descentralizadas sem remuneração de direitos autorais."",
  ""analise_solucao_proposta"": ""A solução proposta é viável operacionalmente, pois utiliza um protocolo híbrido peer-to-peer e cliente-servidor para reprodução instantânea sem download prévio de faixas. No entanto, a adoção da solução pode enfrentar desafios devido à necessidade de infraestrutura robusta e à necessidade de convencer os usuários a aderirem a um modelo de assinatura pago em vez de continuar com a pirataria ou downloads ilegais."",
  ""analise_modelo_receitas_custos"": ""O modelo de receita misto (freemium) é coerente com a proposta de negócio, pois oferece um nível gratuito suportado por anúncios e um nível pago sem publicidade. No entanto, a estrutura de custos pode ser um desafio, pois inclui o pagamento contínuo de royalties fonográficos e direitos de execução pública, que são calculados como percentual fixo sobre a receita bruta transacionada. Isso pode reduzir significativamente a margem de lucro, especialmente se a receita for baixa no início."",
  ""analise_vantagem_defensabilidade"": ""A vantagem competitiva da solução proposta é a conveniência e legalidade do serviço de streaming. No entanto, a defensabilidade pode ser um problema, pois a indústria da música é altamente competitiva e outras empresas podem entrar no mercado com soluções semelhantes. Além disso, a tecnologia peer-to-peer pode ser replicada por outros players."",
  ""analise_premissa_critica_risco"": ""A premissa crítica mais vulnerável é a capacidade de gerar receita suficiente para cobrir os custos de royalties e infraestrutura de servidores. Se a receita for insuficiente, a empresa pode enfrentar dificuldades financeiras."",
  ""probabilidade_sobrevivencia"": 40,
  ""decisao_operacional"": ""No-Go""
}",45.0,No-Go,No-Go,"A premissa crítica mais vulnerável é a capacidade de atrair e reter uma base de usuários suficientemente grande para sustentar as receitas de anúncios e assinaturas, considerando os custos de royalties e direitos de execução pública. A escalabilidade da plataforma e a capacidade de monetizar a base de usuários gratuitos de forma eficaz são fatores cruciais para a viabilidade econômica do modelo de negócios.","{
  ""analise_problema_mercado"": ""A proposta de negócio atende a uma necessidade emergente no mercado de música digital, onde a pirataria e a falta de controle sobre o conteúdo consumido são problemas significativos. A plataforma de streaming proposta oferece uma solução que combina a conveniência do acesso instantâneo a um catálogo extenso com a remuneração justa aos detentores de direitos autorais, potencialmente revertendo a tendência de queda nas receitas da indústria da música gravada."",
  ""analise_solucao_proposta"": ""A solução proposta é tecnicamente ambiciosa, combinando um protocolo híbrido peer-to-peer e cliente-servidor para garantir a reprodução instantânea de áudio sem download prévio. No entanto, a adoção dessa tecnologia em um mercado ainda em formação pode enfrentar desafios de escalabilidade e confiabilidade, especialmente considerando a infraestrutura necessária para suportar um grande número de usuários simultâneos. Além disso, a adoção de um modelo freemium pode atrair um grande número de usuários gratuitos, mas a monetização desses usuários através de anúncios pode ser desafiadora devido à saturação do mercado de publicidade digital."",
  ""analise_modelo_receitas_custos"": ""O modelo de receitas é diversificado, combinando receitas de anúncios e assinaturas, o que pode oferecer maior estabilidade financeira. No entanto, a estrutura de custos é significativa, especialmente os royalties e direitos de execução pública, que são um percentual fixo da receita bruta transacionada. Isso pode limitar a margem de lucro, especialmente em um estágio inicial de crescimento, onde a base de usuários pagantes pode ser limitada."",
  ""analise_vantagem_defensabilidade"": ""A defensabilidade do modelo de negócios é questionável, pois a indústria da música digital é altamente competitiva e em constante evolução. A adoção de um protocolo híbrido peer-to-peer e cliente-servidor pode oferecer vantagens iniciais em termos de custos de transmissão, mas a barreira de entrada para novos concorrentes é relativamente baixa, especialmente considerando a crescente disponibilidade de tecnologias de streaming abertas e o interesse de grandes players tecnológicos no mercado de música digital."",
  ""analise_premissa_critica_risco"": ""A premissa crítica mais vulnerável é a capacidade de atrair e reter uma base de usuários suficientemente grande para sustentar as receitas de anúncios e assinaturas, considerando os custos de royalties e direitos de execução pública. A escalabilidade da plataforma e a capacidade de monetizar a base de usuários gratuitos de forma eficaz são fatores cruciais para a viabilidade econômica do modelo de negócios."",
  ""probabilidade_sobrevivencia"": 45,
  ""decisao_operacional"": ""No-Go""
}",30.0,No-Go,No-Go,"A premissa crítica de sustentação mais vulnerável é a capacidade de gerar receita suficiente para cobrir os custos de royalties fonográficos e direitos de execução pública, bem como os custos de infraestrutura de servidores de alta velocidade e largura de banda. Se a receita gerada pela plataforma não for suficiente para cobrir esses custos, a sustentabilidade do negócio será comprometida.","{
  ""analise_problema_mercado"": ""A proposta de negócio visa resolver a dor de mercado associada à pirataria de música e à falta de controle sob demanda em transmissões de rádio digital. A solução proposta é uma plataforma de streaming digital de áudio sob demanda, que oferece aos usuários a capacidade de ouvir música quando e onde quiserem, sem a necessidade de download prévio. No entanto, em 2006, a adoção de tecnologias de streaming ainda era incipiente, e a indústria da música estava em transição, com a pirataria sendo um problema significativo. A urgência da solução é evidente, mas a adoção da tecnologia de streaming poderia ser lenta devido à falta de infraestrutura e conhecimento do usuário."",
  ""analise_solucao_proposta"": ""A solução proposta é viável operacionalmente, pois utiliza um protocolo híbrido peer-to-peer e cliente-servidor para garantir a reprodução instantânea sem download prévio. No entanto, a adoção da solução pode enfrentar desafios devido à necessidade de infraestrutura de servidores de alta velocidade e largura de banda, bem como a necessidade de desenvolver aplicações cliente para diferentes plataformas. Além disso, a necessidade de veicular anúncios em um nível gratuito pode ser um atrito para os usuários."",
  ""analise_modelo_receitas_custos"": ""O modelo de receita misto (freemium) é viável, pois oferece um nível gratuito suportado por anúncios e um nível de assinatura mensal paga que oferece reprodução contínua sem publicidade e modo de escuta offline em dispositivos móveis. No entanto, a estrutura de custos é significativa, pois inclui o pagamento contínuo de royalties fonográficos e direitos de execução pública calculados como percentual fixo sobre a receita bruta transacionada. Além disso, a necessidade de investir em infraestrutura de servidores de alta velocidade e largura de banda pode ser um desafio financeiro."",
  ""analise_vantagem_defensabilidade"": ""A vantagem competitiva da solução proposta é a capacidade de oferecer reprodução instantânea sem download prévio, bem como a possibilidade de oferecer um nível gratuito suportado por anúncios e um nível de assinatura mensal paga. No entanto, a defensabilidade da solução pode ser comprometida pela necessidade de investir em infraestrutura de servidores de alta velocidade e largura de banda, bem como pela necessidade de desenvolver aplicações cliente para diferentes plataformas."",
  ""analise_premissa_critica_risco"": ""A premissa crítica de sustentação mais vulnerável é a capacidade de gerar receita suficiente para cobrir os custos de royalties fonográficos e direitos de execução pública, bem como os custos de infraestrutura de servidores de alta velocidade e largura de banda. Se a receita gerada pela plataforma não for suficiente para cobrir esses custos, a sustentabilidade do negócio será comprometida."",
  ""probabilidade_sobrevivencia"": 30,
  ""decisao_operacional"": ""No-Go""
}",30.0,No-Go,No-Go,"A premissa crítica mais vulnerável é a capacidade de atrair e reter uma base de usuários suficiente para sustentar os custos de royalties e infraestrutura. Se a plataforma não conseguir capturar uma fatia significativa do mercado, os custos fixos podem tornar o negócio economicamente inviável.","{
  ""analise_problema_mercado"": ""O mercado de música digital enfrenta desafios significativos devido à pirataria e à dificuldade de monetização de conteúdo digital. A proposta de valor da plataforma de streaming digital de áudio e música sob demanda visa resolver a dor do consumidor que busca conteúdo de alta qualidade sem a necessidade de download e sem anúncios, além de oferecer uma solução para gravadoras e distribuidoras que lutam contra a pirataria e buscam novos modelos de monetização."",
  ""analise_solucao_proposta"": ""A solução proposta é viável operacionalmente, pois utiliza um protocolo híbrido peer-to-peer e cliente-servidor para garantir a reprodução instantânea de áudio sem download prévio. No entanto, a adoção da solução pode enfrentar desafios devido à necessidade de infraestrutura robusta e à complexidade técnica envolvida na implementação do protocolo híbrido."",
  ""analise_modelo_receitas_custos"": ""O modelo de receita misto (freemium) é uma abordagem comum e viável para plataformas de streaming digital. No entanto, a estrutura de custos é significativa, com royalties fonográficos e direitos de execução pública representando uma porcentagem fixa da receita bruta transacionada. Além disso, a infraestrutura de servidores de alta velocidade, largura de banda e desenvolvimento de aplicações cliente também são custos significativos. A margem de lucro pode ser estreita, especialmente no início, quando a base de usuários é pequena e os custos fixos ainda não foram amortizados."",
  ""analise_vantagem_defensabilidade"": ""A vantagem competitiva da plataforma reside na tecnologia proprietária e na capacidade de oferecer uma experiência de streaming de alta qualidade. No entanto, a defensabilidade pode ser comprometida por novos entrantes que possam desenvolver tecnologias semelhantes ou por plataformas existentes que expandam suas ofertas para incluir funcionalidades semelhantes. Além disso, a barreira de entrada para novos concorrentes pode ser relativamente baixa, especialmente se eles puderem oferecer conteúdo semelhante a preços mais baixos ou sem anúncios."",
  ""analise_premissa_critica_risco"": ""A premissa crítica mais vulnerável é a capacidade de atrair e reter uma base de usuários suficiente para sustentar os custos de royalties e infraestrutura. Se a plataforma não conseguir capturar uma fatia significativa do mercado, os custos fixos podem tornar o negócio economicamente inviável."",
  ""probabilidade_sobrevivencia"": 30,
  ""decisao_operacional"": ""No-Go""
}",45.0,No-Go,No-Go,"A premissa crítica mais vulnerável é a capacidade de atrair e reter usuários suficientes para sustentar a estrutura de custos e gerar lucro. A adoção inicial pode ser desafiadora, especialmente se a concorrência oferecer ofertas semelhantes ou superiores. Além disso, a dependência de anúncios para gerar receita no nível gratuito pode ser um risco, pois a tolerância dos usuários para anúncios pode ser limitada.","{
  ""analise_problema_mercado"": ""A proposta de negócio resolve um problema real e urgente no mercado de música digital, onde a pirataria e a falta de controle sobre o conteúdo consumido estão causando perdas significativas para a indústria. A plataforma de streaming proposta oferece uma solução que permite aos usuários consumir música sob demanda de forma legal e conveniente, potencialmente revertendo a tendência de perda de receita."",
  ""analise_solucao_proposta"": ""A solução proposta é viável operacionalmente, pois utiliza um protocolo híbrido peer-to-peer e cliente-servidor que promete reprodução instantânea sem download prévio, o que é atraente para os usuários. No entanto, a adoção inicial pode ser desafiadora devido à necessidade de infraestrutura robusta e à necessidade de convencer os usuários a adotarem uma nova forma de consumo de música. A estratégia de modelo freemium pode ajudar a superar essas barreiras, oferecendo um nível gratuito suportado por anúncios e um nível pago que oferece mais funcionalidades."",
  ""analise_modelo_receitas_custos"": ""O modelo de receita freemium é viável, pois permite a atração de um grande número de usuários gratuitos, que podem ser convertidos em assinantes pagos. No entanto, a estrutura de custos é significativa devido aos royalties fonográficos e direitos de execução pública, que são calculados como percentual fixo sobre a receita bruta transacionada. Além disso, a infraestrutura de servidores de alta velocidade e largura de banda também é um custo significativo. A margem de lucro pode ser estreita, especialmente durante a fase inicial de adoção."",
  ""analise_vantagem_defensabilidade"": ""A plataforma de streaming proposta possui algumas barreiras de entrada, como a necessidade de licenciamento de conteúdo musical e a infraestrutura de servidores de alta velocidade. No entanto, a concorrência é significativa, com outras plataformas de streaming já estabelecidas ou em desenvolvimento. A defensabilidade da solução proposta pode ser fortalecida através da construção de uma base de usuários leais e da criação de uma experiência de usuário única."",
  ""analise_premissa_critica_risco"": ""A premissa crítica mais vulnerável é a capacidade de atrair e reter usuários suficientes para sustentar a estrutura de custos e gerar lucro. A adoção inicial pode ser desafiadora, especialmente se a concorrência oferecer ofertas semelhantes ou superiores. Além disso, a dependência de anúncios para gerar receita no nível gratuito pode ser um risco, pois a tolerância dos usuários para anúncios pode ser limitada."",
  ""probabilidade_sobrevivencia"": 45,
  ""decisao_operacional"": ""No-Go""
}",30.0,No-Go,No-Go,"A premissa crítica mais vulnerável é a adesão do público a um modelo de streaming sob demanda em detrimento de downloads de música e rádio digital sem controle sob demanda. Esta premissa é crucial para o sucesso do modelo de negócios, mas não é fundamentada em evidências concretas.","{
  ""analise_problema_mercado"": ""A análise do problema de mercado é sólida, identificando a necessidade de uma plataforma de streaming de áudio sob demanda que ofereça uma experiência de usuário superior às alternativas ilegais e legais existentes. No entanto, a premissa de que os usuários irão aderir a um modelo de streaming sob demanda em detrimento de downloads de música e rádio digital sem controle sob demanda requer evidências adicionais para ser considerada plausível."",
  ""analise_solucao_proposta"": ""A solução proposta é viável operacionalmente, com um protocolo híbrido peer-to-peer e cliente-servidor que promete reprodução instantânea sem download prévio. No entanto, a adoção de tal solução depende de um ecossistema de usuários que estejam dispostos a adotar um novo modelo de consumo de música, o que é um risco significativo."",
  ""analise_modelo_receitas_custos"": ""O modelo de receitas misto (freemium) é uma abordagem comum e viável para plataformas de streaming, embora a margem de lucro possa ser significativamente afetada pelos custos de royalties e infraestrutura. A estrutura de custos é clara e parece ser uma representação precisa dos custos associados a uma plataforma de streaming de áudio."",
  ""analise_vantagem_defensabilidade"": ""A vantagem competitiva da plataforma é a experiência de usuário superior e a capacidade de reprodução instantânea sem download prévio. No entanto, a defensabilidade dessa vantagem é questionável, pois outras empresas podem desenvolver tecnologias semelhantes ou superiores. Além disso, a barreira de entrada para novos concorrentes é relativamente baixa devido à natureza digital do produto."",
  ""analise_premissa_critica_risco"": ""A premissa crítica mais vulnerável é a adesão do público a um modelo de streaming sob demanda em detrimento de downloads de música e rádio digital sem controle sob demanda. Esta premissa é crucial para o sucesso do modelo de negócios, mas não é fundamentada em evidências concretas."",
  ""probabilidade_sobrevivencia"": 30,
  ""decisao_operacional"": ""No-Go""
}",40.0,No-Go,No-Go,A premissa crítica mais vulnerável é a capacidade de lidar com os atritos legais e regulatórios associados à tecnologia peer-to-peer e ao modelo de monetização baseado em anúncios e assinaturas. A plataforma pode enfrentar desafios significativos se as regulamentações de direitos autorais mudarem ou se a indústria da música reagir de forma adversa.,"{
  ""analise_problema_mercado"": ""O problema de mercado é a pirataria de música digital e a necessidade de um modelo de negócio que remunere os artistas e gravadoras enquanto oferece conveniência ao consumidor. A urgência da solução é alta, pois a indústria da música está enfrentando uma grave crise de receita devido à disseminação de arquivos de áudio não autorizados."",
  ""analise_solucao_proposta"": ""A solução proposta é uma plataforma de streaming de música que oferece um modelo freemium, com anúncios em nível gratuito e assinatura paga para acesso sem anúncios e offline. A adoção da solução pode enfrentar atritos legais, pois a tecnologia peer-to-peer pode ser vista como uma brecha para a distribuição não autorizada de conteúdo. Além disso, a plataforma deve lidar com questões de privacidade e conformidade com regulamentações de direitos autorais."",
  ""analise_modelo_receitas_custos"": ""O modelo de receita é viável, combinando anúncios e assinaturas. No entanto, os custos de royalties e infraestrutura podem ser significativos, especialmente no início, quando a base de usuários é pequena. A margem de lucro dependerá da capacidade de escalar a base de usuários e reduzir os custos de infraestrutura."",
  ""analise_vantagem_defensabilidade"": ""A vantagem competitiva reside na combinação de tecnologia peer-to-peer e cliente-servidor, que oferece reprodução instantânea e sem download. No entanto, a defensabilidade pode ser comprometida por mudanças nas regulamentações de direitos autorais ou por entrantes que ofereçam soluções similares com menos atritos legais."",
  ""analise_premissa_critica_risco"": ""A premissa crítica mais vulnerável é a capacidade de lidar com os atritos legais e regulatórios associados à tecnologia peer-to-peer e ao modelo de monetização baseado em anúncios e assinaturas. A plataforma pode enfrentar desafios significativos se as regulamentações de direitos autorais mudarem ou se a indústria da música reagir de forma adversa."",
  ""probabilidade_sobrevivencia"": 40,
  ""decisao_operacional"": ""No-Go""
}"
S09,Shopify,Plataforma de software como serviço para infraestrutura de comércio eletrônico independente,2006,,SaaS / Commerce Infrastructure,"Plataforma de software como serviço (SaaS) em nuvem para criação, hospedagem e gerenciamento operacional de lojas virtuais independentes na internet. O modelo de receita baseia-se na cobrança de assinaturas mensais recorrentes escalonadas por planos de funcionalidade e na retenção de uma comissão percentual sobre o volume bruto de transações processadas quando os comerciantes utilizam gateways de pagamentos integrados e soluções complementares da plataforma. A estrutura de custos compreende a manutenção e escalabilidade de servidores e hospedagem web, desenvolvimento contínuo da biblioteca de temas e APIs, segurança de transações e suporte ao cliente lojista.",Ativa,,,,"Desaceleração acentuada do crescimento do comércio eletrônico global em 2022 após a reabertura do varejo físico pós-pandemia de Covid-19, resultando no desligamento de cerca de 10% da força de trabalho corporativa e na reestruturação dos investimentos operacionais e logísticos",Sem necessidade de mercado,2022,"A equipe fundadora é liderada por um desenvolvedor de software com experiência direta na criação e manutenção de ferramentas de programação web de código aberto, associado a sócios com atuação em design gráfico e comércio varejista. No ano da análise (2006), a estruturação de lojas virtuais independentes demanda a contratação de consultorias técnicas para configuração manual de servidores e plataformas corporativas de alto custo, restringindo a presença digital de pequenos comerciantes a sites de leilões e diretórios de classificados na internet.",https://www.shopify.com/about;https://www.bvp.com/portfolio/shopify;https://firstmark.com/portfolio/shopify/;https://en.wikipedia.org/wiki/Shopify;https://en.wikipedia.org/wiki/Tobias_L%C3%BCtke,45.0,No-Go,No-Go,"A premissa crítica mais vulnerável é a capacidade de manter uma margem de lucro sustentável em face dos custos de desenvolvimento e infraestrutura. Se a plataforma não puder escalar efetivamente ou se os custos de desenvolvimento aumentarem, a sustentabilidade financeira pode ser comprometida.","{
  ""analise_problema_mercado"": ""O problema identificado é relevante, pois a criação e manutenção de lojas virtuais independentes é um desafio significativo para pequenos comerciantes devido ao alto custo e complexidade técnica envolvidos. A solução proposta, uma plataforma SaaS, oferece uma alternativa acessível e escalável para esses comerciantes."",
  ""analise_solucao_proposta"": ""A solução é viável operacionalmente, pois a plataforma SaaS pode ser mantida e escalada em nuvem, reduzindo a necessidade de infraestrutura local. No entanto, a adoção da solução pode enfrentar barreiras de aprendizado e mudança de hábitos, especialmente para comerciantes menos tecnológicos."",
  ""analise_modelo_receitas_custos"": ""O modelo de receitas é sustentável, com assinaturas mensais recorrentes e comissões sobre transações. No entanto, a estrutura de custos pode ser significativa, especialmente para o desenvolvimento contínuo e a segurança de transações. A margem de lucro pode ser afetada por custos de infraestrutura e desenvolvimento."",
  ""analise_vantagem_defensabilidade"": ""A plataforma pode desenvolver uma vantagem competitiva através de uma biblioteca de temas e APIs robustas, bem como soluções de pagamento integradas. No entanto, a defensabilidade pode ser desafiada por novos entrantes que oferecem soluções mais baratas ou com funcionalidades mais avançadas."",
  ""analise_premissa_critica_risco"": ""A premissa crítica mais vulnerável é a capacidade de manter uma margem de lucro sustentável em face dos custos de desenvolvimento e infraestrutura. Se a plataforma não puder escalar efetivamente ou se os custos de desenvolvimento aumentarem, a sustentabilidade financeira pode ser comprometida."",
  ""probabilidade_sobrevivencia"": 45,
  ""decisao_operacional"": ""No-Go""
}",45.0,No-Go,No-Go,"A premissa crítica mais vulnerável é a capacidade de atração e retenção de usuários suficientes para tornar a plataforma economicamente viável. A competição no mercado de SaaS para e-commerce era intensa, e a capacidade de oferecer uma solução superior e mais acessível era crucial para o sucesso.","{
  ""analise_problema_mercado"": ""A proposta de negócio identifica uma dor significativa no mercado de 2006, onde a criação e manutenção de lojas virtuais independentes era um processo complexo e caro, limitando a presença digital de pequenos comerciantes. A solução proposta visa democratizar o acesso a ferramentas de e-commerce, oferecendo uma plataforma SaaS escalável e acessível."",
  ""analise_solucao_proposta"": ""A solução proposta é viável operacionalmente, pois oferece uma plataforma SaaS que automatiza a criação e gerenciamento de lojas virtuais, reduzindo custos e complexidade para os usuários. No entanto, a adoção da solução pode enfrentar desafios devido à necessidade de educação do mercado sobre o valor do SaaS e a necessidade de integração com sistemas existentes."",
  ""analise_modelo_receitas_custos"": ""O modelo de receita baseado em assinaturas mensais e comissões sobre transações parece sustentável, especialmente à medida que a plataforma ganha escala. No entanto, a estrutura de custos, incluindo a manutenção de servidores e desenvolvimento contínuo, pode ser significativa no início, especialmente para garantir a escalabilidade e a segurança da plataforma."",
  ""analise_vantagem_defensabilidade"": ""A plataforma pode desenvolver uma vantagem competitiva através da integração de gateways de pagamento e soluções complementares, bem como através da criação de uma comunidade de usuários que contribuem para o desenvolvimento contínuo da plataforma. No entanto, a defensabilidade pode ser desafiada por novos entrantes que ofereçam soluções mais baratas ou com funcionalidades mais avançadas."",
  ""analise_premissa_critica_risco"": ""A premissa crítica mais vulnerável é a capacidade de atração e retenção de usuários suficientes para tornar a plataforma economicamente viável. A competição no mercado de SaaS para e-commerce era intensa, e a capacidade de oferecer uma solução superior e mais acessível era crucial para o sucesso."",
  ""probabilidade_sobrevivencia"": 45,
  ""decisao_operacional"": ""No-Go""
}",45.0,No-Go,No-Go,"A premissa crítica mais vulnerável é a capacidade de atrair e reter um número suficiente de comerciantes para tornar a plataforma economicamente viável. Se a plataforma não conseguir atrair um número suficiente de comerciantes, especialmente no início, a receita gerada pelas assinaturas mensais e comissões sobre transações pode não ser suficiente para cobrir os custos operacionais e gerar lucro.","{
  ""analise_problema_mercado"": ""O problema de mercado identificado é a barreira de entrada elevada para pequenos comerciantes que desejam estabelecer uma presença digital através de lojas virtuais independentes. A necessidade de contratar consultorias técnicas para configurar servidores e plataformas corporativas de alto custo limita significativamente a presença digital desses comerciantes, restringindo-os a sites de leilões e diretórios de classificados. A solução proposta, uma plataforma SaaS, tem o potencial de resolver essa dor ao oferecer uma solução acessível e fácil de usar para a criação e manutenção de lojas virtuais."",
  ""analise_solucao_proposta"": ""A solução proposta é uma plataforma SaaS que oferece uma alternativa mais acessível e fácil de usar para a criação e manutenção de lojas virtuais independentes. A plataforma inclui funcionalidades como criação, hospedagem e gerenciamento operacional de lojas virtuais, além de gateways de pagamento integrados e soluções complementares. A adoção dessa solução pode enfrentar desafios devido à necessidade de educação e treinamento dos usuários sobre como utilizar a plataforma efetivamente, bem como a resistência à mudança de comerciantes que já estão acostumados com métodos tradicionais."",
  ""analise_modelo_receitas_custos"": ""O modelo de receita da plataforma baseia-se em assinaturas mensais recorrentes escalonadas por planos de funcionalidade e na retenção de uma comissão percentual sobre o volume bruto de transações processadas. A estrutura de custos inclui a manutenção e escalabilidade de servidores e hospedagem web, desenvolvimento contínuo da biblioteca de temas e APIs, segurança de transações e suporte ao cliente lojista. A viabilidade financeira depende da capacidade de escalonar os custos de acordo com o crescimento da base de usuários e da eficiência na gestão de recursos."",
  ""analise_vantagem_defensabilidade"": ""A plataforma possui vantagens competitivas potenciais, como a facilidade de uso e a integração de gateways de pagamento. No entanto, a defensabilidade do negócio pode ser desafiada por novos entrantes que ofereçam soluções similares com funcionalidades semelhantes ou superiores, especialmente se esses concorrentes tiverem maior capacidade de investimento em marketing e desenvolvimento de produto."",
  ""analise_premissa_critica_risco"": ""A premissa crítica mais vulnerável é a capacidade de atrair e reter um número suficiente de comerciantes para tornar a plataforma economicamente viável. Se a plataforma não conseguir atrair um número suficiente de comerciantes, especialmente no início, a receita gerada pelas assinaturas mensais e comissões sobre transações pode não ser suficiente para cobrir os custos operacionais e gerar lucro."",
  ""probabilidade_sobrevivencia"": 45,
  ""decisao_operacional"": ""No-Go""
}",45.0,No-Go,No-Go,A premissa crítica mais vulnerável é a capacidade da plataforma de atrair e reter um número suficiente de comerciantes para tornar o modelo de negócios economicamente viável. A concorrência e a resistência à mudança podem ser desafios significativos nesse aspecto.,"{
  ""analise_problema_mercado"": ""A análise do problema de mercado revela uma necessidade clara de uma solução que permita a criação e manutenção de lojas virtuais independentes de forma mais acessível e escalável. A presença digital de pequenos comerciantes é limitada devido ao alto custo e complexidade associados à configuração manual de servidores e plataformas corporativas. A solução proposta, uma plataforma SaaS, tem o potencial de democratizar a presença digital para pequenos comerciantes, oferecendo uma alternativa mais acessível e fácil de usar."",
  ""analise_solucao_proposta"": ""A solução proposta é viável operacionalmente, pois oferece uma plataforma SaaS que simplifica a criação e manutenção de lojas virtuais independentes. No entanto, a adoção da solução pode enfrentar barreiras de adoção, como a necessidade de treinamento para os comerciantes e a resistência à mudança de sistemas existentes. A equipe fundadora, com experiência em desenvolvimento de software e design gráfico, está bem posicionada para superar esses desafios."",
  ""analise_modelo_receitas_custos"": ""O modelo de receita baseado em assinaturas mensais e comissões sobre transações parece sustentável, especialmente se a plataforma for capaz de atrair e reter um grande número de comerciantes. No entanto, a estrutura de custos, que inclui manutenção de servidores, desenvolvimento contínuo e suporte ao cliente, pode ser desafiadora em termos de escalabilidade. A plataforma precisará gerenciar custos crescentes à medida que a base de usuários aumenta, o que pode comprometer a margem de lucro se não for gerenciado adequadamente."",
  ""analise_vantagem_defensabilidade"": ""A plataforma pode desenvolver uma vantagem competitiva através de uma biblioteca robusta de temas e APIs, bem como uma forte reputação de segurança e confiabilidade. No entanto, a barreira de entrada para concorrentes pode ser relativamente baixa, especialmente se eles puderem oferecer soluções mais personalizadas ou mais baratas. A defensabilidade da plataforma dependerá em grande medida de sua capacidade de construir uma base de usuários leais e de sua reputação no mercado."",
  ""analise_premissa_critica_risco"": ""A premissa crítica mais vulnerável é a capacidade da plataforma de atrair e reter um número suficiente de comerciantes para tornar o modelo de negócios economicamente viável. A concorrência e a resistência à mudança podem ser desafios significativos nesse aspecto."",
  ""probabilidade_sobrevivencia"": 45,
  ""decisao_operacional"": ""No-Go""
}",45.0,No-Go,No-Go,A premissa crítica mais vulnerável é a capacidade de convencer os comerciantes a adotarem a plataforma em vez de soluções existentes ou alternativas. A adoção inicial pode ser lenta devido à necessidade de educação do mercado e à resistência à mudança.,"{
  ""analise_problema_mercado"": ""A proposta de negócio resolve um problema real e urgente para os pequenos comerciantes que desejam ter presença digital, mas enfrentam barreiras técnicas e financeiras para configurar e manter lojas virtuais independentes. A solução oferece uma alternativa mais acessível e escalável, permitindo que os comerciantes se concentrem em suas operações comerciais sem precisar de conhecimento técnico avançado."",
  ""analise_solucao_proposta"": ""A solução proposta é viável operacionalmente, pois oferece uma plataforma SaaS que elimina a necessidade de contratação de consultorias técnicas e hospedagem de servidores. No entanto, a adoção inicial pode enfrentar desafios devido à necessidade de educação do mercado sobre as vantagens da plataforma e a necessidade de convencer os comerciantes a migrarem de soluções existentes ou de sites de leilões e classificados."",
  ""analise_modelo_receitas_custos"": ""O modelo de receita baseado em assinaturas mensais e comissões sobre transações parece viável, com potencial de crescimento escalável à medida que mais comerciantes adotam a plataforma. Os custos de manutenção e escalabilidade de servidores e hospedagem web, desenvolvimento de software e suporte ao cliente devem ser gerenciados eficientemente para garantir margens adequadas."",
  ""analise_vantagem_defensabilidade"": ""A plataforma pode desenvolver uma vantagem competitiva através da criação de uma comunidade de comerciantes leais e da integração de gateways de pagamento e soluções complementares. A defensabilidade pode ser reforçada através da criação de uma barreira de troca significativa para os comerciantes que já estão estabelecidos na plataforma."",
  ""analise_premissa_critica_risco"": ""A premissa crítica mais vulnerável é a capacidade de convencer os comerciantes a adotarem a plataforma em vez de soluções existentes ou alternativas. A adoção inicial pode ser lenta devido à necessidade de educação do mercado e à resistência à mudança."",
  ""probabilidade_sobrevivencia"": 45,
  ""decisao_operacional"": ""No-Go""
}",45.0,No-Go,No-Go,"A premissa crítica mais vulnerável é a capacidade da plataforma de atrair e reter comerciantes em um mercado altamente competitivo e em rápida evolução. A adoção da solução depende fortemente da capacidade da plataforma de oferecer um valor claro e diferenciado, além de uma experiência de usuário intuitiva e eficiente.","{
  ""analise_problema_mercado"": ""A análise do problema de mercado é sólida, identificando corretamente a necessidade de uma solução que reduza a barreira de entrada para pequenos comerciantes que desejam estabelecer presença digital. A urgência da solução é evidente, dado o contexto de 2006, onde a criação de lojas virtuais independentes era um processo complexo e caro, limitando a presença digital de pequenos comerciantes."",
  ""analise_solucao_proposta"": ""A solução proposta é viável operacionalmente, oferecendo uma plataforma SaaS que simplifica a criação e gerenciamento de lojas virtuais. No entanto, a adoção da solução pode enfrentar desafios, como a necessidade de treinamento e adaptação dos comerciantes às novas tecnologias e práticas de gestão online. Além disso, a integração de gateways de pagamento e soluções complementares pode ser um atrito adicional para a adoção."",
  ""analise_modelo_receitas_custos"": ""O modelo de receita baseado em assinaturas mensais e comissões sobre transações parece viável, mas a estrutura de custos, especialmente a manutenção e escalabilidade de servidores, pode ser um desafio significativo, especialmente no início do negócio. A necessidade de investimento constante em desenvolvimento de software e segurança também deve ser considerada."",
  ""analise_vantagem_defensabilidade"": ""A vantagem competitiva reside na simplicidade e facilidade de uso da plataforma, bem como na integração de soluções de pagamento. No entanto, a defensabilidade é questionável, pois outros players podem entrar no mercado com soluções semelhantes, especialmente considerando a crescente adoção de tecnologias SaaS. A barreira de entrada para novos concorrentes é relativamente baixa, especialmente com o avanço da tecnologia e a redução dos custos de hospedagem."",
  ""analise_premissa_critica_risco"": ""A premissa crítica mais vulnerável é a capacidade da plataforma de atrair e reter comerciantes em um mercado altamente competitivo e em rápida evolução. A adoção da solução depende fortemente da capacidade da plataforma de oferecer um valor claro e diferenciado, além de uma experiência de usuário intuitiva e eficiente."",
  ""probabilidade_sobrevivencia"": 45,
  ""decisao_operacional"": ""No-Go""
}",45.0,No-Go,No-Go,"A premissa crítica mais vulnerável é a conformidade com regulamentações de privacidade e segurança. A plataforma precisa garantir a segurança de dados e transações para cumprir com as regulamentações de privacidade e proteção de dados, como o GDPR (que ainda não existia em 2006, mas que seria um grande desafio quando implementado).","{
  ""analise_problema_mercado"": ""A dor de mercado é clara: a falta de uma solução acessível e escalável para a criação e manutenção de lojas virtuais independentes limita a presença digital de pequenos comerciantes. A urgência da solução é alta, pois a demanda por e-commerce cresce rapidamente, mas a barreira de entrada é alta devido à necessidade de conhecimento técnico e investimento inicial significativo."",
  ""analise_solucao_proposta"": ""A solução proposta é viável operacionalmente, pois oferece uma plataforma SaaS que elimina a necessidade de contratar consultorias técnicas e hospedagem de servidores. No entanto, a adoção da solução pode enfrentar atritos legais e regulatórios, especialmente em relação à segurança de transações e conformidade com regulamentações de privacidade, como o GDPR (que ainda não existia em 2006, mas que seria um grande desafio quando implementado)."",
  ""analise_modelo_receitas_custos"": ""O modelo de receita baseado em assinaturas mensais e comissões sobre transações é sólido, mas a estrutura de custos pode ser desafiadora, especialmente no que diz respeito à segurança e escalabilidade de servidores. A plataforma precisa garantir a segurança de dados e transações para cumprir com as regulamentações de privacidade e proteção de dados."",
  ""analise_vantagem_defensabilidade"": ""A defensabilidade da solução é forte, pois a plataforma oferece uma solução completa e escalável para lojas virtuais independentes. A integração com gateways de pagamento e soluções complementares cria uma barreira de entrada para concorrentes que não oferecem uma solução tão abrangente. No entanto, a conformidade com regulamentações de privacidade e segurança pode ser um desafio para a defensabilidade da solução."",
  ""analise_premissa_critica_risco"": ""A premissa crítica mais vulnerável é a conformidade com regulamentações de privacidade e segurança. A plataforma precisa garantir a segurança de dados e transações para cumprir com as regulamentações de privacidade e proteção de dados, como o GDPR (que ainda não existia em 2006, mas que seria um grande desafio quando implementado)."",
  ""probabilidade_sobrevivencia"": 45,
  ""decisao_operacional"": ""No-Go""
}"
S10,WhatsApp,Aplicativo multiplataforma de mensagens instantâneas e comunicação móvel via internet,2009,,Consumer Internet,"Aplicativo de software para envio e recebimento de mensagens de texto, imagens e notas de áudio via protocolo IP em conexões de dados móveis ou Wi-Fi entre smartphones de múltiplos sistemas operacionais, utilizando a lista telefônica e o número do celular como identificador único de usuário sem necessidade de cadastramento de nomes de usuário ou senhas. O modelo de receita apoia-se em cobrança de taxa de download ou assinatura anual de US$ 0,99 (com primeiro ano gratuito para novos usuários em determinadas regiões), sem exibição de publicidade visual no aplicativo. A estrutura de custos concentra despesas em infraestrutura de servidores em nuvem com arquitetura de alta concorrência baseada em Erlang/FreeBSD, custos com envio de mensagens SMS para verificação e autenticação internacional de números de telefone e equipe reduzida de engenharia de software.",Ativa,,,,"Aquisição pelo Facebook em fevereiro de 2014 por US$ 19 bilhões em dinheiro e ações, seguida por escrutínio de órgãos reguladores antitruste e de proteção de dados na União Europeia e nos Estados Unidos nos anos subsequentes à integração societária",Concorrência predatória,2014,"A equipe fundadora é formada por engenheiros de software seniores com vasta experiência no projeto de arquiteturas de backend, confiabilidade de servidores e sistemas de mensageria em larga escala. No ano da análise (2009), as comunicações móveis baseiam-se em mensagens de texto tarifadas individualmente por operadoras de telefonia ou em protocolos de comunicação restritos a aparelhos de uma única marca de fabricante, em um contexto de adoção inicial de lojas de aplicativos e planos de dados móveis para aparelhos celulares inteligentes.",https://www.sequoiacap.com/companies/whatsapp/;https://blog.whatsapp.com/;https://www.bbc.com/news/business-26266689;https://en.wikipedia.org/wiki/WhatsApp;https://en.wikipedia.org/wiki/Jan_Koum,45.0,No-Go,No-Go,"A premissa crítica mais vulnerável é a aceitação do modelo de negócio baseado em taxas de download ou assinaturas anuais. Se os usuários não aceitarem pagar por uma aplicação de mensagens instantâneas, a sustentabilidade financeira do negócio será comprometida.","{
  ""analise_problema_mercado"": ""O problema de mercado identificado é a necessidade de uma comunicação móvel mais eficiente e econômica, especialmente em comparação com as mensagens de texto tarifadas individualmente e os protocolos de comunicação restritos a uma única marca de fabricante. A urgência da solução é evidente, uma vez que a adoção de smartphones e planos de dados móveis está em ascensão, mas ainda enfrenta desafios de adoção e custos."",
  ""analise_solucao_proposta"": ""A solução proposta é viável operacionalmente, pois utiliza a infraestrutura de servidores em nuvem e a arquitetura de alta concorrência baseada em Erlang/FreeBSD, que são conhecidas por sua escalabilidade e confiabilidade. No entanto, a adoção da solução pode enfrentar atritos, pois requer que os usuários aceitem uma nova forma de identificação baseada em números de telefone e adotem um novo aplicativo."",
  ""analise_modelo_receitas_custos"": ""O modelo de receita é baseado em uma taxa de download ou assinatura anual de US$ 0,99, com o primeiro ano gratuito para novos usuários em determinadas regiões. Este modelo é viável financeiramente, pois os custos de infraestrutura são gerenciados através de servidores em nuvem e a equipe de engenharia é reduzida. No entanto, a margem de lucro pode ser limitada devido à necessidade de investimento inicial em infraestrutura e a concorrência com ofertas gratuitas de mensagens instantâneas."",
  ""analise_vantagem_defensabilidade"": ""A vantagem competitiva reside na simplicidade de uso e na identificação baseada em números de telefone, que elimina a necessidade de cadastro de nomes de usuário ou senhas. No entanto, a defensabilidade é questionável, pois a barreira de entrada para novos concorrentes é relativamente baixa, especialmente se eles oferecerem serviços gratuitos ou com taxas mais baixas."",
  ""analise_premissa_critica_risco"": ""A premissa crítica mais vulnerável é a aceitação do modelo de negócio baseado em taxas de download ou assinaturas anuais. Se os usuários não aceitarem pagar por uma aplicação de mensagens instantâneas, a sustentabilidade financeira do negócio será comprometida."",
  ""probabilidade_sobrevivencia"": 45,
  ""decisao_operacional"": ""No-Go""
}",45.0,No-Go,No-Go,"A premissa crítica mais vulnerável é a capacidade de escalar a infraestrutura de servidores para suportar um grande número de usuários sem comprometer a qualidade do serviço. A infraestrutura de servidores em nuvem com arquitetura de alta concorrência baseada em Erlang/FreeBSD é um ponto forte, mas a capacidade de escalar rapidamente e eficientemente pode ser um desafio.","{
  ""analise_problema_mercado"": ""O problema de mercado identificado é a necessidade de comunicação móvel eficiente e barata, especialmente em um contexto onde as mensagens de texto são caras e os protocolos de comunicação são restritos a uma única marca de fabricante. A urgência da solução é alta, pois a adoção de smartphones e a necessidade de comunicação instantânea entre diferentes sistemas operacionais está crescendo rapidamente."",
  ""analise_solucao_proposta"": ""A solução proposta é um aplicativo multiplataforma que utiliza a lista telefônica e o número de telefone como identificador único, eliminando a necessidade de cadastro de nomes de usuário ou senhas. Isso simplifica a adoção do aplicativo e facilita a comunicação entre diferentes sistemas operacionais. No entanto, a adoção pode ser desafiada pela necessidade de uma infraestrutura robusta para suportar a alta concorrência e a verificação internacional de números de telefone."",
  ""analise_modelo_receitas_custos"": ""O modelo de receita baseia-se em uma taxa de download ou assinatura anual de US$ 0,99 (com primeiro ano gratuito para novos usuários em determinadas regiões), sem exibição de publicidade visual. A estrutura de custos concentra-se em infraestrutura de servidores em nuvem, custos com envio de mensagens SMS para verificação e autenticação internacional de números de telefone e equipe reduzida de engenharia de software. A viabilidade financeira depende da capacidade de escalar a infraestrutura de servidores sem comprometer a qualidade do serviço e da adesão de usuários suficiente para cobrir os custos."",
  ""analise_vantagem_defensabilidade"": ""A vantagem competitiva reside na simplicidade de uso e na capacidade de comunicação entre diferentes sistemas operacionais. A defensabilidade pode ser desafiada por novos entrantes que ofereçam funcionalidades semelhantes com modelos de receita alternativos, como publicidade ou assinaturas mais baratas. A barreira de entrada é relativamente baixa, pois a tecnologia é amplamente disponível e a infraestrutura pode ser replicada."",
  ""analise_premissa_critica_risco"": ""A premissa crítica mais vulnerável é a capacidade de escalar a infraestrutura de servidores para suportar um grande número de usuários sem comprometer a qualidade do serviço. A infraestrutura de servidores em nuvem com arquitetura de alta concorrência baseada em Erlang/FreeBSD é um ponto forte, mas a capacidade de escalar rapidamente e eficientemente pode ser um desafio."",
  ""probabilidade_sobrevivencia"": 45,
  ""decisao_operacional"": ""No-Go""
}",30.0,No-Go,No-Go,"A premissa crítica de sustentação mais vulnerável é a adoção do aplicativo em um mercado onde a adoção de smartphones e planos de dados móveis ainda está em seus estágios iniciais. Se a adoção de smartphones e planos de dados móveis não atingir um nível crítico, a solução proposta pode não ser suficientemente atraente para os usuários, resultando em baixas taxas de adoção e receita insuficiente para sustentar o negócio.","{
  ""analise_problema_mercado"": ""O problema de mercado identificado é a tarifação individual de mensagens de texto e a falta de interoperabilidade entre diferentes marcas de telefones celulares. A solução proposta é um aplicativo de mensagens instantâneas que utiliza a infraestrutura de dados móveis e Wi-Fi, eliminando a necessidade de mensagens SMS tarifadas e permitindo comunicação entre diferentes sistemas operacionais. No entanto, em 2009, a adoção de smartphones e planos de dados móveis ainda estava em seus estágios iniciais, o que pode dificultar a adoção do produto."",
  ""analise_solucao_proposta"": ""A solução proposta é viável operacionalmente, com uma equipe de engenheiros de software experientes e uma arquitetura de servidor escalável. No entanto, a adoção do aplicativo pode ser desafiadora devido à necessidade de download e pagamento de uma assinatura anual, o que pode ser um atrito significativo para os usuários em um mercado onde a adoção de smartphones e planos de dados móveis ainda está em seus estágios iniciais."",
  ""analise_modelo_receitas_custos"": ""O modelo de receita baseado em uma assinatura anual de US$ 0,99 (com o primeiro ano gratuito para novos usuários em determinadas regiões) é modesto, mas pode ser viável em um mercado de adoção inicial de smartphones. Os custos de infraestrutura de servidores em nuvem e de envio de mensagens SMS para verificação e autenticação internacional são gerenciáveis, mas a margem de lucro pode ser estreita."",
  ""analise_vantagem_defensabilidade"": ""A vantagem competitiva do aplicativo é a interoperabilidade entre diferentes sistemas operacionais e a ausência de necessidade de cadastro de nomes de usuário ou senhas. No entanto, a barreira de entrada é baixa, pois outros desenvolvedores podem facilmente criar aplicativos semelhantes. A defensabilidade do negócio é limitada, pois a proposta de valor é baseada em um recurso que pode ser rapidamente replicado por concorrentes."",
  ""analise_premissa_critica_risco"": ""A premissa crítica de sustentação mais vulnerável é a adoção do aplicativo em um mercado onde a adoção de smartphones e planos de dados móveis ainda está em seus estágios iniciais. Se a adoção de smartphones e planos de dados móveis não atingir um nível crítico, a solução proposta pode não ser suficientemente atraente para os usuários, resultando em baixas taxas de adoção e receita insuficiente para sustentar o negócio."",
  ""probabilidade_sobrevivencia"": 30,
  ""decisao_operacional"": ""No-Go""
}",45.0,No-Go,No-Go,"A premissa crítica mais vulnerável é a capacidade de gerar receita suficiente para sustentar a infraestrutura necessária e a equipe de engenharia de software. A taxa de download ou assinatura anual de US$ 0,99 pode ser baixa demais para sustentar a infraestrutura necessária, especialmente em um contexto de escala global. Além disso, os custos com envio de mensagens SMS podem aumentar significativamente com o crescimento do número de usuários.","{
  ""analise_problema_mercado"": ""O problema de mercado identificado é a necessidade de uma comunicação móvel mais eficiente e acessível, especialmente em um contexto onde as mensagens de texto são caras e os protocolos de comunicação são limitados a uma única marca de fabricante. A urgência da solução é evidente, pois a adoção de smartphones e a necessidade de comunicação instantânea em múltiplos sistemas operacionais está crescendo rapidamente."",
  ""analise_solucao_proposta"": ""A solução proposta é um aplicativo de mensagens instantâneas que utiliza a lista telefônica e o número de telefone como identificador único, eliminando a necessidade de cadastro e senha. A solução é viável operacionalmente, pois utiliza uma infraestrutura de servidores em nuvem e uma arquitetura de alta concorrência. No entanto, a adoção da solução pode enfrentar desafios devido à necessidade de verificação e autenticação internacional de números de telefone, o que pode ser um atrito para usuários internacionais."",
  ""analise_modelo_receitas_custos"": ""O modelo de receita baseia-se em uma taxa de download ou assinatura anual de US$ 0,99, com o primeiro ano gratuito para novos usuários em determinadas regiões. A estrutura de custos concentra-se em infraestrutura de servidores em nuvem, custos com envio de mensagens SMS para verificação e autenticação internacional e equipe reduzida de engenharia de software. A margem é razoável, mas a taxa de download ou assinatura anual de US$ 0,99 pode ser baixa demais para sustentar a infraestrutura necessária, especialmente em um contexto de escala global. Além disso, os custos com envio de mensagens SMS podem aumentar significativamente com o crescimento do número de usuários."",
  ""analise_vantagem_defensabilidade"": ""A vantagem competitiva reside na simplicidade e na facilidade de uso do aplicativo, que não requer cadastro nem senha. No entanto, a defensabilidade é limitada, pois outros aplicativos de mensagens instantâneas podem facilmente copiar essa funcionalidade. Além disso, a barreira de entrada para novos concorrentes é relativamente baixa, pois a infraestrutura necessária é baseada em servidores em nuvem, que são acessíveis a muitos players."",
  ""analise_premissa_critica_risco"": ""A premissa crítica mais vulnerável é a capacidade de gerar receita suficiente para sustentar a infraestrutura necessária e a equipe de engenharia de software. A taxa de download ou assinatura anual de US$ 0,99 pode ser baixa demais para sustentar a infraestrutura necessária, especialmente em um contexto de escala global. Além disso, os custos com envio de mensagens SMS podem aumentar significativamente com o crescimento do número de usuários."",
  ""probabilidade_sobrevivencia"": 45,
  ""decisao_operacional"": ""No-Go""
}",45.0,No-Go,No-Go,"A premissa crítica de sustentação mais vulnerável é a capacidade de atrair e reter um número suficiente de usuários para cobrir os custos operacionais e gerar lucro. A adoção inicial pode ser desafiadora devido à necessidade de download do aplicativo e à cobrança de uma taxa de download ou assinatura anual, mesmo que o primeiro ano seja gratuito para novos usuários em determinadas regiões.","{
  ""analise_problema_mercado"": ""O problema de mercado identificado é a necessidade de uma comunicação móvel mais econômica e eficiente, especialmente em um contexto onde as mensagens de texto SMS são caras e os protocolos de comunicação são limitados a uma única marca de fabricante. A urgência da solução é alta, pois a adoção de smartphones e a necessidade de comunicação em tempo real estão crescendo rapidamente, mas as soluções existentes são limitadas e caras."",
  ""analise_solucao_proposta"": ""A solução proposta é viável operacionalmente, pois utiliza a infraestrutura de servidores em nuvem e a arquitetura de alta concorrência baseada em Erlang/FreeBSD, que é adequada para lidar com grandes volumes de tráfego de dados. A adoção da solução pode ser facilitada pela simplicidade do processo de registro (número de telefone como identificador único) e a ausência de publicidade visual, o que pode ser atraente para os usuários. No entanto, a adoção inicial pode ser desafiadora devido à necessidade de download do aplicativo e à cobrança de uma taxa de download ou assinatura anual, mesmo que o primeiro ano seja gratuito para novos usuários em determinadas regiões."",
  ""analise_modelo_receitas_custos"": ""O modelo de receita baseado em uma taxa de download ou assinatura anual de US$ 0,99 (com primeiro ano gratuito para novos usuários em determinadas regiões) é viável, especialmente considerando que a estrutura de custos concentra-se em infraestrutura de servidores em nuvem e custos com envio de mensagens SMS para verificação e autenticação internacional de números de telefone. No entanto, a viabilidade financeira dependerá da capacidade de atrair e reter um número suficiente de usuários para cobrir os custos operacionais e gerar lucro."",
  ""analise_vantagem_defensabilidade"": ""A vantagem competitiva pode ser a simplicidade do processo de registro e a ausência de publicidade visual, o que pode ser atraente para os usuários. A defensabilidade pode ser fortalecida por meio da infraestrutura de servidores em nuvem e da arquitetura de alta concorrência baseada em Erlang/FreeBSD, que é adequada para lidar com grandes volumes de tráfego de dados. No entanto, a entrada de novos concorrentes pode ser relativamente fácil devido à natureza do setor de tecnologia e à rápida evolução das tendências de mercado."",
  ""analise_premissa_critica_risco"": ""A premissa crítica de sustentação mais vulnerável é a capacidade de atrair e reter um número suficiente de usuários para cobrir os custos operacionais e gerar lucro. A adoção inicial pode ser desafiadora devido à necessidade de download do aplicativo e à cobrança de uma taxa de download ou assinatura anual, mesmo que o primeiro ano seja gratuito para novos usuários em determinadas regiões."",
  ""probabilidade_sobrevivencia"": 45,
  ""decisao_operacional"": ""No-Go""
}",45.0,No-Go,No-Go,"A premissa crítica mais vulnerável é a capacidade de escalar a infraestrutura de servidores e minimizar os custos com mensagens SMS. A adoção em massa pode sobrecarregar a infraestrutura e aumentar os custos com mensagens SMS, comprometendo a viabilidade financeira.","{
  ""analise_problema_mercado"": ""O problema de mercado identificado é a alta tarifação de mensagens de texto e a falta de interoperabilidade entre diferentes marcas de smartphones. A urgência da solução é justificada pela crescente adoção de smartphones e a necessidade de comunicação eficiente e econômica entre usuários de diferentes sistemas operacionais."",
  ""analise_solucao_proposta"": ""A solução proposta é um aplicativo de mensagens instantâneas que utiliza a lista telefônica e o número de telefone como identificador único, eliminando a necessidade de cadastro e senha. A adoção da solução pode enfrentar barreiras de adoção inicial devido à necessidade de verificação de número de telefone via SMS, o que pode ser um obstáculo para usuários em regiões com custos de mensagens SMS elevados."",
  ""analise_modelo_receitas_custos"": ""O modelo de receita baseia-se em uma taxa de download ou assinatura anual de US$ 0,99, com o primeiro ano gratuito para novos usuários em determinadas regiões. A estrutura de custos concentra-se em infraestrutura de servidores em nuvem, custos com envio de mensagens SMS para verificação e autenticação internacional e equipe de engenharia de software. A viabilidade financeira depende da capacidade de escalar a infraestrutura de servidores e minimizar os custos com mensagens SMS."",
  ""analise_vantagem_defensabilidade"": ""A vantagem competitiva reside na simplicidade de uso e interoperabilidade entre diferentes sistemas operacionais. A defensabilidade do modelo de negócio pode ser questionada, pois a tecnologia utilizada é de código aberto e outros players podem replicar a solução com facilidade. A barreira de entrada é baixa, pois não há necessidade de patentes ou licenças específicas."",
  ""analise_premissa_critica_risco"": ""A premissa crítica mais vulnerável é a capacidade de escalar a infraestrutura de servidores e minimizar os custos com mensagens SMS. A adoção em massa pode sobrecarregar a infraestrutura e aumentar os custos com mensagens SMS, comprometendo a viabilidade financeira."",
  ""probabilidade_sobrevivencia"": 45,
  ""decisao_operacional"": ""No-Go""
}",45.0,No-Go,No-Go,"A premissa crítica mais vulnerável é a conformidade com as leis de privacidade e segurança de dados em diferentes jurisdições, especialmente à medida que a adoção do aplicativo se expande internacionalmente. A solução deve ser capaz de atender a diferentes padrões de privacidade e segurança, o que pode ser um desafio significativo.","{
  ""analise_problema_mercado"": ""A proposta de negócio visa resolver a dor do mercado de comunicação móvel baseada em SMS, que são caras e limitadas a uma rede específica. A solução proposta oferece uma alternativa mais econômica e universal, baseada em conexão de dados, que é uma necessidade urgente no contexto de 2009, quando o uso de dados móveis estava em expansão."",
  ""analise_solucao_proposta"": ""A solução proposta é tecnicamente robusta, com uma equipe experiente e uma arquitetura de servidor escalável. No entanto, a adoção da solução pode enfrentar atritos legais e regulatórios, especialmente em relação à privacidade e segurança dos dados, já que a identificação do usuário é baseada em número de telefone sem a necessidade de cadastro de usuário ou senha. Além disso, a solução depende de uma infraestrutura de servidores em nuvem que deve atender a rigorosos padrões de conformidade e segurança."",
  ""analise_modelo_receitas_custos"": ""O modelo de receita baseado em taxa de download ou assinatura anual é viável, especialmente considerando que o primeiro ano é gratuito para novos usuários em determinadas regiões. A estrutura de custos é concentrada em infraestrutura de servidores em nuvem e custos com envio de mensagens SMS para verificação e autenticação internacional, o que é um modelo sustentável se a adoção do aplicativo for bem-sucedida."",
  ""analise_vantagem_defensabilidade"": ""A vantagem competitiva reside na simplicidade do cadastro e na universalidade da solução, que não depende de um sistema operacional específico. No entanto, a defensabilidade pode ser comprometida por novos entrantes que ofereçam soluções similares com funcionalidades adicionais ou que atendam a requisitos legais e regulatórios mais rigorosos."",
  ""analise_premissa_critica_risco"": ""A premissa crítica mais vulnerável é a conformidade com as leis de privacidade e segurança de dados em diferentes jurisdições, especialmente à medida que a adoção do aplicativo se expande internacionalmente. A solução deve ser capaz de atender a diferentes padrões de privacidade e segurança, o que pode ser um desafio significativo."",
  ""probabilidade_sobrevivencia"": 45,
  ""decisao_operacional"": ""No-Go""
}"
