ID_Startup,Nome_Real,Nome_Anonimizado,Ano_Fundacao,Ano_Encerramento,Setor_Industria,Modelo_Negocios,Status_Real,Motivo_Real_Gabarito,Rotulo_Categorico,Rotulos_Secundarios,Evento_Critico,Categoria_Evento_Critico,Ano_Evento_Critico,Contexto_Mercado_Equipe,URL_Fonte,Con_Categoria_Risco,Con_Probabilidade,Con_Veredito,Resposta_Controle,Gen_Categoria_Risco,Gen_Probabilidade,Gen_Veredito,Resposta_Generica,Diabo_Categoria_Risco,Diabo_Probabilidade,Diabo_Veredito,Resposta_Advogado_Diabo,Anali_Categoria_Risco,Anali_Probabilidade,Anali_Veredito,Resposta_Analitica
F01,Quibi,Plataforma móvel de micro-entretenimento premium,2018,2020.0,MediaTech B2C,"Plataforma de streaming focada exclusivamente em dispositivos móveis, oferecendo episódios curtos com alta qualidade de produção. Modelo de receita baseado em assinatura mensal (com ou sem anúncios). A operação exige fortíssimo investimento inicial em produção original exclusiva, curadoria de grandes talentos e distribuição restrita ao aplicativo móvel.",Falha,"A empresa encerrou as operações poucos meses após o lançamento após levantar cerca de US$ 1,75 bilhão, sem conseguir atingir adoção relevante. O contexto da pandemia reduziu o uso em mobilidade e expôs limitações do produto frente a alternativas gratuitas.",Sem necessidade de mercado,Problema de produto;Concorrência predatória,Anúncio oficial de encerramento das operações após baixa tração e revisão estratégica,Sem necessidade de mercado,2020,"A startup possui capitalização massiva, tendo levantado mais de um bilhão de dólares em financiamento inicial. O mercado atual é dominado por plataformas de vídeo curto gratuitas e serviços sociais de entretenimento já altamente consolidados. A equipe fundadora e a liderança são compostas por veteranos C-level oriundos de estúdios de mídia tradicional, produção de cinema e grandes corporações de tecnologia de consumo.",https://news.crunchbase.com/startups/quibi-shutting-down/;https://www.npr.org/2020/10/21/926396526/quibi-short-form-streaming-service-shutting-down;https://craft.co/quibi/competitors;https://www.businessinsider.es/tecnologia/quibi-explica-ha-fallado-tengan-cerrar-6-meses-741261;https://www.youtube.com/watch?v=xQQaztSG39Y,Concorrência predatória,60.0,Necessita Pivotagem,"{
  ""analise_problema_mercado"": ""O problema de mercado é relevante, pois a demanda por conteúdo premium e exclusivo está aumentando, mas o mercado atual é dominado por plataformas gratuitas e serviços sociais consolidados. O segmento de clientes que busca experiência premium e curta em dispositivos móveis tem demanda clara."",
  ""analise_solucao_proposta"": ""A proposta de valor única da plataforma é a oferta de episódios curtos com alta qualidade de produção, exclusiva para dispositivos móveis. A estrutura de receita baseada em assinatura mensal (com ou sem anúncios) é adequada para um modelo de negócios que exige investimento inicial alto."",
  ""analise_receitas_custos"": ""A estrutura de custos da plataforma inclui o investimento inicial alto em produção original exclusiva, curadoria de grandes talentos e distribuição restrita ao aplicativo móvel. A receita é baseada em assinatura mensal (com ou sem anúncios), o que pode ser um modelo de negócios desafiador."",
  ""vantagem_injusta"": ""A vantagem competitiva da plataforma é a oferta de conteúdo premium e exclusivo para dispositivos móveis, o que pode atrair clientes dispostos a pagar por experiência de entretenimento de alta qualidade."",
  ""risco_critico"": ""O maior risco estrutural do negócio é a concorrência predatória, pois o mercado atual é dominado por plataformas gratuitas e serviços sociais consolidados. A plataforma precisa diferenciar-se e oferecer valor único para atrair clientes."",
  ""analise_equipe"": ""A equipe fundadora e a liderança são compostas por veteranos C-level oriundos de estúdios de mídia tradicional, produção de cinema e grandes corporações de tecnologia de consumo. Isso é um ponto forte para o negócio, pois eles têm experiência em gestão de projetos complexos e marketing."",
  ""categoria_risco_principal"": ""Concorrência predatória"",
  ""probabilidade_sucesso_0_a_100"": 60,
  ""veredito_final"": ""Necessita Pivotagem""
}",Concorrência predatória,40.0,Rejeitada,"{
  ""analise_problema_mercado"": ""O problema do mercado é real, pois o crescimento da demanda por conteúdo premium em dispositivos móveis está em constante aumento. No entanto, a concorrência é alta e os consumidores estão habituados a conteúdos de baixa qualidade e gratuitos. O segmento de clientes mais propenso a pagar por conteúdo premium é bem definido, mas a concorrência predatória pode ser um desafio."",
  ""analise_solucao_proposta"": ""A solução e a proposta de valor única da startup são a produção original exclusiva de alta qualidade e a curadoria de grandes talentos. A plataforma móvel é projetada para oferecer uma experiência de entretenimento premium para os usuários, mas o modelo de receita baseado em assinatura mensal pode ser desafiador."",
  ""analise_receitas_custos"": ""O modelo econômico da startup é complexo e depende do investimento inicial em produção original exclusiva. A estrutura de custos é alta, e a concorrência predatória pode afetar as receitas. O fluxo de receita esperado é baixo, e o modelo de negócios precisa ser ajustado para garantir a sustentabilidade."",
  ""vantagem_injusta"": ""A vantagem injusta da startup é a combinação de produção original exclusiva e curadoria de grandes talentos. A plataforma móvel é projetada para oferecer uma experiência de entretenimento premium única, mas a concorrência predatória pode invalidar essa vantagem."",
  ""risco_critico"": ""O maior risco estrutural da startup é a concorrência predatória e a falta de habilidade em gerenciar o fluxo de receita e custos. A plataforma móvel precisa ser ajustada para atender às necessidades dos usuários e garantir a sustentabilidade do modelo de negócios."",
  ""analise_equipe"": ""A equipe fundadora e a liderança são compostas por veteranos C-level com experiência em estúdios de mídia tradicional, produção de cinema e grandes corporações de tecnologia de consumo. No entanto, a falta de habilidade em gerenciar o fluxo de receita e custos pode ser um desafio."",
  ""categoria_risco_principal"": ""Concorrência predatória"",
  ""probabilidade_sucesso_0_a_100"": 40,
  ""veredito_final"": ""Rejeitada""
}",Concorrência predatória,20.0,Rejeitada,"{
  ""analise_problema_mercado"": ""O mercado é dominado por plataformas de vídeo curto gratuitas e serviços sociais de entretenimento já altamente consolidados. A concorrência predatória é uma ameaça real para a startup. Além disso, o problema não é grave o suficiente para os clientes pagarem por uma solução premium quando há opções gratuitas disponíveis."",
  ""analise_solucao_proposta"": ""A plataforma de streaming premium pode ser vista como um nicho dentro do mercado de entretenimento móvel. No entanto, a falta de uma estratégia clara para diferenciar-se da concorrência e a necessidade de investimentos altos em produção original podem tornar difícil a adesão dos clientes."",
  ""analise_receitas_custos"": ""A receita baseada em assinatura mensal pode não ser suficiente para compensar os custos altos de produção original. Além disso, a distribuição restrita ao aplicativo móvel pode limitar a capacidade da plataforma de atrair novos clientes."",
  ""vantagem_injusta"": ""A suposta vantagem competitiva é a curadoria de grandes talentos e a alta qualidade de produção. No entanto, essa vantagem não é defensável a longo prazo, pois a concorrência pode replicar essas características com investimentos similares."",
  ""risco_critico"": ""O risco crítico é a falta de uma estratégia clara para diferenciar-se da concorrência e a dependência excessiva em investimentos altos em produção original. Isso pode levar à falência financeira da startup."",
  ""analise_equipe"": ""A equipe fundadora e a liderança são compostas por veteranos C-level oriundos de estúdios de mídia tradicional, produção de cinema e grandes corporações de tecnologia de consumo. No entanto, essa experiência não é necessariamente adequada para o desafio técnico e competitivo do mercado de entretenimento móvel."",
  ""categoria_risco_principal"": ""Concorrência predatória"",
  ""probabilidade_sucesso_0_a_100"": 20,
  ""veredito_final"": ""Rejeitada""
}",Concorrência predatória,40.0,Rejeitada,"{
  ""analise_problema_mercado"": ""O mercado atual é dominado por plataformas de vídeo curto gratuitas e serviços sociais de entretenimento já altamente consolidados. Isso significa que a concorrência é intensa e a fricção mecânica/custo para aquisição desses clientes é alta."",
  ""analise_solucao_proposta"": ""A plataforma móvel de micro-entretenimento premium requer um investimento inicial significativo em produção original exclusiva, curadoria de grandes talentos e distribuição restrita ao aplicativo móvel. Isso aumenta a complexidade logística e técnica da solução."",
  ""analise_receitas_custos"": ""O modelo de receita baseado em assinatura mensal (com ou sem anúncios) é teoricamente lógico, mas não há dados suficientes para avaliar a estrutura de custos e fluxos de receita. Portanto, não posso estimar CAC, LTV ou margens."",
  ""vantagem_injusta"": ""A startup tem capitalização massiva, tendo levantado mais de um bilhão de dólares em financiamento inicial. Isso atua como barreira de entrada para concorrentes."",
  ""risco_critico"": ""O maior risco estrutural é a falta de evidência sobre a capacidade da equipe fundadora e liderança em gerenciar o investimento inicial e a concorrência intensa no mercado."",
  ""analise_equipe"": ""A equipe fundadora e a liderança são compostas por veteranos C-level oriundos de estúdios de mídia tradicional, produção de cinema e grandes corporações de tecnologia de consumo. Isso é um ponto positivo, mas não há dados suficientes para avaliar sua capacidade em gerenciar o investimento inicial."",
  ""categoria_risco_principal"": ""Concorrência predatória"",
  ""probabilidade_sucesso_0_a_100"": 40,
  ""veredito_final"": ""Rejeitada""
}"
F02,Theranos,Plataforma inovadora de análises clínicas descentralizadas,2003,2018.0,HealthTech Diagnostics,"Plataforma de diagnósticos que promete realizar múltiplos exames rápidos e de baixo custo a partir de coletas biológicas de volume mínimo. O modelo de negócios é baseado em testes pagos (out-of-pocket e convênios) e parcerias de distribuição direta ao consumidor (D2C) em redes de farmácias, sustentado pelo licenciamento e uso de hardware proprietário em miniatura.",Falha,"A empresa foi exposta por não possuir a tecnologia que alegava ter, fraudando resultados e enganando investidores e pacientes, o que levou a investigações federais e ao colapso total do negócio.",Problema regulatório ou legal,Produto ruim;Modelo de negócios falho,Abertura de processo e acusação formal de fraude pela SEC contra a empresa e sua liderança,Problema regulatório ou legal,2018,"A startup levantou centenas de milhões de dólares em fundos privados, atingindo um valuation multibilionário. A equipe fundadora é liderada por uma jovem empreendedora que abandonou a graduação em exatas precocemente, tendo apenas uma breve experiência como assistente de laboratório. As operações são chefiadas por um executivo cujo histórico é em vendas de software B2B e na bolha da internet, sem qualquer experiência no setor de saúde ou assuntos regulatórios. O mercado alvo é um oligopólio dominado por dois gigantes nacionais de infraestrutura laboratorial e patologia clínica.",https://www.sec.gov/newsroom/press-releases/2018-41;https://www.wsj.com/articles/theranos-holmes-trial-blood-testing-11641597600;https://www.nytimes.com/topic/company/theranos-inc;https://hbr.org/2016/12/theranos-and-the-role-of-board-of-directors-in-preventing-fraud;https://en.wikipedia.org/wiki/Theranos;https://en.wikipedia.org/wiki/Elizabeth_Holmes,Equipe inadequada,40.0,Rejeitada,"{
  ""analise_problema_mercado"": ""O problema descrito é relevante, pois a demanda por diagnósticos rápidos e de baixo custo está aumentando em virtude da crescente necessidade de saúde global. O segmento de clientes (pacientes) tem demanda clara por soluções inovadoras e eficientes."",
  ""analise_solucao_proposta"": ""A proposta de valor única é a capacidade de realizar múltiplos exames rápidos e de baixo custo, o que pode ser uma vantagem competitiva. No entanto, a falta de experiência da equipe fundadora no setor de saúde e assuntos regulatórios pode ser um ponto fraco."",
  ""analise_receitas_custos"": ""As receitas provêm principalmente dos testes pagos (out-of-pocket e convênios) e parcerias de distribuição direta ao consumidor (D2C) em redes de farmácias. Os custos incluem a manutenção da plataforma, desenvolvimento de hardware proprietário e marketing."",
  ""vantagem_injusta"": ""A vantagem competitiva é a capacidade de realizar múltiplos exames rápidos e de baixo custo com o hardware proprietário em miniatura."",
  ""risco_critico"": ""O maior risco estrutural é a falta de experiência da equipe fundadora no setor de saúde e assuntos regulatórios, que pode levar a problemas de compliance e licenciamento."",
  ""analise_equipe"": ""A equipe fundadora não tem experiência significativa no setor de saúde ou assuntos regulatórios, o que é um ponto fraco. A jovem empreendedora abandonou a graduação em exatas precocemente e apenas teve uma breve experiência como assistente de laboratório."",
  ""categoria_risco_principal"": ""Equipe inadequada"",
  ""probabilidade_sucesso_0_a_100"": 40,
  ""veredito_final"": ""Rejeitada""
}",Equipe inadequada,40.0,Rejeitada,"{
  ""analise_problema_mercado"": ""O problema do mercado é real, pois a demanda por diagnósticos rápidos e de baixo custo está aumentando em virtude da crescente conscientização sobre a importância da saúde individual. No entanto, o segmento de clientes não está bem definido, pois a concorrência é intensa e os pacientes podem ser indecisos entre as opções de diagnóstico."",
  ""analise_solucao_proposta"": ""A solução proposta é inovadora e promete resolver o problema do cliente de forma eficaz. A plataforma descentralizada e miniaturizada pode reduzir custos e aumentar a velocidade dos diagnósticos, tornando-a mais competitiva em relação às opções tradicionais."",
  ""analise_receitas_custos"": ""O modelo econômico é questionável, pois o fluxo de receita depende da capacidade da startup em estabelecer parcerias com redes de farmácias e convênios, além de gerar receita com testes pagos. A estrutura de custos é alta devido à necessidade de investir em hardware proprietário e na expansão da equipe."",
  ""vantagem_injusta"": ""A vantagem injusta da startup é a tecnologia proprietária miniaturizada, que pode ser difícil para os concorrentes replicar. Além disso, a experiência da fundadora em laboratório e a habilidade do executivo em vendas podem ser ativos competitivos."",
  ""risco_critico"": ""O maior risco estrutural é a falta de experiência e conhecimento técnico na área de saúde e assuntos regulatórios entre os fundadores. Isso pode levar a erros críticos na implementação da plataforma e na gestão dos testes."",
  ""analise_equipe"": ""A equipe fundadora tem uma estrutura questionável, pois a jovem empreendedora não tem experiência profissional significativa no setor de saúde e o executivo não tem experiência em assuntos regulatórios ou laboratoriais."",
  ""categoria_risco_principal"": ""Equipe inadequada"",
  ""probabilidade_sucesso_0_a_100"": 40,
  ""veredito_final"": ""Rejeitada""
}",Equipe inadequada,20.0,Rejeitada,"{
  ""analise_problema_mercado"": ""O problema apresentado não é grave o suficiente para os clientes pagarem por uma solução, pois a concorrência dominante oferece serviços de diagnóstico de alta qualidade e precisão em um mercado consolidado. Além disso, a falta de experiência da equipe fundadora no setor de saúde e assuntos regulatórios pode comprometer a credibilidade da startup."",
  ""analise_solucao_proposta"": ""A solução proposta é falha porque não há evidências convincentes sobre a eficácia e precisão dos exames rápidos e de baixo custo. Além disso, o modelo de negócios baseado em testes pagos pode ser insuficiente para atrair um grande número de clientes."",
  ""analise_receitas_custos"": ""A subestimação de custos é evidente, pois a startup não apresentou informações claras sobre os custos de desenvolvimento e manutenção do hardware proprietário. Além disso, o modelo de negócios pode ser vulnerável à concorrência predatória."",
  ""vantagem_injusta"": ""A suposta vantagem competitiva da plataforma descentralizada não é defensável, pois a concorrência dominante já oferece serviços de diagnóstico de alta qualidade e precisão. Além disso, a falta de experiência da equipe fundadora no setor de saúde pode comprometer a credibilidade da startup."",
  ""risco_critico"": ""O risco crítico é a falta de experiência da equipe fundadora no setor de saúde e assuntos regulatórios, o que pode comprometer a credibilidade da startup e levar à rejeição dos clientes e parceiros."",
  ""analise_equipe"": ""A equipe fundadora não tem experiência adequada para lidar com os desafios técnicos e competitivos do setor de saúde. A jovem empreendedora abandonou a graduação em exatas precocemente, e o executivo que chefiava as operações não tem experiência no setor de saúde ou assuntos regulatórios."",
  ""categoria_risco_principal"": ""Equipe inadequada"",
  ""probabilidade_sucesso_0_a_100"": 20,
  ""veredito_final"": ""Rejeitada""
}",Problema de preço ou custo,30.0,Rejeitada,"{
  ""analise_problema_mercado"": ""O tamanho do mercado é significativo, com centenas de milhões de dólares em fundos privados e uma valuation multibilionária. No entanto, a concorrência é feroz, com dois gigantes nacionais dominando o oligopólio. A fricção mecânica/custo para aquisição desses clientes é alta, considerando a necessidade de investimentos em infraestrutura e marketing."",
  ""analise_solucao_proposta"": ""A complexidade logística e técnica da plataforma é elevada, requerendo investimentos significativos em hardware proprietário e infraestrutura. A escalabilidade do modelo de negócios é questionável, considerando a necessidade de parcerias com redes de farmácias e distribuição direta ao consumidor."",
  ""analise_receitas_custos"": ""A lógica estrutural da monetização é baseada em testes pagos (out-of-pocket e convênios) e licenciamento de hardware proprietário. No entanto, a relação entre estrutura de custos e fluxos de receita não está claramente estabelecida."",
  ""vantagem_injusta"": ""A plataforma inovadora de análises clínicas descentralizadas pode ser uma barreira de entrada para concorrentes, desde que seja eficaz e escalável."",
  ""risco_critico"": ""O maior risco estrutural é a falta de experiência da equipe fundadora no setor de saúde e assuntos regulatórios. A gestão operacional também pode ser questionável, considerando o histórico do executivo em vendas de software B2B."",
  ""analise_equipe"": ""A equipe fundadora não tem experiência significativa no setor de saúde ou assuntos regulatórios, o que é um risco crítico. O executivo responsável pelas operações também não tem experiência relevante."",
  ""categoria_risco_principal"": ""Problema de preço ou custo"",
  ""probabilidade_sucesso_0_a_100"": 30,
  ""veredito_final"": ""Rejeitada""
}"
F03,Juicero,Sistema de hardware conectado para preparo de bebidas premium,2013,2017.0,Consumer Hardware,"Dispositivo de hardware IoT (Internet das Coisas) voltado ao consumidor final. O modelo financeiro exige a compra de um equipamento de altíssimo custo inicial (ticket premium) atrelada à assinatura recorrente de refis orgânicos proprietários fechados a vácuo. O aparelho possui integração digital que lê cada pacote para autorizar o funcionamento mecânico, criando um ecossistema fechado.",Falha,"A empresa perdeu credibilidade após ser demonstrado que o produto era desnecessário, já que os pacotes podiam ser utilizados manualmente. O alto custo e baixa utilidade inviabilizaram a adoção.",Sem necessidade de mercado,Problema de preço ou custo;Produto ruim,Publicação da Bloomberg demonstrando que o produto podia ser substituído manualmente sem perda de funcionalidade,Sem necessidade de mercado,2017,"A startup captou mais de cem milhões de dólares junto a grandes fundos de Venture Capital. O mercado alvo compete com eletrodomésticos mecânicos tradicionais já estabelecidos e com métodos manuais de custo zero. Os fundadores possuem forte histórico em marketing de consumo, branding e mídia digital, mas carecem de especialização prévia profunda em engenharia de hardware complexo e logística de suprimentos perecíveis.",https://en.wikipedia.org/wiki/Juicero;https://www.bbc.com/news/technology-41148663;https://www.bloomberg.com/news/articles/2017-04-19/silicon-valley-s-juicero-machine-can-be-replaced-by-hand;https://www.theverge.com/2017/4/21/15379522/juicero-shutdown,Concorrência predatória,60.0,Necessita Pivotagem,"{
  ""analise_problema_mercado"": ""O problema de mercado é relevante, pois o consumidor final procura por soluções inovadoras e premium para preparar bebidas. O segmento de clientes apresenta demanda clara por produtos que combinaem tecnologia e conveniência."",
  ""analise_solucao_proposta"": ""A proposta de valor única é a integração digital que lê cada pacote para autorizar o funcionamento mecânico, criando um ecossistema fechado. No entanto, a complexidade do hardware pode ser um desafio para os consumidores."",
  ""analise_receitas_custos"": ""A estrutura de custos é alta devido ao equipamento de alto custo inicial e às assinaturas recorrentes. A receita provém da venda do dispositivo e das assinaturas. O modelo financeiro depende da compra do produto, o que pode ser um desafio."",
  ""vantagem_injusta"": ""A vantagem competitiva é a integração digital e o ecossistema fechado, que cria uma experiência única para os consumidores."",
  ""risco_critico"": ""O maior risco estrutural é a concorrência predatória dos eletrodomésticos mecânicos tradicionais e métodos manuais de custo zero."",
  ""analise_equipe"": ""A equipe tem experiência em marketing de consumo, branding e mídia digital, mas carece de especialização prévia profunda em engenharia de hardware complexo e logística de suprimentos perecíveis. Isso pode ser um desafio para o sucesso do negócio."",
  ""categoria_risco_principal"": ""Concorrência predatória"",
  ""probabilidade_sucesso_0_a_100"": 60,
  ""veredito_final"": ""Necessita Pivotagem""
}",Concorrência predatória,60.0,Necessita Pivotagem,"{
  ""analise_problema_mercado"": ""O problema do mercado é real, pois a demanda por produtos premium e inovadores está aumentando. O segmento de clientes está bem definido para sustentar demanda, como os consumidores que buscam experiências únicas e estão dispostos a pagar mais por isso."",
  ""analise_solucao_proposta"": ""A solução e a proposta de valor única resolvem o problema do cliente de forma eficaz e executável. O dispositivo IoT é inovador e oferece uma experiência premium para os consumidores, justificando o custo inicial alto."",
  ""analise_receitas_custos"": ""O modelo econômico faz sentido, pois a receita esperada é alta e a estrutura de custos é controlável. A concorrência predatória é um risco, mas a startup tem uma vantagem injusta com o ecossistema fechado."",
  ""vantagem_injusta"": ""A vantagem injusta é a integração digital que lê cada pacote para autorizar o funcionamento mecânico, criando um ecossistema fechado e difícil de ser replicado."",
  ""risco_critico"": ""O maior risco estrutural é a concorrência predatória dos eletrodomésticos mecânicos tradicionais e métodos manuais de custo zero."",
  ""analise_equipe"": ""A equipe tem experiência em marketing de consumo, branding e mídia digital, mas carece de especialização prévia profunda em engenharia de hardware complexo e logística de suprimentos perecíveis. Isso é um risco estrutural."",
  ""categoria_risco_principal"": ""Concorrência predatória"",
  ""probabilidade_sucesso_0_a_100"": 60,
  ""veredito_final"": ""Necessita Pivotagem""
}",Concorrência predatória,20.0,Rejeitada,"{
  ""analise_problema_mercado"": ""O problema não é grave o suficiente para os clientes pagarem por uma solução, pois existem opções mais baratas e tradicionais disponíveis no mercado. Além disso, a concorrência predatória dos eletrodomésticos mecânicos tradicionais e métodos manuais de custo zero pode levar à perda de mercado."",
  ""analise_solucao_proposta"": ""A solução proposta é falha porque o ticket premium alto pode ser um obstáculo para a adesão, especialmente considerando que os clientes podem optar por métodos mais baratos e tradicionais. Além disso, a integração digital pode ser vista como uma limitação em vez de uma vantagem, pois requer a compra do aparelho e a assinatura recorrente."",
  ""analise_receitas_custos"": ""A subestimação de custos é evidente, pois o modelo financeiro exige a compra de um equipamento de altíssimo custo inicial. Além disso, a necessidade de refis orgânicos proprietários fechados a vácuo pode ser uma barreira de monetização."",
  ""vantagem_injusta"": ""A suposta vantagem competitiva é a integração digital, mas isso não é defensável e será facilmente superada a longo prazo. A concorrência predatória dos eletrodomésticos mecânicos tradicionais e métodos manuais de custo zero pode levar à perda de mercado."",
  ""risco_critico"": ""A vulnerabilidade mais letal é a falta de especialização prévia profunda em engenharia de hardware complexo e logística de suprimentos perecíveis. Isso pode levar à falha na entrega do produto e ao colapso da startup."",
  ""analise_equipe"": ""O nível de experiência e o histórico dos fundadores são inadequados para o desafio técnico e competitivo descrito, pois carecem de especialização prévia profunda em engenharia de hardware complexo e logística de suprimentos perecíveis."",
  ""categoria_risco_principal"": ""Concorrência predatória"",
  ""probabilidade_sucesso_0_a_100"": 20,
  ""veredito_final"": ""Rejeitada""
}",Concorrência predatória,30.0,Rejeitada,"{
  ""analise_problema_mercado"": ""O mercado alvo é competitivo, com eletrodomésticos mecânicos tradicionais estabelecidos e métodos manuais de custo zero. O tamanho do mercado é desconhecido, mas a concorrência predatória é alta. A fricção mecânica/custo para aquisição desses clientes é significativa, considerando o ticket premium inicial."",
  ""analise_solucao_proposta"": ""A solução proposta é complexa em termos de logística e infraestrutura, requerendo especialização prévia profunda em engenharia de hardware complexo. A integração digital é um ponto positivo, mas a dependência da assinatura recorrente pode ser um fator crítico."",
  ""analise_receitas_custos"": ""A lógica estrutural da monetização é fraca, pois o modelo financeiro se baseia em uma compra única de alto custo inicial e uma assinatura recorrente. A relação entre estrutura de custos e fluxos de receita não está clara."",
  ""vantagem_injusta"": ""A vantagem injusta do negócio é a integração digital que lê cada pacote para autorizar o funcionamento mecânico, criando um ecossistema fechado. Isso pode ser uma barreira de entrada significativa para concorrentes."",
  ""risco_critico"": ""O risco crítico do negócio é a dependência da assinatura recorrente e a falta de especialização prévia profunda em engenharia de hardware complexo. A startup também enfrenta o risco de não ser capaz de gerenciar a logística de suprimentos perecíveis."",
  ""analise_equipe"": ""A equipe tem forte histórico em marketing de consumo, branding e mídia digital, mas carece de especialização prévia profunda em engenharia de hardware complexo. Isso pode ser um fator crítico para o sucesso do negócio."",
  ""categoria_risco_principal"": ""Concorrência predatória"",
  ""probabilidade_sucesso_0_a_100"": 30,
  ""veredito_final"": ""Rejeitada""
}"
F04,23andMe,Plataforma D2C de análise de biomarcadores e histórico de saúde,2006,2024.0,Biotech / Consumer Health,"Serviço de biotecnologia direto ao consumidor (D2C) baseado no envio de kits de autocoleta biológica via correio. O usuário recebe relatórios detalhados sobre suas predisposições de saúde e sua linhagem/origens. O modelo financeiro inicia-se em uma venda transacional do produto físico (o kit), com uma premissa de receita futura baseada em serviços digitais de assinatura de saúde e na monetização do banco de dados populacional em parcerias B2B de pesquisa farmacêutica.",Falha,A empresa perdeu tração após anos de dificuldades para transformar a base de usuários em um modelo financeiro sustentável. A monetização via serviços de saúde e dados genéticos não compensou os altos custos operacionais e a pressão regulatória crescente. A deterioração da confiança e a fragilidade do negócio culminaram em colapso operacional e pedidos de proteção contra credores.,Problema regulatório ou legal,Modelo de negócios falho;Problema de preço ou custo,Crise operacional e financeira culminando em colapso e necessidade de reestruturação,Problema regulatório ou legal,2024,"A empresa levantou quase meio bilhão de dólares em sucessivas rodadas de capital. O mercado atua em uma área fronteiriça da ciência, lidando com dados extremamente sensíveis e competindo com poucos, mas fortes, serviços semelhantes. A liderança é composta por uma executiva fundadora com formação em ciências da vida e sólida vivência como analista financeira no setor de saúde, apoiada por um cofundador com forte histórico na construção de produtos de tecnologia digital em escala.",https://www.reuters.com/world/us/23andme-files-bankruptcy-2024-03-24/;https://mediacenter.23andme.com/press-releases/23andme-raises-250-million-growth-financing-led-sequoia-capital/;https://med.stanford.edu/biodesign/our-impact/stories/From-the-Innovators-Workbench-Anne-Wojcicki-CEO-23andme.html,Concorrência predatória,70.0,Aprovada,"{
  ""analise_problema_mercado"": ""O problema de saúde individual e a falta de transparência sobre as predisposições genéticas são relevantes para o mercado de 2024, especialmente com a crescente conscientização sobre a importância da saúde pessoal. O segmento de clientes é amplo e há uma demanda clara por soluções que ofereçam insights valiosos sobre a saúde."",
  ""analise_solucao_proposta"": ""A plataforma D2C de análise de biomarcadores e histórico de saúde apresenta uma proposta de valor única, fornecendo informações detalhadas sobre as predisposições de saúde e origens. A combinação do produto físico (kit) com serviços digitais de assinatura de saúde e monetização do banco de dados populacional é um modelo financeiro atraente."",
  ""analise_receitas_custos"": ""A estrutura de custos inclui o desenvolvimento e produção dos kits, bem como os custos de marketing e operações. As receitas provêm da venda transacional do produto físico (kit) e das assinaturas de serviços digitais de saúde."",
  ""vantagem_injusta"": ""A equipe fundadora tem uma combinação única de experiência em ciências da vida e construção de produtos de tecnologia digital, o que lhes permite desenvolver soluções inovadoras e escaláveis."",
  ""risco_critico"": ""O maior risco estrutural é a competição com serviços semelhantes, especialmente aqueles com recursos financeiros mais amplos. Além disso, há um risco de falha na proteção dos dados sensíveis dos clientes."",
  ""analise_equipe"": ""A equipe fundadora tem uma boa combinação de experiência e habilidades para lidar com o desafio técnico e competitivo do setor biotecnológico. A liderança é composta por uma executiva fundadora com formação em ciências da vida e sólida vivência como analista financeira no setor de saúde, apoiada por um cofundador com forte histórico na construção de produtos de tecnologia digital em escala."",
  ""categoria_risco_principal"": ""Concorrência predatória"",
  ""probabilidade_sucesso_0_a_100"": 70,
  ""veredito_final"": ""Aprovada""
}",Concorrência predatória,60.0,Necessita Pivotagem,"{
  ""analise_problema_mercado"": ""O problema do mercado é real e relevante, pois a demanda por soluções personalizadas e preventivas de saúde está aumentando. O segmento de clientes está bem definido para sustentar demanda, com foco em indivíduos preocupados com sua saúde e bem-estar."",
  ""analise_solucao_proposta"": ""A proposta de valor única é a capacidade de fornecer relatórios detalhados sobre as predisposições de saúde e origens dos usuários, o que pode ser útil para indivíduos que buscam entender melhor suas necessidades de saúde. A plataforma D2C permite uma experiência personalizada e eficaz para os clientes."",
  ""analise_receitas_custos"": ""O modelo financeiro é baseado em receita transacional do produto físico (o kit) e serviços digitais de assinatura de saúde, o que pode gerar fluxos de receita estáveis. No entanto, a concorrência é forte e os custos de desenvolvimento e marketing podem ser elevados."",
  ""vantagem_injusta"": ""A vantagem injusta da empresa é sua experiência em análise financeira no setor de saúde e construção de produtos digitais em escala, o que permite uma abordagem mais eficaz para a coleta e análise de dados biométricos."",
  ""risco_critico"": ""O maior risco estrutural é a concorrência predatória, pois há poucos serviços semelhantes no mercado. Além disso, a empresa precisa garantir a confidencialidade e segurança dos dados biométricos coletados para manter a credibilidade e a confiança dos clientes."",
  ""analise_equipe"": ""A equipe tem uma boa combinação de habilidades em ciências da vida e construção de produtos digitais, o que é adequado para o desafio técnico e competitivo descrito."",
  ""categoria_risco_principal"": ""Concorrência predatória"",
  ""probabilidade_sucesso_0_a_100"": 60,
  ""veredito_final"": ""Necessita Pivotagem""
}",Concorrência predatória,60.0,Necessita Pivotagem,"{
  ""analise_problema_mercado"": ""O problema de saúde é grave e os clientes estão dispostos a pagar por soluções que ajudem a prevenir ou detectar doenças precocemente. No entanto, a concorrência é limitada, mas há um risco de que novos entrantes sejam atraídos pela promessa de uma plataforma D2C de análise de biomarcadores e histórico de saúde."",
  ""analise_solucao_proposta"": ""A solução proposta é interessante, mas há um risco de que os clientes não estejam dispostos a enviar amostras biológicas para análise. Além disso, a plataforma D2C pode ser difícil de escalar e manter a confidencialidade dos dados."",
  ""analise_receitas_custos"": ""A receita inicial é baseada na venda do kit físico, o que pode não ser suficiente para cobrir os custos iniciais. Além disso, há um risco de que as receitas futuras sejam subestimadas ou não sejam alcançáveis."",
  ""vantagem_injusta"": ""A vantagem competitiva é a expertise da fundadora em ciências da vida e sua experiência como analista financeira no setor de saúde. No entanto, essa vantagem pode ser facilmente superada com o tempo."",
  ""risco_critico"": ""O risco crítico é que os clientes não estejam dispostos a compartilhar seus dados biológicos e históricos de saúde, o que pode levar à falta de receita futura e ao colapso do modelo financeiro."",
  ""analise_equipe"": ""A equipe tem uma boa combinação de habilidades em ciências da vida e tecnologia digital. No entanto, há um risco de que a liderança não tenha experiência suficiente em construir produtos de tecnologia digital em escala."",
  ""categoria_risco_principal"": ""Concorrência predatória"",
  ""probabilidade_sucesso_0_a_100"": 60,
  ""veredito_final"": ""Necessita Pivotagem""
}",Problema de preço ou custo,60.0,Necessita Pivotagem,"{
  ""analise_problema_mercado"": ""O mercado é relativamente pequeno e fronteiriço, o que pode limitar a capacidade de expansão. A concorrência é baixa, mas os poucos concorrentes são fortes e bem financiados. O tamanho do mercado é difícil de estimar, pois é um nicho específico. A fricção mecânica/custo para aquisição desses clientes pode ser alta devido à necessidade de confiança e privacidade."",
  ""analise_solucao_proposta"": ""A solução proposta é complexa em termos logísticos, infraestrutura e técnica. O envio de kits de autocoleta biológica via correio pode ser um desafio logístico. A necessidade de armazenamento seguro e confidencial dos dados biológicos também é um fator a considerar."",
  ""analise_receitas_custos"": ""A lógica estrutural da monetização parece razoável, com uma venda transacional do produto físico (kit) seguida por receita futura baseada em serviços digitais de assinatura de saúde e na monetização do banco de dados populacional em parcerias B2B de pesquisa farmacêutica. No entanto, é necessário mais detalhes sobre os custos e receitas para uma avaliação mais precisa."",
  ""vantagem_injusta"": ""A empresa tem um ativo valioso: a expertise da fundadora em ciências da vida e sua vivência como analista financeira no setor de saúde. Isso pode ser uma barreira de entrada difícil de superar para concorrentes."",
  ""risco_critico"": ""O risco crítico é a falta de evidência sobre a eficácia do produto em termos de diagnóstico e tratamento de doenças. Além disso, há o risco de violação de dados confidenciais e a necessidade de armazenamento seguro e confidencial dos dados biológicos."",
  ""analise_equipe"": ""A equipe parece bem formada e experiente, com uma fundadora executiva com formação em ciências da vida e sólida vivência como analista financeira no setor de saúde, apoiada por um cofundador com forte histórico na construção de produtos de tecnologia digital em escala."",
  ""categoria_risco_principal"": ""Problema de preço ou custo"",
  ""probabilidade_sucesso_0_a_100"": 60,
  ""veredito_final"": ""Necessita Pivotagem""
}"
F05,Jawbone,Fabricante premium de acessórios inteligentes e áudio sem fio,1999,2017.0,Wearable Tech,"Empresa de desenvolvimento de hardware focada em dispositivos vestíveis (wearables) e produtos de áudio portáteis com forte apelo em design. A monetização ocorre quase que exclusivamente via venda transacional direta (one-off) do hardware no varejo físico e online. A premissa de retenção e diferencial competitivo baseia-se na integração desses aparelhos a um aplicativo móvel proprietário de monitoramento de saúde e estilo de vida, visando forjar um ecossistema digital de engajamento contínuo do usuário.",Falha,"A empresa não conseguiu competir com rivais mais eficientes como Apple e Fitbit, enfrentando problemas de qualidade, margens pressionadas e custos elevados. A perda de competitividade e a incapacidade de sustentar escala levaram à liquidação dos ativos.",Problema de preço ou custo,Produto ruim;Concorrência predatória,Processo de liquidação dos ativos e encerramento formal das operações após incapacidade de sustentar o negócio,Problema de preço ou custo,2017,"A companhia acumulou quase um bilhão de dólares em capital de risco ao longo de seu ciclo de vida. O setor de hardware no qual atua apresenta altíssima complexidade logística e margens de lucro espremidas (commodity). O mercado é atacado por dois flancos: o ecossistema fechado de uma gigante corporativa global de smartphones e a proliferação de pulseiras rastreadoras básicas de baixo custo. Os fundadores possuem forte histórico em engenharia de comunicação sem fio e design de eletrônicos de consumo, mas enfrentam o desafio de manter a qualidade em produção de altíssima escala.",https://en.wikipedia.org/wiki/Jawbone_(company);https://www.reuters.com/article/business/jawbone-raises-250-million-valuing-company-at-33-billion-idUSBREA1C1L6/;https://www.theverge.com/2017/6/21/15849756/jawbone-liquidation-shut-down-report;https://www.wsj.com/articles/jawbone-to-liquidate-as-upstart-jawbone-health-hub-launches-1498036801;https://www.bloomberg.com/news/articles/2017-06-21/jawbone-said-to-liquidate-as-hub-startup-is-created,Concorrência predatória,60.0,Necessita Pivotagem,"{
  ""analise_problema_mercado"": ""O problema do mercado é claro: a concorrência predatória e a saturação da oferta de produtos semelhantes, especialmente com as pulseiras rastreadoras básicas de baixo custo. Além disso, o ecossistema fechado de uma gigante corporativa global de smartphones também apresenta um desafio significativo."",
  ""analise_solucao_proposta"": ""A proposta de valor única da startup é a integração dos aparelhos com um aplicativo móvel proprietário de monitoramento de saúde e estilo de vida, o que pode atrair clientes dispostos a pagar mais por uma experiência premium. No entanto, é necessário demonstrar claramente como essa integração valoriza o produto para os clientes."",
  ""analise_receitas_custos"": ""A estrutura de custos da startup parece ser baseada em produção de alta escala, o que pode ser um desafio para a empresa. Além disso, a monetização quase exclusivamente via venda transacional direta do hardware pode ser um modelo de negócios frágil."",
  ""vantagem_injusta"": ""A vantagem competitiva da startup é sua experiência em engenharia de comunicação sem fio e design de eletrônicos de consumo, o que pode ajudar a manter a qualidade em produção de alta escala."",
  ""risco_critico"": ""O maior risco estrutural da startup é a concorrência predatória e a saturação da oferta de produtos semelhantes, especialmente com as pulseiras rastreadoras básicas de baixo custo."",
  ""analise_equipe"": ""A equipe da startup tem forte histórico em engenharia de comunicação sem fio e design de eletrônicos de consumo, o que é positivo. No entanto, é necessário avaliar se a equipe tem experiência suficiente para lidar com a complexidade logística e as margens de lucro espremidas do setor."",
  ""categoria_risco_principal"": ""Concorrência predatória"",
  ""probabilidade_sucesso_0_a_100"": 60,
  ""veredito_final"": ""Necessita Pivotagem""
}",Concorrência predatória,60.0,Necessita Pivotagem,"{
  ""analise_problema_mercado"": ""O problema do mercado é real, pois o setor de wearables está em constante evolução e os usuários buscam soluções mais integradas e personalizadas. O segmento de clientes está bem definido para sustentar demanda, embora a concorrência seja intensa."",
  ""analise_solucao_proposta"": ""A proposta de valor única é a integração dos dispositivos vestíveis com um aplicativo móvel proprietário, o que fornece uma experiência de usuário mais engajadora e personalizada. No entanto, a complexidade logística e as margens de lucro espremidas podem ser desafiantes."",
  ""analise_receitas_custos"": ""O modelo econômico é baseado na venda transacional direta do hardware no varejo físico e online, o que pode ser desafiador em termos de concorrência e logística. A estrutura de custos é elevada devido à complexidade dos dispositivos vestíveis."",
  ""vantagem_injusta"": ""A vantagem injusta é a integração do aplicativo móvel proprietário com os dispositivos vestíveis, o que fornece uma experiência de usuário mais engajadora e personalizada."",
  ""risco_critico"": ""O maior risco estrutural é a concorrência predatória da gigante corporativa global de smartphones, que pode usar sua influência para dominar o mercado de wearables."",
  ""analise_equipe"": ""A equipe tem experiência em engenharia de comunicação sem fio e design de eletrônicos de consumo, mas enfrenta o desafio de manter a qualidade em produção de altíssima escala."",
  ""categoria_risco_principal"": ""Concorrência predatória"",
  ""probabilidade_sucesso_0_a_100"": 60,
  ""veredito_final"": ""Necessita Pivotagem""
}",Fim do caixa,20.0,Rejeitada,"{
  ""analise_problema_mercado"": ""O mercado de wearables é saturado e competitivo desde 2014. A proliferação de pulseiras rastreadoras básicas de baixo custo e a presença da gigante corporativa global de smartphones no ecossistema fechado tornam difícil para a startup se destacar. Além disso, o mercado de áudio portátil é altamente fragmentado e não há evidência de que os clientes estejam dispostos a pagar por um produto premium em um setor com baixa margem de lucro."",
  ""analise_solucao_proposta"": ""A solução proposta depende exclusivamente da venda transacional direta do hardware, o que é desafiador no mercado de wearables. A integração dos aparelhos ao aplicativo móvel proprietário não é suficiente para justificar o preço premium e a complexidade logística pode comprometer a qualidade do produto."",
  ""analise_receitas_custos"": ""A startup apresenta receita única via venda transacional direta, o que é arriscado. A margem de lucro é baixa e a complexidade logística pode levar a custos elevados. Além disso, não há evidência de como a empresa planeja gerenciar os estoques e a cadeia de suprimento."",
  ""vantagem_injusta"": ""A vantagem competitiva da startup baseia-se na integração dos aparelhos ao aplicativo móvel proprietário. No entanto, essa vantagem pode ser facilmente superada pela concorrência com investimentos em tecnologia e marketing."",
  ""risco_critico"": ""O risco crítico é a falta de escala e a complexidade logística que podem comprometer a qualidade do produto e a capacidade da empresa para atender às demandas do mercado. Além disso, a dependência exclusiva da venda transacional direta pode levar à falência financeira."",
  ""analise_equipe"": ""A equipe tem forte histórico em engenharia de comunicação sem fio e design de eletrônicos de consumo, mas enfrenta o desafio de manter a qualidade em produção de altíssima escala. A falta de experiência em gerenciamento de estoques e cadeia de suprimento é um ponto fraco."",
  ""categoria_risco_principal"": ""Fim do caixa"",
  ""probabilidade_sucesso_0_a_100"": 20,
  ""veredito_final"": ""Rejeitada""
}",Concorrência predatória,60.0,Necessita Pivotagem,"{
  ""analise_problema_mercado"": ""O mercado de wearables é altamente competitivo, com gigantes corporativas e startups concorrendo por espaço. A proliferação de pulseiras básicas de baixo custo aumenta a pressão sobre a empresa para manter preços competitivos."",
  ""analise_solucao_proposta"": ""A proposta da empresa é focar em dispositivos premium com forte apelo em design, o que pode ser um diferencial competitivo. No entanto, a complexidade logística e os custos de produção podem ser um desafio para manter a qualidade em alta escala."",
  ""analise_receitas_custos"": ""A monetização ocorre via venda transacional direta do hardware, o que pode gerar receita significativa. No entanto, é necessário analisar os custos de produção e logística para determinar se há margem de lucro suficiente."",
  ""vantagem_injusta"": ""A integração dos dispositivos com um aplicativo móvel proprietário pode ser uma vantagem injusta para a empresa, permitindo que ela forje um ecossistema digital de engajamento contínuo do usuário."",
  ""risco_critico"": ""O risco crítico é a falta de evidência sobre como a empresa planeja manter a qualidade em produção de alta escala e como lidará com a concorrência intensa no mercado de wearables."",
  ""analise_equipe"": ""A equipe tem forte histórico em engenharia de comunicação sem fio e design de eletrônicos de consumo, o que é positivo. No entanto, é necessário avaliar se os fundadores têm experiência suficiente para lidar com a complexidade logística e os desafios de produção em alta escala."",
  ""categoria_risco_principal"": ""Concorrência predatória"",
  ""probabilidade_sucesso_0_a_100"": 60,
  ""veredito_final"": ""Necessita Pivotagem""
}"
F06,Anki,Fabricante de dispositivos robóticos interativos de consumo,2010,2019.0,Robotics / Consumer AI,"Desenvolvimento de dispositivos físicos interativos movidos a IA para o mercado de entretenimento doméstico. O modelo financeiro foca estritamente na venda transacional de hardware premium, prometendo um engajamento prolongado do usuário através de personalidades virtuais adaptativas. O objetivo a longo prazo era criar uma base instalada grande o suficiente para justificar a futura monetização de um ecossistema de software de terceiros, subsidiando a complexa operação física.",Falha,"A empresa não conseguiu transformar inovação tecnológica em um modelo financeiro sustentável, enfrentando altos custos de desenvolvimento e produção de hardware. Apesar de produtos bem avaliados, a escala não foi suficiente para sustentar a operação sem capital contínuo. A dependência de funding e a dificuldade de atingir rentabilidade levaram ao encerramento das operações.",Fim do caixa,Problema de preço ou custo;Modelo de negócios falho,Encerramento abrupto das operações após falha em levantar nova rodada de investimento,Fim do caixa,2019,"A startup levantou mais de duzentos milhões de dólares em capital de risco para financiar intenso P&D. O mercado alvo compete por atenção e orçamento (share of wallet) com consoles de videogame, tablets e brinquedos eletrônicos tradicionais de baixo custo. A equipe fundadora é composta por acadêmicos e pesquisadores de alto nível em robótica e inteligência artificial oriundos de universidades de ponta, possuindo profundo conhecimento técnico, mas sem histórico corporativo prévio em manufatura de eletrônicos em larga escala ou gestão de cadeias de suprimentos globais de baixo custo.",https://techcrunch.com/2019/04/19/anki-is-shutting-down/;https://www.theverge.com/2019/4/20/18508178/anki-shutting-down-cozmo-vector-robots;https://www.wsj.com/articles/robot-maker-anki-shuts-down-after-funding-falls-through-11555743601;https://vcnewsdaily.com/anki/venture-capital-funding/sqthldnhcz;https://www.cbinsights.com/company/anki/financials;https://en.wikipedia.org/wiki/Anki,Concorrência predatória,60.0,Necessita Pivotagem,"{
  ""analise_problema_mercado"": ""O problema de mercado é relevante, pois a concorrência no setor de entretenimento doméstico é intensa e os consumidores estão procurando por experiências mais interativas e personalizadas. O segmento de clientes alvo tem demanda clara por produtos que combinem tecnologia e entretenimento."",
  ""analise_solucao_proposta"": ""A solução proposta é adequada, pois o dispositivo robótico interativo movido a IA oferece uma experiência única e personalizada para os usuários. A proposta de valor única é clara: um produto premium que promete engajamento prolongado."",
  ""analise_receitas_custos"": ""A estrutura de custos é complexa, pois o modelo financeiro se baseia na venda transacional de hardware premium. Os fluxos de receita são dependentes da capacidade de vender dispositivos físicos caros e do sucesso em criar um ecossistema de software de terceiros."",
  ""vantagem_injusta"": ""A vantagem competitiva é a tecnologia robótica interativa movida a IA, que oferece uma experiência única e personalizada para os usuários. A equipe fundadora tem profundo conhecimento técnico em robótica e inteligência artificial."",
  ""risco_critico"": ""O maior risco estrutural é o custo alto de desenvolvimento e produção dos dispositivos físicos, que pode afetar a viabilidade financeira da startup. Além disso, a concorrência intensa no mercado de entretenimento doméstico também é um risco crítico."",
  ""analise_equipe"": ""A equipe fundadora tem profundo conhecimento técnico em robótica e inteligência artificial, mas não têm experiência prévia em manufatura de eletrônicos em larga escala ou gestão de cadeias de suprimentos globais de baixo custo. Isso pode ser um desafio para a startup."",
  ""categoria_risco_principal"": ""Concorrência predatória"",
  ""probabilidade_sucesso_0_a_100"": 60,
  ""veredito_final"": ""Necessita Pivotagem""
}",Concorrência predatória,60.0,Necessita Pivotagem,"{
  ""analise_problema_mercado"": ""O problema do mercado é real, pois a demanda por entretenimento doméstico está sempre aumentando e os consumidores buscam novas formas de se divertirem. O segmento de clientes está bem definido para sustentar demanda, pois o modelo de negócios se concentra em uma faixa etária específica (famílias com filhos) que é propensa a investir em produtos de entretenimento premium."",
  ""analise_solucao_proposta"": ""A solução e a proposta de valor única resolvem o problema do cliente de forma eficaz e executável, pois os dispositivos robóticos interativos movidos a IA oferecem uma experiência de entretenimento inovadora e personalizada. A estratégia de venda transacional de hardware premium é viável, pois os consumidores estão dispostos a pagar mais por produtos que ofereçam um valor agregado."",
  ""analise_receitas_custos"": ""O modelo econômico faz sentido, pois as receitas esperadas são consistentes com o custo de desenvolvimento e produção. No entanto, é importante considerar que a concorrência é intensa e os preços podem ser competitivos."",
  ""vantagem_injusta"": ""A vantagem injusta do negócio é a combinação única de robótica e inteligência artificial, que permite criar dispositivos interativos e personalizados. Isso pode atrair consumidores dispostos a pagar mais por produtos inovadores."",
  ""risco_critico"": ""O maior risco estrutural é a concorrência predatória dos consoles de videogame e brinquedos eletrônicos tradicionais, que podem se adaptar rapidamente às tecnologias robóticas e de IA. Além disso, o modelo de negócios depende da capacidade da equipe em desenvolver e produzir dispositivos físicos de alta qualidade a um custo razoável."",
  ""analise_equipe"": ""A equipe fundadora tem profundo conhecimento técnico em robótica e inteligência artificial, mas falta experiência corporativa prévia em manufatura de eletrônicos em larga escala ou gestão de cadeias de suprimentos globais de baixo custo. Isso pode ser um gargalo para o sucesso do negócio."",
  ""categoria_risco_principal"": ""Concorrência predatória"",
  ""probabilidade_sucesso_0_a_100"": 60,
  ""veredito_final"": ""Necessita Pivotagem""
}",Concorrência predatória,20.0,Rejeitada,"{
  ""analise_problema_mercado"": ""O mercado de entretenimento doméstico é altamente competitivo e fragmentado, com vários atores estabelecidos oferecendo soluções mais baratas e fáceis de usar. Além disso, a tendência atual é a direção de serviços em nuvem e jogos online, o que pode reduzir a necessidade de dispositivos físicos interativos."",
  ""analise_solucao_proposta"": ""A proposta de vender hardware premium com personalidades virtuais adaptativas não é convincente. A concorrência predatória do mercado de entretenimento doméstico e a falta de experiência da equipe fundadora em manufatura de eletrônicos em larga escala podem levar à perda de mercado."",
  ""analise_receitas_custos"": ""A estrutura de receita baseada na venda transacional de hardware premium é frágil. A subestimação dos custos de produção e logística pode levar a uma situação financeira crítica."",
  ""vantagem_injusta"": ""A suposta vantagem competitiva da startup está baseada em tecnologia avançada, mas não há garantia de que isso seja suficiente para superar a concorrência. A falta de experiência da equipe fundadora em manufatura de eletrônicos em larga escala pode ser um obstáculo insuperável."",
  ""risco_critico"": ""O risco crítico é a perda de mercado e a falência financeira. A concorrência predatória do mercado de entretenimento doméstico e a falta de experiência da equipe fundadora em manufatura de eletrônicos em larga escala podem levar à perda de mercado."",
  ""analise_equipe"": ""A equipe fundadora tem profundo conhecimento técnico, mas sem histórico corporativo prévio em manufatura de eletrônicos em larga escala ou gestão de cadeias de suprimentos globais de baixo custo. Isso pode ser um obstáculo para a escalabilidade e eficiência da operação."",
  ""categoria_risco_principal"": ""Concorrência predatória"",
  ""probabilidade_sucesso_0_a_100"": 20,
  ""veredito_final"": ""Rejeitada""
}",Problema de preço ou custo,40.0,Rejeitada,"{
  ""analise_problema_mercado"": ""O mercado alvo é amplo e competitivo, com vários players estabelecidos oferecendo opções de entretenimento doméstico a preços acessíveis. A fricção mecânica/custo para aquisição desses clientes é alta, pois os concorrentes já possuem uma base instalada grande e uma marca reconhecida."",
  ""analise_solucao_proposta"": ""A complexidade logística e de infraestrutura requerida pela solução descrita é elevada, pois envolve o desenvolvimento e produção de dispositivos físicos interativos movidos a IA. A falta de experiência da equipe fundadora em manufatura de eletrônicos em larga escala ou gestão de cadeias de suprimentos globais de baixo custo é um risco crítico."",
  ""analise_receitas_custos"": ""A lógica estrutural da monetização é baseada na venda transacional de hardware premium, o que pode ser desafiador para uma startup com orçamento limitado. A relação teórica entre estrutura de custos e fluxos de receita não está clara."",
  ""vantagem_injusta"": ""A vantagem injusta do negócio é a tecnologia robótica interativa movida a IA, que pode ser difícil de replicar para concorrentes. No entanto, essa vantagem pode ser neutralizada se os concorrentes forem capazes de desenvolver soluções semelhantes."",
  ""risco_critico"": ""O risco crítico é a falta de experiência da equipe fundadora em manufatura de eletrônicos em larga escala ou gestão de cadeias de suprimentos globais de baixo custo, o que pode levar a problemas logísticos e financeiros."",
  ""analise_equipe"": ""A equipe fundadora tem profundo conhecimento técnico em robótica e inteligência artificial, mas falta experiência corporativa prévia em manufatura de eletrônicos em larga escala ou gestão de cadeias de suprimentos globais de baixo custo."",
  ""categoria_risco_principal"": ""Problema de preço ou custo"",
  ""probabilidade_sucesso_0_a_100"": 40,
  ""veredito_final"": ""Rejeitada""
}"
F07,Sidecar,Plataforma P2P de mobilidade e roteamento urbano,2012,2015.0,Mobility / Marketplace P2P,Marketplace de dupla face (two-sided market) conectando provedores independentes de transporte a usuários por meio de matching geoespacial e precificação dinâmica. A monetização ocorre via take-rate (comissão) sobre o valor transacionado. O modelo é puramente dependente de efeitos de rede locais: exige liquidez simultânea de oferta e demanda para garantir tempos mínimos de espera e manter a eficiência operacional da malha.,Falha,"A empresa não conseguiu atingir massa crítica suficiente em um mercado dominado por concorrentes altamente capitalizados como Uber e Lyft. A dinâmica de efeitos de rede favoreceu os líderes, tornando difícil competir em preço, tempo de espera e disponibilidade. A falta de escala e diferenciação sustentável levou ao encerramento das operações.",Concorrência predatória,Modelo de negócios falho;Sem necessidade de mercado,Encerramento das operações após perda de participação e incapacidade de competir com plataformas dominantes,Concorrência predatória,2015,"A startup captou algumas dezenas de milhões de dólares em financiamento. A equipe é experiente: liderada por um empreendedor em série (com exit milionário prévio no setor de software B2B corporativo) e um engenheiro especializado em sistemas móveis de trânsito. O ambiente competitivo, no entanto, é extremo: o mercado possui dinâmica 'winner-takes-all' (o vencedor leva a maior parte) e a startup compete diretamente pelo mesmo fornecedor e cliente contra decacórnios (concorrentes avaliados em dezenas de bilhões de dólares) dispostos a queimar caixa agressivamente para subsidiar transações e monopolizar a liquidez da rede.",https://www.nytimes.com/2015/12/20/technology/sidecar-shuts-down.html;https://www.wsj.com/articles/sidecar-to-shut-down-1450571402;https://techcrunch.com/2015/12/19/sidecar-shuts-down/;https://www.failory.com/cemetery/sidecar;https://en.wikipedia.org/wiki/Sunil_Paul;https://www.theguardian.com/technology/2015/dec/30/uber-competitor-sidecar-shut-down,Fim do caixa,60.0,Necessita Pivotagem,"{
  ""analise_problema_mercado"": ""O problema de mobilidade urbana é relevante em 2015, com crescimento populacional e congestionamento nas cidades. O segmento de clientes (usuários) apresenta demanda clara por soluções eficientes e econômicas para se deslocar pelas ruas."",
  ""analise_solucao_proposta"": ""A proposta de valor única é a conectividade P2P entre provedores independentes de transporte e usuários, com precificação dinâmica e matching geoespacial. A solução é adequada para resolver o problema de mobilidade urbana."",
  ""analise_receitas_custos"": ""A estrutura de custos é relativamente baixa, com take-rate (comissão) sobre o valor transacionado como fonte principal de receita. No entanto, a startup precisa gerenciar liquidez simultânea de oferta e demanda para manter a eficiência operacional da malha."",
  ""vantagem_injusta"": ""A vantagem competitiva é a capacidade de matching geoespacial e precificação dinâmica, que permite à startup se adaptar às condições locais e maximizar a eficiência do sistema."",
  ""risco_critico"": ""O maior risco estrutural é o 'Fim do caixa' (insufficient funds), pois a startup precisa gerenciar liquidez simultânea de oferta e demanda para manter a eficiência operacional da malha. Se não houver uma boa equilíbrio entre oferta e demanda, a startup pode enfrentar problemas financeiros."",
  ""analise_equipe"": ""A equipe é experiente, com um empreendedor em série (com exit milionário prévio no setor de software B2B corporativo) e um engenheiro especializado em sistemas móveis de trânsito. No entanto, a falta de experiência em mercado P2P e mobilidade urbana pode ser um ponto fraco."",
  ""categoria_risco_principal"": ""Fim do caixa"",
  ""probabilidade_sucesso_0_a_100"": 60,
  ""veredito_final"": ""Necessita Pivotagem""
}",Concorrência predatória,60.0,Necessita Pivotagem,"{
  ""analise_problema_mercado"": ""O problema do mercado é real, pois as cidades estão enfrentando desafios crescentes de mobilidade urbana. A concorrência é intensa, mas a startup tem um diferencial com o modelo de negócios P2P e a tecnologia de matching geoespacial."",
  ""analise_solucao_proposta"": ""A solução proposta é única e eficaz em resolver o problema do cliente. A plataforma conecta provedores independentes de transporte a usuários, garantindo uma experiência mais personalizada e eficiente para ambos os lados."",
  ""analise_receitas_custos"": ""O modelo econômico parece razoável, com receita esperada via take-rate sobre o valor transacionado. No entanto, é importante considerar a concorrência agressiva e a necessidade de investir em marketing e publicidade para atrair usuários."",
  ""vantagem_injusta"": ""A vantagem injusta da startup é a tecnologia de matching geoespacial e precificação dinâmica, que permite uma experiência mais eficiente e personalizada para os usuários."",
  ""risco_critico"": ""O maior risco estrutural é a concorrência agressiva e a possibilidade de que os decacórnios (concorrentes avaliados em dezenas de bilhões de dólares) quebram caixa para monopolizar a liquidez da rede."",
  ""analise_equipe"": ""A equipe é experiente, com um líder empreendedor e um engenheiro especializado em sistemas móveis de trânsito. No entanto, é importante considerar se o histórico do líder em série é adequado para o desafio técnico e competitivo descrito."",
  ""categoria_risco_principal"": ""Concorrência predatória"",
  ""probabilidade_sucesso_0_a_100"": 60,
  ""veredito_final"": ""Necessita Pivotagem""
}",Concorrência predatória,30.0,Rejeitada,"{
  ""analise_problema_mercado"": ""O problema de mobilidade urbana é um desafio amplo, mas não há evidências de que o mercado seja disposto a pagar por uma solução P2P. Em 2015, as opções de transporte público e compartilhadas eram limitadas, mas não havia uma necessidade urgente de uma plataforma como essa para resolver os problemas de mobilidade."",
  ""analise_solucao_proposta"": ""A solução proposta é interessante, mas apresenta um atrito de adoção significativo. A dependência da rede local e a necessidade de liquidez simultânea de oferta e demanda podem ser desafiantes para uma startup em crescimento. Além disso, a concorrência predatória do mercado pode levar à perda de market share."",
  ""analise_receitas_custos"": ""A monetização via take-rate sobre o valor transacionado é um modelo interessante, mas há risco de subestimação de custos. A startup precisaria investir significativamente em marketing e publicidade para atrair usuários e provedores independentes. Além disso, a dependência da rede local pode levar a custos elevados para manter a eficiência operacional."",
  ""vantagem_injusta"": ""A vantagem competitiva da startup é a experiência do empreendedor em série e o conhecimento especializado do engenheiro em sistemas móveis de trânsito. No entanto, essas habilidades podem ser facilmente replicadas por concorrentes com recursos financeiros mais amplos."",
  ""risco_critico"": ""O risco crítico é a dependência da rede local e a necessidade de liquidez simultânea de oferta e demanda. Se a startup não for capaz de manter a eficiência operacional da malha, o modelo pode falhar."",
  ""analise_equipe"": ""A equipe é experiente, mas há dúvida sobre se ela tem experiência suficiente para lidar com o desafio técnico e competitivo do mercado. A falta de experiência em P2P e mobilidade urbana pode ser um obstáculo."",
  ""categoria_risco_principal"": ""Concorrência predatória"",
  ""probabilidade_sucesso_0_a_100"": 30,
  ""veredito_final"": ""Rejeitada""
}",Concorrência predatória,60.0,Necessita Pivotagem,"{
  ""analise_problema_mercado"": ""O mercado de mobilidade urbana é grande, mas altamente competitivo em 2015. A startup enfrenta um desafio de escala e liquidez para manter a eficiência operacional da malha."",
  ""analise_solucao_proposta"": ""A plataforma P2P apresenta uma complexidade logística e técnica significativas, requerendo infraestrutura robusta e escalável para lidar com a demanda e oferta de transporte. A precificação dinâmica é um ponto positivo, pois permite ajustes rápidos à demanda."",
  ""analise_receitas_custos"": ""A monetização via take-rate sobre o valor transacionado é uma estrutura lógica, mas depende da liquidez simultânea de oferta e demanda para garantir tempos mínimos de espera. A CAC (custo por aquisição) e LTV (valor líquido por cliente) não estão explicitamente definidos no texto."",
  ""vantagem_injusta"": ""A experiência do empreendedor em série e do engenheiro especializado em sistemas móveis de trânsito é uma vantagem injusta para a startup, pois permite uma compreensão mais profunda dos desafios técnicos e operacionais."",
  ""risco_critico"": ""O risco crítico é o modelo 'winner-takes-all' do mercado, que pode levar à agressiva queima de caixa por parte da concorrência. Isso pode afetar a capacidade da startup de manter a liquidez e eficiência operacional."",
  ""analise_equipe"": ""A equipe é experiente e tem um histórico de sucesso, o que é positivo para o desafio técnico e competitivo."",
  ""categoria_risco_principal"": ""Concorrência predatória"",
  ""probabilidade_sucesso_0_a_100"": 60,
  ""veredito_final"": ""Necessita Pivotagem""
}"
F08,Color,Aplicativo de compartilhamento visual social por proximidade,2011,2012.0,Social App,"Rede social móvel focada na criação de álbuns visuais hiperlocais em tempo real. A mecânica permite que pessoas em um mesmo raio geográfico contribuam e visualizem um feed fotográfico coletivo sem a necessidade de 'seguir' ou ter qualquer conexão social prévia. O modelo foca inteiramente em aquisição de usuários (growth), sem estratégia de monetização definida no estágio atual. A utilidade do produto depende da existência de efeitos de rede hiperlocais, exigindo extrema densidade de usuários simultâneos no exato mesmo espaço físico para que o aplicativo não pareça vazio.",Falha,"A empresa enfrentou forte queda de retenção após o lançamento, com usuários não encontrando valor claro e recorrente na proposta. A dependência de densidade local simultânea criou uma barreira significativa para engajamento consistente. A combinação de proposta confusa e baixa retenção inviabilizou o crescimento sustentável.",Sem necessidade de mercado,Produto ruim;Modelo de negócios falho,"Queda acentuada de uso e engajamento após o lançamento, levando à descontinuação do produto",Sem necessidade de mercado,2012,A startup levantou dezenas de milhões de dólares de fundos de primeira linha antes mesmo de lançar o produto no mercado (pre-launch). O aplicativo concorre por atenção em um mercado já saturado por mega-redes sociais globais e plataformas de fotografia focadas em filtros estéticos com seguidores globais. A equipe possui um currículo estelar: liderada por um empreendedor em série (que vendeu sua última startup de streaming de áudio por dezenas de milhões para uma Big Tech) e um executivo de operações com vasta experiência em antigas plataformas web de hospedagem de imagens.,https://techcrunch.com/2011/04/13/color-shutdown/;https://www.wsj.com/articles/SB10001424052748704671904576230963355605150;https://www.theguardian.com/technology/2012/oct/22/color-labs-shuts-down;https://en.wikipedia.org/wiki/Color_Labs;https://www.cnet.com/culture/new-photo-app-color-hopes-to-see-the-future/;https://www.erichstauffer.com/management/what-happened-to-color,Concorrência predatória,40.0,Rejeitada,"{
  ""analise_problema_mercado"": ""O problema descrito é a necessidade de criar uma rede social móvel que permita o compartilhamento visual por proximidade, mas o mercado já está saturado por mega-redes sociais globais e plataformas de fotografia focadas em filtros estéticos. A demanda clara não está presente."",
  ""analise_solucao_proposta"": ""A proposta de valor única é a criação de álbuns visuais hiperlocais em tempo real, permitindo que pessoas em um mesmo raio geográfico contribuam e visualizem um feed fotográfico coletivo. No entanto, o modelo foca apenas na aquisição de usuários (growth), sem estratégia de monetização definida no estágio atual."",
  ""analise_receitas_custos"": ""A estrutura de custos não é clara, pois o aplicativo ainda não foi lançado. A receita provável é baseada em publicidade ou modelo freemium, mas a falta de estratégia de monetização definida no estágio atual é um ponto de preocupação."",
  ""vantagem_injusta"": ""A vantagem competitiva principal é o currículo estelar da equipe, liderada por um empreendedor em série e um executivo de operações com vasta experiência em antigas plataformas web de hospedagem de imagens. No entanto, a concorrência predatória pode ser um fator crítico."",
  ""risco_critico"": ""O maior risco estrutural é a falta de estratégia de monetização definida no estágio atual e a dependência da existência de efeitos de rede hiperlocais, exigindo extrema densidade de usuários simultâneos no exato mesmo espaço físico para que o aplicativo não pareça vazio."",
  ""analise_equipe"": ""A equipe tem um currículo estelar, mas a falta de experiência em desenvolvimento de aplicativos móveis e a concorrência predatória podem ser pontos de preocupação."",
  ""categoria_risco_principal"": ""Concorrência predatória"",
  ""probabilidade_sucesso_0_a_100"": 40,
  ""veredito_final"": ""Rejeitada""
}",Concorrência predatória,40.0,Rejeitada,"{
  ""analise_problema_mercado"": ""O problema do mercado é real, pois a startup está se concentrando em uma área específica (álbuns visuais hiperlocais) e o modelo de negócios é baseado na criação de uma rede social móvel. No entanto, o mercado já está saturado por mega-redes sociais globais e plataformas de fotografia focadas em filtros estéticos com seguidores globais. Isso torna difícil para a startup se destacar e atrair usuários."",
  ""analise_solucao_proposta"": ""A solução proposta é única, pois o aplicativo permite que pessoas em um mesmo raio geográfico contribuam e visualizem um feed fotográfico coletivo sem a necessidade de 'seguir' ou ter qualquer conexão social prévia. No entanto, a dependência da existência de efeitos de rede hiperlocais é um grande risco."",
  ""analise_receitas_custos"": ""O modelo econômico não está claro, pois a startup não tem uma estratégia de monetização definida no estágio atual. A concentração em aquisição de usuários (growth) sem uma abordagem clara para gerar receita é um grande risco."",
  ""vantagem_injusta"": ""A vantagem injusta da startup é o currículo estelar dos fundadores, especialmente o empreendedor em série que vendeu sua última startup de streaming de áudio por dezenas de milhões para uma Big Tech. Isso pode atrair investimentos e talentos."",
  ""risco_critico"": ""O maior risco estrutural é a dependência da existência de efeitos de rede hiperlocais, que requer extrema densidade de usuários simultâneos no exato mesmo espaço físico para que o aplicativo não pareça vazio."",
  ""analise_equipe"": ""A equipe tem um currículo estelar, mas a experiência em plataformas web de hospedagem de imagens pode não ser suficiente para lidar com as complexidades de uma rede social móvel. A falta de experiência em negócios sociais e marketing é um grande risco."",
  ""categoria_risco_principal"": ""Concorrência predatória"",
  ""probabilidade_sucesso_0_a_100"": 40,
  ""veredito_final"": ""Rejeitada""
}",Fim do caixa,20.0,Rejeitada,"{
  ""analise_problema_mercado"": ""O problema não é grave o suficiente para os clientes pagarem por uma solução, pois a concorrência é intensa e as redes sociais globais já atendem às necessidades de compartilhamento visual. Além disso, a falta de estratégia de monetização definida no estágio atual sugere que a startup não entendeu o valor que os usuários estão dispostos a pagar por essa experiência."",
  ""analise_solucao_proposta"": ""A solução proposta é falha porque depende da existência de efeitos de rede hiperlocais, o que é um requisito muito alto para que o aplicativo seja útil. Além disso, a falta de estratégia de monetização definida sugere que a startup não entendeu como gerar receita com essa solução."",
  ""analise_receitas_custos"": ""A subestimação de custos é evidente, pois a startup levantou dezenas de milhões de dólares antes mesmo de lançar o produto no mercado. Isso sugere que os fundadores não entenderam as necessidades reais do negócio e gastaram dinheiro desnecessário."",
  ""vantagem_injusta"": ""A suposta vantagem competitiva é a equipe com currículo estelar, mas isso não é suficiente para garantir o sucesso da startup. A concorrência é intensa e as redes sociais globais já atendem às necessidades de compartilhamento visual."",
  ""risco_critico"": ""O risco crítico é a falta de estratégia de monetização definida, pois isso pode levar à falência da startup. Além disso, a dependência dos efeitos de rede hiperlocais é um requisito muito alto para que o aplicativo seja útil."",
  ""analise_equipe"": ""A equipe não tem experiência suficiente em desenvolver uma plataforma social móvel com modelo de negócios sustentável. O executivo de operações tem experiência em antigas plataformas web de hospedagem de imagens, mas isso não é relevante para o desafio tecnológico e competitivo descrito."",
  ""categoria_risco_principal"": ""Fim do caixa"",
  ""probabilidade_sucesso_0_a_100"": 20,
  ""veredito_final"": ""Rejeitada""
}",Problema de preço ou custo,40.0,Rejeitada,"{
  ""analise_problema_mercado"": ""O mercado é saturado por mega-redes sociais globais e plataformas de fotografia focadas em filtros estéticos com seguidores globais, o que torna difícil a aquisição de usuários. Além disso, a necessidade de densidade de usuários simultâneos no exato mesmo espaço físico para que o aplicativo não pareça vazio é um obstáculo significativo."",
  ""analise_solucao_proposta"": ""A solução proposta é complexa em termos logísticos e técnicos, requerendo uma infraestrutura robusta para lidar com a grande quantidade de dados gerados. Além disso, o modelo de negócios focado apenas na aquisição de usuários (growth) sem estratégia de monetização definida é um risco significativo."",
  ""analise_receitas_custos"": ""A lógica estrutural da monetização não está clara. Não há informações sobre CAC, LTV ou margens. A falta de uma estratégia de monetização definida é um obstáculo para a sustentabilidade financeira do negócio."",
  ""vantagem_injusta"": ""A equipe liderada por um empreendedor em série e um executivo de operações com vasta experiência em antigas plataformas web de hospedagem de imagens é uma vantagem significativa. No entanto, a falta de evidências sobre o histórico de sucesso da equipe em projetos semelhantes é um ponto crítico."",
  ""risco_critico"": ""A falha estrutural financeira mais evidente é a falta de uma estratégia de monetização definida e sustentável. Além disso, a necessidade de densidade de usuários simultâneos no exato mesmo espaço físico para que o aplicativo não pareça vazio é um obstáculo significativo."",
  ""analise_equipe"": ""A equipe liderada por um empreendedor em série e um executivo de operações com vasta experiência em antigas plataformas web de hospedagem de imagens é adequada para o desafio técnico e competitivo descrito. No entanto, a falta de evidências sobre o histórico de sucesso da equipe em projetos semelhantes é um ponto crítico."",
  ""categoria_risco_principal"": ""Problema de preço ou custo"",
  ""probabilidade_sucesso_0_a_100"": 40,
  ""veredito_final"": ""Rejeitada""
}"
F09,Clinkle,Aplicativo de pagamentos móveis gamificados,2011,2015.0,FinTech Consumer,"Carteira digital (digital wallet) voltada ao público jovem que tenta unir transações financeiras diárias a dinâmicas de gamificação e incentivos sociais. O modelo de negócios prevê a monetização através de taxas sobre transações e possíveis serviços financeiros adjacentes. O negócio enfrenta o clássico problema de mercado de duas pontas (two-sided market) no setor de pagamentos: precisa de adoção em massa de usuários para atrair lojistas, e de lojistas aceitando o método para reter os usuários.",Falha,A empresa enfrentou atrasos significativos no desenvolvimento do produto e não conseguiu entregar uma solução funcional à altura das expectativas criadas. Problemas de gestão e execução comprometeram a credibilidade junto a usuários e investidores. A perda de confiança e a incapacidade de lançar um produto competitivo inviabilizaram o negócio.,Equipe inadequada,Produto ruim;Modelo de negócios falho,Atrasos sucessivos no lançamento e críticas públicas à gestão e à falta de produto funcional,Equipe inadequada,2015,"A startup gerou extremo frenesi na mídia, captando dezenas de milhões de dólares logo em sua rodada inicial (Seed). O mercado de transferências financeiras e carteiras digitais já possui fortíssima concorrência, dominado por gigantes globais de tecnologia e aplicativos P2P massivamente consolidados. A equipe fundadora, incluindo o CEO, é composta inteiramente por estudantes de graduação em computação de uma universidade de elite, operando sem experiência corporativa prévia, histórico de gestão de pessoas ou qualquer vivência técnica no altamente regulado mercado financeiro e de segurança bancária.",https://www.wired.com/2015/12/clinkle-startup-fail/;https://techcrunch.com/2015/12/21/clinkle-shuts-down/;https://www.businessinsider.com/what-happened-to-clinkle-2015-12;https://techcrunch.com/2013/06/27/clinkle-raises-25m-seed-round/;https://www.forbes.com/sites/ryanmac/2013/06/27/21-year-old-stanford-student-raises-25-million-for-stealth-startup-clinkle/,Concorrência predatória,40.0,Rejeitada,"{
  ""analise_problema_mercado"": ""O problema de mercado é relevante, pois o setor de pagamentos móveis é em constante evolução e a gamificação pode ser um diferencial para atrair usuários jovens. No entanto, a concorrência é alta e a startup precisa superar esse obstáculo."",
  ""analise_solucao_proposta"": ""A proposta de valor é clara: unir transações financeiras diárias a dinâmicas de gamificação e incentivos sociais. A carteira digital é uma solução interessante, mas a concorrência é forte e a startup precisa diferenciar-se."",
  ""analise_receitas_custos"": ""A estrutura de custos é desconhecida, pois não há informações sobre os gastos operacionais, desenvolvimento e marketing. A receita provém de taxas sobre transações e serviços financeiros adjacentes, mas a margem de lucro é incerta."",
  ""vantagem_injusta"": ""A vantagem competitiva da startup é sua capacidade de se adaptar às mudanças tecnológicas e comportamentais dos jovens. A gamificação pode ser um diferencial para atrair usuários."",
  ""risco_critico"": ""O maior risco estrutural é a concorrência predatória, pois o mercado de pagamentos móveis já tem gigantes globais consolidados."",
  ""analise_equipe"": ""A equipe fundadora é composta por estudantes de graduação em computação, operando sem experiência corporativa prévia, histórico de gestão de pessoas ou qualquer vivência técnica no altamente regulado mercado financeiro e de segurança bancária. Isso é um risco crítico."",
  ""categoria_risco_principal"": ""Concorrência predatória"",
  ""probabilidade_sucesso_0_a_100"": 40,
  ""veredito_final"": ""Rejeitada""
}",Equipe inadequada,30.0,Rejeitada,"{
  ""analise_problema_mercado"": ""O problema do mercado é real, pois a demanda por soluções de pagamentos móveis está em crescimento. No entanto, o setor é altamente competitivo e os usuários podem ser hesitantes em adotar uma nova carteira digital. A concorrência é intensa, com gigantes globais e aplicativos P2P consolidados."",
  ""analise_solucao_proposta"": ""A proposta de valor única é a combinação de gamificação e incentivos sociais para atrair e reter usuários. No entanto, a falta de experiência corporativa e histórico de gestão de pessoas na equipe fundadora pode ser um obstáculo para implementar essa estratégia."",
  ""analise_receitas_custos"": ""O modelo econômico é frágil, pois as taxas sobre transações podem não ser suficientes para cobrir os custos e a concorrência é intensa. A startup precisa de uma estrutura de custos eficiente para manter-se viável."",
  ""vantagem_injusta"": ""A vantagem injusta da startup é sua capacidade de se adaptar às mudanças tecnológicas e comportamentais dos jovens, o que pode ser um diferencial competitivo. No entanto, essa vantagem não é suficiente para garantir o sucesso do negócio."",
  ""risco_critico"": ""O maior risco estrutural é a falta de experiência corporativa e histórico de gestão de pessoas na equipe fundadora, o que pode levar à falha em implementar a estratégia de gamificação e incentivos sociais."",
  ""analise_equipe"": ""A equipe fundadora não tem experiência corporativa prévia ou histórico de gestão de pessoas, o que é um risco para o sucesso do negócio. A falta de experiência técnica no mercado financeiro e de segurança bancária também é um fator a considerar."",
  ""categoria_risco_principal"": ""Equipe inadequada"",
  ""probabilidade_sucesso_0_a_100"": 30,
  ""veredito_final"": ""Rejeitada""
}",Equipe inadequada,20.0,Rejeitada,"{
  ""analise_problema_mercado"": ""O problema não é grave o suficiente para os clientes pagarem por uma solução gamificada, pois a concorrência no setor de pagamentos móveis é intensa e já há opções consolidadas. Além disso, a adesão em massa de usuários e lojistas é um desafio significativo, tornando difícil a viabilidade do modelo."",
  ""analise_solucao_proposta"": ""A solução proposta não é suficiente para superar a concorrência, pois o aplicativo de pagamentos móveis gamificados não apresenta uma vantagem competitiva clara. A falta de experiência corporativa e histórico de gestão de pessoas na equipe fundadora também é um fator crítico."",
  ""analise_receitas_custos"": ""A subestimação dos custos de marketing e publicidade para atrair usuários e lojistas é evidente, tornando difícil a monetização da operação. Além disso, a falta de experiência na gestão financeira e segurança bancária pode levar a erros críticos que afetem a confiança dos clientes."",
  ""vantagem_injusta"": ""A suposta vantagem competitiva do aplicativo gamificado não é defensável, pois a concorrência no setor de pagamentos móveis é intensa e já há opções consolidadas. A falta de experiência corporativa e histórico de gestão de pessoas na equipe fundadora também é um fator crítico."",
  ""risco_critico"": ""O risco mais letal é a falta de experiência corporativa e histórico de gestão de pessoas na equipe fundadora, o que pode levar a erros críticos que afetem a confiança dos clientes e a viabilidade do modelo."",
  ""analise_equipe"": ""A equipe fundadora não tem experiência corporativa prévia, histórico de gestão de pessoas ou vivência técnica no mercado financeiro e de segurança bancária. Isso é um fator crítico para o sucesso da startup."",
  ""categoria_risco_principal"": ""Equipe inadequada"",
  ""probabilidade_sucesso_0_a_100"": 20,
  ""veredito_final"": ""Rejeitada""
}",Equipe inadequada,20.0,Rejeitada,"{
  ""analise_problema_mercado"": ""O mercado de transferências financeiras e carteiras digitais é dominado por gigantes globais, o que significa que a startup enfrenta uma concorrência feroz. Além disso, a necessidade de adoção em massa de usuários para atrair lojistas e vice-versa é um desafio significativo. A fricção mecânica/custo para aquisição desses clientes é alta."",
  ""analise_solucao_proposta"": ""A proposta de gamificação e incentivos sociais pode ser interessante, mas a complexidade logística e infraestrutura requerida pela solução é desconhecida. A falta de experiência corporativa prévia da equipe fundadora é um risco crítico."",
  ""analise_receitas_custos"": ""A lógica estrutural da monetização (taxas sobre transações) parece razoável, mas a relação teórica entre estrutura de custos e fluxos de receita não está clara. Não há informações suficientes para calcular CAC, LTV ou margens."",
  ""vantagem_injusta"": ""A falta de experiência corporativa prévia da equipe fundadora pode ser uma barreira de entrada para a concorrência, desde que seja um fator quantificável e escalável."",
  ""risco_critico"": ""A falta de experiência corporativa prévia da equipe fundadora é o risco crítico mais evidente. A ausência de histórico de gestão de pessoas ou vivência técnica no mercado financeiro e de segurança bancária é um fator que pode comprometer a viabilidade do negócio."",
  ""analise_equipe"": ""A equipe fundadora, composta apenas por estudantes de graduação em computação, não tem experiência corporativa prévia ou histórico de gestão de pessoas. Isso é um risco para o sucesso do negócio."",
  ""categoria_risco_principal"": ""Equipe inadequada"",
  ""probabilidade_sucesso_0_a_100"": 20,
  ""veredito_final"": ""Rejeitada""
}"
F10,Beepi,Marketplace C2C de veículos seminovos com logística integrada,2013,2017.0,Marketplace C2C,"Marketplace digital para compra e venda de veículos de alto valor. A proposta de valor é eliminar o intermediário físico (concessionária tradicional) ao centralizar digitalmente a vistoria presencial, precificação, garantia e entrega door-to-door (porta a porta). A monetização ocorre via spread e taxas sobre as transações. Apesar da interface digital, é um modelo altamente dependente de operações no mundo físico, exigindo exércitos de inspetores qualificados e transporte pesado constante para que a promessa de conveniência se sustente.",Falha,A empresa enfrentou dificuldades para equilibrar crescimento com custos operacionais elevados em um modelo altamente intensivo em logística. A necessidade de controlar qualidade e experiência ponta a ponta pressionou margens e aumentou a queima de caixa. A incapacidade de ajustar unit economics e captar novos recursos levou ao encerramento.,Fim do caixa,Problema de preço ou custo;Modelo de negócios falho,Fracasso em levantar nova rodada de investimento após sucessivas tentativas de venda ou fusão,Fim do caixa,2017,"A companhia captou mais de uma centena de milhões de dólares em financiamento de risco. A liderança é formada por empreendedores com MBAs em universidades americanas de elite, com backgrounds em ciência da computação e fundação prévia de e-commerces genéricos e startups de educação. O ambiente competitivo é brutal: a plataforma tenta disruptar redes tradicionais de concessionárias físicas gigantescas e, simultaneamente, enfrenta uma guerra de queima de caixa contra outros novos unicórnios do comércio eletrônico automotivo que lutam por domínio regional.",https://techcrunch.com/2017/02/15/beepi-shuts-down/;https://www.wsj.com/articles/used-car-startup-beepi-closes-1487185203;https://www.businessinsider.com/beepi-shutting-down-2017-2;https://www.failory.com/startups/web-app-failures;https://www.cio.com/article/236945/cio-cmo-partner-to-drive-used-car-sales.html;https://static1.squarespace.com/static/55c4e9aae4b05eaf17ef79ff/t/5dda940ca46d122f382872d1/1574605837793/Beepi_EStrategyCase.pdf;https://www.innovatorsunder35.com/the-list/alejandro-resnik/,Concorrência predatória,60.0,Necessita Pivotagem,"{
  ""analise_problema_mercado"": ""O problema de mercado é claro: a concorrência tradicional está presente em todos os cantos, e o consumidor tem dificuldade em encontrar veículos seminovos com garantia e entrega confiáveis. A demanda clara está presente, mas a concorrência é brutal."",
  ""analise_solucao_proposta"": ""A proposta de valor única é eliminar o intermediário físico, centralizar digitalmente a vistoria presencial, precificação, garantia e entrega door-to-door. A solução parece adequada para atender às necessidades do mercado, mas a dependência das operações no mundo físico é um ponto fraco."",
  ""analise_receitas_custos"": ""A estrutura de custos é complexa, com exércitos de inspetores qualificados e transporte pesado constante. A monetização ocorre via spread e taxas sobre as transações, o que pode ser instável em um mercado em constante evolução."",
  ""vantagem_injusta"": ""A vantagem competitiva é a integração logística e a capacidade de centralizar digitalmente a vistoria presencial, precificação, garantia e entrega door-to-door. No entanto, essa vantagem pode ser neutralizada pela concorrência brutal."",
  ""risco_critico"": ""O maior risco estrutural é a dependência das operações no mundo físico, que podem ser afetadas por fatores como mudanças regulatórias ou problemas logísticos."",
  ""analise_equipe"": ""A equipe tem experiência em ciência da computação e fundação prévia de e-commerces genéricos e startups de educação. No entanto, a falta de experiência direta no setor automotivo é um ponto fraco."",
  ""categoria_risco_principal"": ""Concorrência predatória"",
  ""probabilidade_sucesso_0_a_100"": 60,
  ""veredito_final"": ""Necessita Pivotagem""
}",Concorrência predatória,60.0,Necessita Pivotagem,"{
  ""analise_problema_mercado"": ""O problema do mercado é real e relevante, pois a concorrência tradicional de concessionárias físicas está em declínio e os clientes buscam soluções mais eficientes e convenientes para comprar e vender veículos. O segmento de clientes está bem definido para sustentar demanda, com um público-alvo específico de compradores e vendedores de veículos de alto valor."",
  ""analise_solucao_proposta"": ""A solução e a proposta de valor única resolvem o problema do cliente de forma eficaz e executável. A eliminação do intermediário físico e a centralização digital da vistoria presencial, precificação, garantia e entrega door-to-door são características que atrairiam clientes satisfeitos."",
  ""analise_receitas_custos"": ""O modelo econômico faz sentido, com receita esperada por meio do spread e taxas sobre as transações. No entanto, a estrutura de custos é elevada devido à necessidade de operações no mundo físico, o que pode ser um gargalo para a sustentabilidade do negócio."",
  ""vantagem_injusta"": ""A vantagem injusta (unfair advantage) é a integração logística e a capacidade de oferecer entrega door-to-door, o que diferencia a startup dos concorrentes e torna mais difícil para eles replicar essa estrutura."",
  ""risco_critico"": ""O maior risco estrutural é a dependência excessiva da operação física, o que pode ser afetado por fatores como mudanças na legislação, problemas de logística ou desempenho ruim dos inspetores qualificados."",
  ""analise_equipe"": ""A equipe tem experiência e histórico adequados para o desafio técnico e competitivo descrito. A liderança é formada por empreendedores com MBAs em universidades americanas de elite, com backgrounds em ciência da computação e fundação prévia de e-commerces genéricos e startups de educação."",
  ""categoria_risco_principal"": ""Concorrência predatória"",
  ""probabilidade_sucesso_0_a_100"": 60,
  ""veredito_final"": ""Necessita Pivotagem""
}",Fim do caixa,20.0,Rejeitada,"{
  ""analise_problema_mercado"": ""O mercado de veículos seminovos é altamente fragmentado e não há um problema grave o suficiente para justificar a necessidade de uma plataforma digital como essa. Além disso, a concorrência é brutal e os concessionários físicos têm uma vantagem significativa em termos de presença no mercado e relacionamento com os clientes."",
  ""analise_solucao_proposta"": ""A proposta de valor da startup é interessante, mas não há garantia de que ela seja suficiente para atrair a atenção dos clientes. A dependência das operações físicas pode ser um obstáculo significativo para a escalabilidade e eficiência da plataforma."",
  ""analise_receitas_custos"": ""A monetização via spread e taxas sobre as transações é uma estratégia arriscada, pois não há garantia de que os clientes estejam dispostos a pagar por essa conveniência. Além disso, os custos de operação podem ser muito elevados, tornando difícil a obtenção de lucro."",
  ""vantagem_injusta"": ""A suposta vantagem competitiva da startup é sua capacidade de centralizar digitalmente a vistoria presencial, precificação, garantia e entrega door-to-door. No entanto, essa vantagem pode ser facilmente superada por concorrentes que investem em tecnologia e logística."",
  ""risco_critico"": ""O risco crítico é a dependência das operações físicas, que podem ser afetadas por fatores como mudanças no mercado de veículos, problemas de logística e aumento dos custos. Isso pode levar à perda de confiança dos clientes e ao colapso da plataforma."",
  ""analise_equipe"": ""A equipe tem experiência em ciência da computação e fundação prévia de e-commerces genéricos e startups de educação, o que é positivo. No entanto, a falta de experiência direta no setor automotivo pode ser um obstáculo para a compreensão do mercado e desenvolvimento de uma estratégia eficaz."",
  ""categoria_risco_principal"": ""Fim do caixa"",
  ""probabilidade_sucesso_0_a_100"": 20,
  ""veredito_final"": ""Rejeitada""
}",Concorrência predatória,40.0,Rejeitada,"{
  ""analise_problema_mercado"": ""O mercado é grande e em crescimento, mas a concorrência é intensa e a saturação da oferta de veículos seminovos está aumentando. A fricção mecânica/custo para aquisição desses clientes é alta, pois o negócio depende de operações no mundo físico."",
  ""analise_solucao_proposta"": ""A solução proposta é complexa e requer uma infraestrutura logística integrada para centralizar digitalmente a vistoria presencial, precificação, garantia e entrega door-to-door. A dependência das operações no mundo físico aumenta o risco de falha."",
  ""analise_receitas_custos"": ""A lógica estrutural da monetização é frágil, pois a empresa depende do spread e taxas sobre as transações, o que pode ser afetado pela concorrência e mudanças no mercado. A relação teórica entre estrutura de custos e fluxos de receita não está clara."",
  ""vantagem_injusta"": ""A vantagem injusta é a logística integrada e a capacidade de centralizar digitalmente as operações, o que pode ser difícil para concorrentes replicar."",
  ""risco_critico"": ""O risco crítico é a dependência das operações no mundo físico, que pode afetar a entrega door-to-door e a garantia. A falta de clareza sobre a estrutura de custos e fluxos de receita também é um risco."",
  ""analise_equipe"": ""A equipe tem experiência em ciência da computação e fundação prévia de e-commerces genéricos, o que pode ser útil para desenvolver a plataforma. No entanto, a falta de experiência direta com o setor automotivo é um risco."",
  ""categoria_risco_principal"": ""Concorrência predatória"",
  ""probabilidade_sucesso_0_a_100"": 40,
  ""veredito_final"": ""Rejeitada""
}"
S01,Airbnb,Plataforma P2P de acomodações e hospitalidade alternativa,2008,,TravelTech Marketplace,"Marketplace peer-to-peer (P2P) de dupla face conectando proprietários com capacidade ociosa em suas residências a viajantes em busca de estadias não convencionais. O modelo monetiza através de um take-rate (comissão) cobrado de ambas as pontas na transação. Operando de forma estritamente 'asset-light' (sem possuir os imóveis), a escalabilidade depende criticamente de efeitos de rede globais cruzados e de um sistema de avaliação rigoroso para transpor a barreira de confiança (convencer as pessoas a dormirem na casa de estranhos).",Ativa,,,,"Colapso global do turismo e restrições drásticas de mobilidade devido a uma crise sanitária (pandemia), exigindo reestruturação de custos e teste de resiliência de receita",Sem necessidade de mercado,2020,"A empresa atingiu escala global, levantando bilhões de dólares em capital de risco e linhas de dívida corporativa. A equipe fundadora possui um perfil extremamente atípico para o Vale do Silício: é liderada por dois formados em artes visuais e design industrial (sem histórico executivo ou experiência técnica em turismo), apoiados por um único engenheiro de sistemas. O ambiente competitivo é severo: a plataforma ataca frontalmente as maiores agências de viagens online (OTAs) do mundo, redes hoteleiras centenárias e enfrenta constante oposição regulatória e legislativa (leis de zoneamento) nas maiores metrópoles do planeta.",https://www.slideshare.net/slideshow/airbnb-first-pitch-deck-editable/45768374;https://www.nytimes.com/2020/05/05/business/airbnb-coronavirus-layoffs.html;https://hbr.org/2021/05/how-airbnb-survived-the-pandemic;https://www.cnbc.com/2020/04/06/airbnb-raises-1-billion-from-silver-lake-sixth-street-partners.html;https://www.reuters.com/article/us-airbnb-debt-idUSKCN21W2G6;https://www.crunchbase.com/organization/airbnb;https://en.wikipedia.org/wiki/Airbnb,Problema regulatório ou legal,60.0,Necessita Pivotagem,"{
  ""analise_problema_mercado"": ""O problema de encontrar acomodações não convencionais é real, especialmente entre os viajantes mais jovens e flexíveis. A demanda por experiências únicas e autênticas está aumentando, e as OTAs tradicionais não estão atendendo às necessidades desses viajantes."",
  ""analise_solucao_proposta"": ""A proposta de valor única é a conectividade P2P entre proprietários e viajantes, permitindo experiências únicas e personalizadas. A plataforma também oferece um sistema de avaliação rigoroso para transpor a barreira de confiança."",
  ""analise_receitas_custos"": ""O modelo monetiza através de um take-rate (comissão) cobrado de ambas as pontas na transação. Os custos são relativamente baixos, pois a empresa não possui imóveis e opera de forma 'asset-light'. A receita é escalável com o aumento do número de transações."",
  ""vantagem_injusta"": ""A vantagem competitiva é a conectividade P2P e o sistema de avaliação rigoroso para transpor a barreira de confiança. Isso permite à plataforma oferecer experiências únicas e personalizadas que as OTAs tradicionais não podem replicar."",
  ""risco_critico"": ""O maior risco estrutural é a falta de experiência técnica e executiva na equipe fundadora, especialmente em um setor como o turismo, onde a complexidade é alta. Além disso, a plataforma enfrenta constante oposição regulatória e legislativa."",
  ""analise_equipe"": ""A equipe fundadora não tem experiência técnica ou executiva em turismo, o que pode ser um risco estrutural. No entanto, a combinação de habilidades em artes visuais e design industrial pode ser útil para criar uma marca e uma experiência de usuário única."",
  ""categoria_risco_principal"": ""Problema regulatório ou legal"",
  ""probabilidade_sucesso_0_a_100"": 60,
  ""veredito_final"": ""Necessita Pivotagem""
}",Problema de preço ou custo,60.0,Necessita Pivotagem,"{
  ""analise_problema_mercado"": ""O problema do mercado é real, pois a demanda por estadias não convencionais está aumentando, especialmente entre os jovens e as gerações mais urbanizadas. No entanto, o segmento de clientes ainda não está bem definido para sustentar demanda, pois a concorrência é severa e a confiança nos anfitriões pode ser um obstáculo."",
  ""analise_solucao_proposta"": ""A solução e a proposta de valor única resolvem o problema do cliente de forma eficaz e executável. A plataforma conectando proprietários com capacidade ociosa em suas residências a viajantes em busca de estadias não convencionais é uma ideia inovadora e atrativa."",
  ""analise_receitas_custos"": ""O modelo econômico faz sentido, pois o take-rate cobrado de ambas as pontas na transação pode gerar receita significativa. No entanto, a estrutura de custos é alta devido à necessidade de investir em marketing e publicidade para atrair mais anfitriões e viajantes."",
  ""vantagem_injusta"": ""A vantagem injusta da empresa é sua capacidade de se adaptar rapidamente às mudanças no mercado e na tecnologia, graças ao seu modelo 'asset-light' e à sua equipe flexível. Além disso, a plataforma pode se beneficiar do efeito de rede globais cruzados."",
  ""risco_critico"": ""O maior risco estrutural é a falta de experiência técnica e executiva na equipe fundadora, o que pode comprometer a capacidade da empresa de lidar com os desafios técnicos e competitivos."",
  ""analise_equipe"": ""A equipe fundadora não tem um histórico executivo ou experiência técnica em turismo, o que é um risco estrutural. No entanto, a sua visão inovadora e criativa pode ser uma vantagem."",
  ""categoria_risco_principal"": ""Problema de preço ou custo"",
  ""probabilidade_sucesso_0_a_100"": 60,
  ""veredito_final"": ""Necessita Pivotagem""
}",Concorrência predatória,20.0,Rejeitada,"{
  ""analise_problema_mercado"": ""O problema não é grave o suficiente para os clientes pagarem por uma solução, pois as OTAs e agências de viagens tradicionais oferecem opções mais seguras e convenientes. Além disso, a concorrência predatória e a falta de confiança nos proprietários podem levar a um mercado que ignora essa oferta."",
  ""analise_solucao_proposta"": ""A solução proposta é falha porque não resolve o problema fundamental da falta de confiança entre os proprietários e os viajantes. O sistema de avaliação rigoroso pode não ser suficiente para superar a barreira de confiança, especialmente em um mercado globalizado."",
  ""analise_receitas_custos"": ""A receita é subestimada, pois o take-rate cobrado pode não ser suficiente para compensar os custos operacionais e a escalabilidade depende criticamente da rede globale. Além disso, a falta de experiência técnica em turismo na equipe fundadora pode levar a erros críticos na gestão dos imóveis."",
  ""vantagem_injusta"": ""A suposta vantagem competitiva é a escala global e o sistema de avaliação rigoroso, mas essas vantagens podem ser facilmente superadas pela concorrência. Além disso, a falta de experiência executiva na equipe fundadora pode levar a decisões erradas."",
  ""risco_critico"": ""O risco crítico é a falta de confiança nos proprietários e a barreira de adoção insuperável para os viajantes. Se essa barreira não for superada, a plataforma não terá sucesso."",
  ""analise_equipe"": ""A equipe fundadora não tem experiência executiva ou técnica em turismo, o que pode levar a erros críticos na gestão dos imóveis e da escalabilidade."",
  ""categoria_risco_principal"": ""Concorrência predatória"",
  ""probabilidade_sucesso_0_a_100"": 20,
  ""veredito_final"": ""Rejeitada""
}",Problema de preço ou custo,40.0,Rejeitada,"{
  ""analise_problema_mercado"": ""O mercado de acomodações alternativas está em crescimento, mas a concorrência é severa. A plataforma enfrenta uma barreira de entrada significativa para atrair proprietários e viajantes confiáveis. O tamanho do mercado é estimado em bilhões de dólares, mas a fricção mecânica/custo para aquisição desses clientes é alta."",
  ""analise_solucao_proposta"": ""A solução proposta é complexa logisticamente e requer uma infraestrutura robusta para gerenciar as reservas e avaliações. A dependência de efeitos de rede globais cruzados aumenta o risco de falha. A falta de experiência técnica em turismo na equipe fundadora é um ponto crítico."",
  ""analise_receitas_custos"": ""A monetização através de take-rate é teoricamente viável, mas a estrutura de custos não está claramente definida. Não há informações sobre CAC, LTV ou margens. A dependência da plataforma em efeitos de rede globais aumenta o risco de falha."",
  ""vantagem_injusta"": ""A vantagem injusta é a escala global alcançada pela empresa, o que pode ser uma barreira de entrada para novos concorrentes."",
  ""risco_critico"": ""O maior risco estrutural é a falta de experiência técnica em turismo na equipe fundadora e a dependência da plataforma em efeitos de rede globais cruzados. A oposição regulatória e legislativa nas maiores metrópoles do planeta também é um ponto crítico."",
  ""analise_equipe"": ""A equipe fundadora não tem experiência executiva ou técnica em turismo, o que aumenta o risco de falha. A falta de diversidade na equipe (duas pessoas com background em artes visuais e design industrial) é um ponto crítico."",
  ""categoria_risco_principal"": ""Problema de preço ou custo"",
  ""probabilidade_sucesso_0_a_100"": 40,
  ""veredito_final"": ""Rejeitada""
}"
S02,Uber,Plataforma global de despacho algorítmico e transporte on-demand,2009,,Mobility / Marketplace,"Marketplace de dupla face focado em mobilidade urbana. Utiliza despacho algorítmico, precificação dinâmica e geolocalização para conectar usuários a uma rede descentralizada de prestadores de serviço independentes. A monetização ocorre via comissão (take-rate) por transação. O modelo exige capital inicial maciço para subsidiar ambas as pontas da rede até atingir liquidez hiperlocal, visando dominar a conveniência e minimizar o tempo de espera.",Ativa,,,,"Graves crises de compliance, cultura corporativa controversa e embates regulatórios culminando em forte pressão do conselho para a renúncia do CEO e reestruturação da governança",Problema regulatório ou legal,2017,"A startup atingiu uma capitalização recorde no setor privado, levantando mais de uma dezena de bilhões de dólares em equity e dívida. A equipe fundadora é composta por empreendedores seriais com perfil de execução agressivo, possuindo vendas de startups (exits) milionárias prévias no setor de infraestrutura web e tecnologia P2P (peer-to-peer). O cenário competitivo é uma guerra de atrito: a plataforma enfrenta cartéis tradicionais de transporte fortemente regulamentados (protegidos por legislações locais) e compete globalmente contra clones regionais massivamente capitalizados, cujo objetivo é roubar market share através da queima de caixa e subsídios.",https://www.uber.com/newsroom/our-story/;https://www.nytimes.com/2017/06/21/technology/uber-ceo-travis-kalanick-resigns.html;https://hbr.org/2017/07/ubers-leadership-crisis-what-comes-next;https://www.crunchbase.com/organization/uber;https://techcrunch.com/2016/06/01/uber-raises-3-5-billion-from-saudi-arabias-sovereign-wealth-fund/;https://en.wikipedia.org/wiki/Uber,Concorrência predatória,60.0,Necessita Pivotagem,"{
  ""analise_problema_mercado"": ""O problema de mobilidade urbana é relevante em 2017, com crescimento populacional e urbanização aumentando a demanda por soluções eficientes e convenientes. O segmento de clientes (usuários) apresenta demanda clara por serviços de transporte on-demand."",
  ""analise_solucao_proposta"": ""A proposta de valor única é a combinação de despacho algorítmico, precificação dinâmica e geolocalização para conectar usuários a uma rede descentralizada de prestadores de serviço independentes. A monetização via comissão (take-rate) por transação é clara."",
  ""analise_receitas_custos"": ""A estrutura de custos é complexa, com capital inicial maciço necessário para subsidiar ambas as pontas da rede até atingir liquidez hiperlocal. A receita provém da comissão por transação, mas a startup precisa de um período de tempo para alcançar a escala necessária."",
  ""vantagem_injusta"": ""A vantagem competitiva é a combinação de tecnologia e estratégia de mercado que permite à startup se posicionar como uma plataforma descentralizada e hiperlocal, minimizando o tempo de espera e maximizando a conveniência."",
  ""risco_critico"": ""O maior risco estrutural é a guerra de atrito com cartéis tradicionais de transporte fortemente regulamentados e clones regionais massivamente capitalizados."",
  ""analise_equipe"": ""A equipe fundadora tem um perfil de execução agressivo, com experiência em startups (exits) milionárias prévias no setor de infraestrutura web e tecnologia P2P. Isso é adequado para o desafio técnico e competitivo descrito."",
  ""categoria_risco_principal"": ""Concorrência predatória"",
  ""probabilidade_sucesso_0_a_100"": 60,
  ""veredito_final"": ""Necessita Pivotagem""
}",Concorrência predatória,60.0,Necessita Pivotagem,"{
  ""analise_problema_mercado"": ""O problema do mercado é real e relevante, pois a mobilidade urbana é um desafio globalizado. A concorrência é intensa, mas a startup tem uma vantagem em termos de tecnologia e experiência dos fundadores."",
  ""analise_solucao_proposta"": ""A solução proposta é única e eficaz, pois combina despacho algorítmico, precificação dinâmica e geolocalização para conectar usuários a uma rede descentralizada de prestadores de serviço independentes. A monetização via comissão por transação é um modelo viável."",
  ""analise_receitas_custos"": ""O modelo econômico parece razoável, considerando os fluxos de receita esperados e a estrutura de custos. No entanto, o capital inicial maciço necessário para subsidiar ambas as pontas da rede é um desafio."",
  ""vantagem_injusta"": ""A vantagem injusta (unfair advantage) é a experiência e habilidade dos fundadores em vendas de startups (exits) milionárias prévias no setor de infraestrutura web e tecnologia P2P, o que lhes permite gerenciar melhor os recursos e tomar decisões estratégicas."",
  ""risco_critico"": ""O maior risco estrutural é a concorrência predatória, pois a plataforma enfrenta cartéis tradicionais de transporte fortemente regulamentados e compete globalmente contra clones regionais massivamente capitalizados."",
  ""analise_equipe"": ""A equipe fundadora tem um histórico impressionante em vendas de startups (exits) milionárias prévias no setor de infraestrutura web e tecnologia P2P, o que demonstra sua capacidade de gerenciar recursos e tomar decisões estratégicas."",
  ""categoria_risco_principal"": ""Concorrência predatória"",
  ""probabilidade_sucesso_0_a_100"": 60,
  ""veredito_final"": ""Necessita Pivotagem""
}",Fim do caixa,20.0,Rejeitada,"{
  ""analise_problema_mercado"": ""O problema de mobilidade urbana não é novo e não há um déficit crítico de soluções no mercado em 2017. A concorrência tradicional está regulamentada, mas a plataforma proposta enfrenta clones regionais massivamente capitalizados que podem roubar market share com subsídios. Além disso, o modelo de negócios é baseado na ideia de liquidez hiperlocal, o que pode não ser alcançável em curto prazo."",
  ""analise_solucao_proposta"": ""A solução proposta é complexa e requer um investimento maciço inicial. A precificação dinâmica e geolocalização podem ser úteis, mas a plataforma enfrenta concorrência feroz e cartéis tradicionais protegidos por legislações locais."",
  ""analise_receitas_custos"": ""A monetização via comissão pode não ser suficiente para compensar os custos de expansão da rede. A startup precisa de um fluxo de receita consistente para manter a operação, o que pode ser difícil em um mercado competitivo."",
  ""vantagem_injusta"": ""A vantagem competitiva da equipe fundadora é questionável, pois as experiências prévias podem não ser relevantes para o setor de mobilidade urbana. Além disso, a guerra de atrito com clones regionais pode superar qualquer vantagem inicial."",
  ""risco_critico"": ""O risco crítico é a falta de liquidez hiperlocal, que pode levar à falência da startup. A concorrência feroz e os cartéis tradicionais podem também ser um obstáculo insuperável."",
  ""analise_equipe"": ""A equipe fundadora tem experiências prévias no setor de infraestrutura web e tecnologia P2P, mas não há evidência clara de que essas experiências sejam relevantes para o setor de mobilidade urbana."",
  ""categoria_risco_principal"": ""Fim do caixa"",
  ""probabilidade_sucesso_0_a_100"": 20,
  ""veredito_final"": ""Rejeitada""
}",Fim do caixa,60.0,Necessita Pivotagem,"{
  ""analise_problema_mercado"": ""O mercado de mobilidade urbana está em constante evolução, com uma demanda crescente por soluções mais eficientes e convenientes. No entanto, a concorrência é intensa, com cartéis tradicionais fortemente regulamentados e clones regionais massivamente capitalizados. A fricção mecânica/custo para aquisição desses clientes é alta, o que torna difícil alcançar uma escala crítica."",
  ""analise_solucao_proposta"": ""A plataforma de despacho algorítmico e transporte on-demand apresenta uma complexidade logística e técnica significativas. A necessidade de capital inicial maciço para subsidiar ambas as pontas da rede é um desafio financeiro substancial."",
  ""analise_receitas_custos"": ""A monetização ocorre via comissão (take-rate) por transação, o que pode ser uma fonte estável de receita. No entanto, a estrutura de custos não foi detalhada, tornando difícil avaliar a lógica estrutural da monetização."",
  ""vantagem_injusta"": ""A rede descentralizada de prestadores de serviço independentes é um ativo escalável e quantificável que pode atuar como barreira de entrada para concorrentes."",
  ""risco_critico"": ""O maior risco estrutural é a falta de liquidez hiperlocal, o que pode levar à falência da plataforma. Além disso, a concorrência intensa e a necessidade de capital inicial maciço podem tornar difícil alcançar uma escala crítica."",
  ""analise_equipe"": ""A equipe fundadora é composta por empreendedores seriais com perfil de execução agressivo, o que pode ser um fator positivo para o sucesso da startup. No entanto, a experiência e o histórico dos fundadores devem ser avaliados mais detalhadamente."",
  ""categoria_risco_principal"": ""Fim do caixa"",
  ""probabilidade_sucesso_0_a_100"": 60,
  ""veredito_final"": ""Necessita Pivotagem""
}"
S03,Nubank,Neobanco mobile-first focado em desburocratização,2013,,FinTech / Digital Banking,"Instituição financeira 100% digital (branchless), operando exclusivamente via aplicativo móvel. A estratégia de go-to-market foca em um produto isento de anuidades (cartão de crédito com aprovação algorítmica e UX premium) para reduzir radicalmente o CAC (Custo de Aquisição de Clientes) via crescimento orgânico (boca a boca). A receita é gerada através de taxas de intercâmbio (interchange) pagas por lojistas, spread de juros em linhas de crédito de varejo (rotativo e empréstimos pessoais) e expansão do Life Time Value (LTV) via cross-sell de investimentos e seguros no próprio app.",Ativa,,,,Aumento da inadimplência e deterioração macroeconômica do portfólio de crédito durante um severo ciclo de alta de juros e inflação no mercado emergente de atuação,Problema de preço ou custo,2022,"A fintech captou alguns bilhões de dólares em equity ao longo de sua trajetória. O mercado atacado é um oligopólio financeiro em uma economia emergente, historicamente dominado por meia dúzia de conglomerados intocáveis que cobram alguns dos maiores spreads bancários do mundo e oferecem péssima experiência ao consumidor. A equipe fundadora é altamente tática e complementar: o CEO é ex-sócio de um grande fundo global de Venture Capital (conhece o jogo de captação); a líder de negócios é uma ex-executiva da divisão de cartões de crédito justamente de um dos bancos incumbentes que estão atacando (conhece as ineficiências do sistema por dentro); e o CTO é um cientista da computação de uma universidade americana de elite capaz de construir o banco do zero nativo em nuvem.",https://www.reuters.com/article/us-brazil-nubank-idUSKBN1WQ26C;https://www.ft.com/content/0c9f0d5a-1cbb-4f2c-9c5a-9c9c9b6c6e5f;https://www.bloomberg.com/news/articles/2022-08-15/nubank-profitability-challenges-credit-cycle-brazil;https://www.crunchbase.com/organization/nubank;https://en.wikipedia.org/wiki/Nubank,Concorrência predatória,70.0,Aprovada,"{
  ""analise_problema_mercado"": ""O problema descrito é a desburocratização e a falta de experiência ao consumidor no mercado financeiro, especialmente na economia emergente. O segmento de clientes tem demanda clara por uma solução mais eficiente e acessível."",
  ""analise_solucao_proposta"": ""A proposta de valor única é o neobanco mobile-first com aprovação algorítmica e UX premium, reduzindo radicalmente o CAC via crescimento orgânico. A receita é gerada através de taxas de intercâmbio, spread de juros em linhas de crédito e expansão do LTV."",
  ""analise_receitas_custos"": ""A estrutura de custos parece razoável, com receita gerada por taxas de intercâmbio e spread de juros. O CAC é reduzido via crescimento orgânico. A equipe fundadora tem experiência em captação de investimentos e no mercado financeiro."",
  ""vantagem_injusta"": ""A vantagem competitiva é a estrutura de custos mais baixa, aprovada algorítmica e UX premium, reduzindo o CAC via crescimento orgânico. A equipe fundadora tem experiência em captação de investimentos e no mercado financeiro."",
  ""risco_critico"": ""O maior risco estrutural é a concorrência predatória dos conglomerados financeiros incumbentes que dominam o mercado."",
  ""analise_equipe"": ""A equipe fundadora é altamente tática e complementar, com experiência em captação de investimentos e no mercado financeiro. O CEO tem conhecimento do jogo de captação; a líder de negócios conhece as ineficiências do sistema por dentro; e o CTO pode construir o banco do zero nativo em nuvem."",
  ""categoria_risco_principal"": ""Concorrência predatória"",
  ""probabilidade_sucesso_0_a_100"": 70,
  ""veredito_final"": ""Aprovada""
}",Concorrência predatória,80.0,Aprovada,"{
  ""analise_problema_mercado"": ""O problema do mercado é real, pois a experiência do consumidor com os bancos tradicionais é ruim e os spreads são elevados. O segmento de clientes está bem definido para sustentar demanda, pois a fintech ataca um oligopólio financeiro em uma economia emergente."",
  ""analise_solucao_proposta"": ""A solução e a proposta de valor única resolvem o problema do cliente de forma eficaz e executável. O modelo de negócios é inovador, pois elimina anuidades e se concentra em crescimento orgânico."",
  ""analise_receitas_custos"": ""O modelo econômico faz sentido, pois a receita é gerada por taxas de intercâmbio, spread de juros e expansão do LTV. A estrutura de custos parece razoável, considerando o foco em tecnologia e redução de anuidades."",
  ""vantagem_injusta"": ""A vantagem injusta é a experiência da equipe fundadora em Venture Capital e no setor financeiro, que permite uma compreensão profunda das ineficiências do sistema e como superá-las."",
  ""risco_critico"": ""O maior risco estrutural é o de não ser capaz de se estabelecer como um player significativo em um mercado oligopolizado, onde os incumbentes têm uma grande influência."",
  ""analise_equipe"": ""A equipe fundadora tem experiência e histórico adequados para o desafio técnico e competitivo descrito. O CEO conhece o jogo de captação, a líder de negócios conhece as ineficiências do sistema por dentro e o CTO é um cientista da computação com habilidades técnicas elevadas."",
  ""categoria_risco_principal"": ""Concorrência predatória"",
  ""probabilidade_sucesso_0_a_100"": 80,
  ""veredito_final"": ""Aprovada""
}",Problema de preço ou custo,40.0,Rejeitada,"{
  ""analise_problema_mercado"": ""O problema não é grave o suficiente para os clientes pagarem por uma solução, pois a concorrência predatória e a falta de inovação no setor financeiro são características históricas da economia emergente. Além disso, a desburocratização prometida pelo neobanco não é um diferencial significativo para os clientes, que estão mais preocupados com a estabilidade e segurança dos seus depósitos."",
  ""analise_solucao_proposta"": ""A solução proposta é insuficiente porque o modelo de negócios depende da expansão do LTV via cross-sell de investimentos e seguros no próprio app, o que pode não ser uma estratégia viável a longo prazo. Além disso, a falta de presença física pode ser um obstáculo para a adesão de clientes mais conservadores."",
  ""analise_receitas_custos"": ""A receita é gerada principalmente por taxas de intercâmbio e spread de juros em linhas de crédito, o que pode variar significativamente ao longo do tempo. Além disso, a estrutura de custos não está claramente definida, o que pode ser um risco para a sustentabilidade da startup."",
  ""vantagem_injusta"": ""A vantagem competitiva é a experiência e conhecimento dos fundadores em relação ao mercado financeiro e à tecnologia. No entanto, essa vantagem não é defensável a longo prazo, pois a concorrência pode rapidamente se adaptar às estratégias da startup."",
  ""risco_critico"": ""O risco crítico é a dependência do modelo de negócios em relação à expansão do LTV via cross-sell de investimentos e seguros no próprio app, o que pode não ser uma estratégia viável a longo prazo. Além disso, a falta de presença física pode ser um obstáculo para a adesão de clientes mais conservadores."",
  ""analise_equipe"": ""A equipe fundadora é altamente tática e complementar, com experiência em tecnologia e no mercado financeiro. No entanto, a liderança da empresa é questionável, pois o CEO é ex-sócio de um grande fundo global de Venture Capital, o que pode influenciar suas decisões."",
  ""categoria_risco_principal"": ""Problema de preço ou custo"",
  ""probabilidade_sucesso_0_a_100"": 40,
  ""veredito_final"": ""Rejeitada""
}",Problema de preço ou custo,60.0,Necessita Pivotagem,"{
  ""analise_problema_mercado"": ""O mercado atacado é um oligopólio financeiro em uma economia emergente, historicamente dominado por meia dúzia de conglomerados intocáveis que cobram alguns dos maiores spreads bancários do mundo e oferecem péssima experiência ao consumidor. A fricção mecânica/custo para aquisição desses clientes é alta devido à falta de concorrência e à necessidade de investir em marketing e publicidade."",
  ""analise_solucao_proposta"": ""A proposta de neobanco mobile-first é complexa logística e técnica, requerendo uma infraestrutura robusta para lidar com o crescimento rápido e a escalabilidade. A estratégia de go-to-market focada em boca a boca pode ser eficaz, mas também depende da qualidade do produto e da experiência do usuário."",
  ""analise_receitas_custos"": ""A receita é gerada através de taxas de intercâmbio pagas por lojistas, spread de juros em linhas de crédito de varejo (rotativo e empréstimos pessoais) e expansão do Life Time Value (LTV) via cross-sell de investimentos e seguros no próprio app. A estrutura de custos parece razoável, mas a lógica estrutural da monetização precisa ser mais detalhada."",
  ""vantagem_injusta"": ""A vantagem injusta é a equipe fundadora altamente tática e complementar, que conhece o jogo de captação e as ineficiências do sistema por dentro. Isso pode ser uma barreira de entrada para concorrentes."",
  ""risco_critico"": ""O risco crítico é a falta de experiência da equipe em operar um banco tradicional, embora o CTO seja um cientista da computação experiente. Além disso, a dependência do modelo de negócios em crescimento orgânico pode ser um fator de risco."",
  ""analise_equipe"": ""A equipe fundadora é altamente tática e complementar, com experiência em captação de recursos e conhecimento das ineficiências do sistema por dentro. Isso é uma vantagem para o negócio."",
  ""categoria_risco_principal"": ""Problema de preço ou custo"",
  ""probabilidade_sucesso_0_a_100"": 60,
  ""veredito_final"": ""Necessita Pivotagem""
}"
S04,Stripe,Plataforma developer-first de infraestrutura de pagamentos via API,2010,,FinTech B2B,"Fornecedora de infraestrutura financeira B2B. A inovação central é uma arquitetura 'developer-first' (poucas linhas de código para integrar de forma limpa), eliminando a fricção burocrática histórica de conectar um negócio à rede bancária. A receita primária provém de um 'take-rate' (comissão percentual + taxa fixa) sobre o Volume Total de Pagamentos (TPV) transacionado pelos clientes. O modelo foca em adoção bottom-up (conquistar o desenvolvedor primeiro) e escala conforme os clientes crescem, abrindo caminho para up-sell de serviços como billing, prevenção de fraude e emissão de cartões.",Ativa,,,,Redução severa de valuation privado e rodadas de demissões (layoffs) preventivas para ajustar a queima de caixa diante do colapso no volume transacional de empresas de tecnologia (seus principais clientes) num ciclo de alta de juros,Fim do caixa,2022,"A empresa alcançou status de decacórnio privado, captando alguns bilhões de dólares de grandes fundos de tecnologia. A equipe fundadora é composta por jovens prodígios que abandonaram universidades americanas de elite, mas que trazem um histórico de execução raro: ainda na adolescência, construíram e venderam uma ferramenta de software B2B para plataformas de e-commerce por milhões. O setor atacado é um negócio altamente comoditizado (margens finas de processamento) dominado por bancos adquirentes arcaicos e gateways globais pioneiros da internet inicial que possuem volumes transacionais esmagadores.",https://stripe.com/customers/figma;https://www.wsj.com/articles/stripe-cuts-internal-valuation-11667431838;https://techcrunch.com/2022/11/03/stripe-layoffs/;https://www.crunchbase.com/organization/stripe;https://en.wikipedia.org/wiki/Stripe_(company),Concorrência predatória,80.0,Aprovada,"{
  ""analise_problema_mercado"": ""O problema de fricção burocrática histórica em conectar negócios à rede bancária é relevante, especialmente para empresas B2B que necessitam de integrações limpas e eficientes. O segmento de clientes (desenvolvedores) apresenta demanda clara por uma solução mais ágil e escalável."",
  ""analise_solucao_proposta"": ""A proposta de valor única é a arquitetura 'developer-first' que elimina a fricção burocrática, tornando mais fácil para os desenvolvedores integrar as infraestruturas financeiras. A receita primária baseada no TPV transacionado é clara e transparente."",
  ""analise_receitas_custos"": ""A estrutura de custos parece razoável, com receita proveniente de um 'take-rate' sobre o TPV transacionado. O modelo de negócios foca em escalar com os clientes, o que pode gerar fluxos de receita mais estáveis."",
  ""vantagem_injusta"": ""A vantagem competitiva é a arquitetura 'developer-first' que elimina a fricção burocrática e torna mais fácil para os desenvolvedores integrar as infraestruturas financeiras."",
  ""risco_critico"": ""O maior risco estrutural é o modelo de negócios falho, pois a concorrência predatória pode ser um obstáculo significativo. Além disso, a dependência da receita primária do TPV transacionado pode ser um fator crítico."",
  ""analise_equipe"": ""A equipe fundadora tem um histórico de execução raro e experiência em construir e vender uma ferramenta de software B2B. Isso é adequado para o desafio técnico e competitivo descrito."",
  ""categoria_risco_principal"": ""Concorrência predatória"",
  ""probabilidade_sucesso_0_a_100"": 80,
  ""veredito_final"": ""Aprovada""
}",Concorrência predatória,80.0,Aprovada,"{
  ""analise_problema_mercado"": ""O problema do mercado é real, pois a infraestrutura financeira B2B é um setor comummente caracterizado por fricções burocráticas e complexidade em conectar negócios à rede bancária. A demanda por soluções mais eficientes e escaláveis está aumentando, especialmente entre os desenvolvedores de aplicativos que buscam integrar pagamentos de forma limpa e segura. O segmento de clientes está bem definido para sustentar demanda, com empresas de tecnologia e e-commerce em crescimento."",
  ""analise_solucao_proposta"": ""A solução proposta é única e eficaz, pois elimina a fricção burocrática histórica de conectar um negócio à rede bancária. A arquitetura 'developer-first' é uma inovação que atrai desenvolvedores de aplicativos que buscam integrar pagamentos de forma limpa e segura. O modelo de negócios baseado em take-rate sobre o Volume Total de Pagamentos (TPV) transacionado pelos clientes é escalável e pode gerar receita significativa."",
  ""analise_receitas_custos"": ""O modelo econômico faz sentido, pois a receita primária provém de um take-rate sobre o TPV transacionado pelos clientes. Os custos são relativamente baixos, pois a plataforma é baseada em API e não requer uma infraestrutura física complexa. A concorrência é alta, mas a inovação da arquitetura 'developer-first' pode ser um diferencial competitivo."",
  ""vantagem_injusta"": ""A vantagem injusta é a arquitetura 'developer-first', que elimina a fricção burocrática histórica de conectar um negócio à rede bancária e atrai desenvolvedores de aplicativos que buscam integrar pagamentos de forma limpa e segura."",
  ""risco_critico"": ""O maior risco estrutural é a concorrência predatória, pois os gateways globais pioneiros da internet inicial possuem volumes transacionais esmagadores e podem oferecer soluções mais baratas e eficientes."",
  ""analise_equipe"": ""A equipe fundadora tem um histórico de execução raro e experiência em construir e vender uma ferramenta de software B2B para plataformas de e-commerce. Isso é um diferencial competitivo, pois a equipe tem conhecimento do setor e habilidades técnicas para desenvolver a plataforma."",
  ""categoria_risco_principal"": ""Concorrência predatória"",
  ""probabilidade_sucesso_0_a_100"": 80,
  ""veredito_final"": ""Aprovada""
}",Concorrência predatória,30.0,Rejeitada,"{
  ""analise_problema_mercado"": ""O mercado de infraestrutura financeira B2B é altamente comoditizado, com margens finas de processamento e concorrência predatória. A fricção burocrática histórica de conectar um negócio à rede bancária pode ser uma dor para os clientes, mas não é grave o suficiente para justificar a adoção de uma solução mais cara e complexa como a proposta da startup."",
  ""analise_solucao_proposta"": ""A arquitetura 'developer-first' é uma boa inovação, mas não é suficiente para superar a concorrência predatória do mercado. A plataforma precisa ser muito mais escalável e robusta para competir com os gateways globais pioneiros da internet inicial."",
  ""analise_receitas_custos"": ""A receita primária baseada em 'take-rate' sobre o Volume Total de Pagamentos (TPV) transacionado pode não ser suficiente para cobrir os custos operacionais e capital necessários para escalar a plataforma. Além disso, a startup precisa demonstrar como vai gerenciar as taxas fixas e comissões percentuais em um mercado altamente competitivo."",
  ""vantagem_injusta"": ""A vantagem competitiva da startup é sua equipe fundadora jovem e experiente, mas isso não é defensável a longo prazo. A concorrência predatória do mercado pode facilmente atrair desenvolvedores talentosos para suas equipes."",
  ""risco_critico"": ""O risco crítico mais letal é a falta de escala e robustez da plataforma, que pode ser facilmente superada pela concorrência. Se a startup não for capaz de demonstrar uma escalabilidade eficaz, ela corre o risco de perder sua vantagem competitiva."",
  ""analise_equipe"": ""A equipe fundadora é composta por jovens prodígios com um histórico de execução raro, mas isso não é suficiente para garantir o sucesso da startup. A equipe precisa demonstrar que tem a capacidade de gerenciar uma empresa de grande porte e lidar com as complexidades do mercado."",
  ""categoria_risco_principal"": ""Concorrência predatória"",
  ""probabilidade_sucesso_0_a_100"": 30,
  ""veredito_final"": ""Rejeitada""
}",Problema de preço ou custo,60.0,Necessita Pivotagem,"{
  ""analise_problema_mercado"": ""O mercado é grande, com um volume transacional significativo. No entanto, a fricção histórica de conectar negócios à rede bancária é alta e gera custos elevados para os desenvolvedores. A plataforma 'developer-first' pode reduzir essa fricção e atrair clientes que buscam soluções mais eficientes."",
  ""analise_solucao_proposta"": ""A arquitetura 'developer-first' é uma inovação importante, pois elimina a necessidade de conhecimento especializado em tecnologia financeira para integrar a infraestrutura. A complexidade logística e técnica requerida pela solução parece razoável."",
  ""analise_receitas_custos"": ""A receita primária provém do 'take-rate' sobre o Volume Total de Pagamentos (TPV) transacionado, o que é uma estrutura lógica. Não há informações suficientes para calcular CAC ou LTV, mas a margem parece estar relacionada ao volume de pagamentos."",
  ""vantagem_injusta"": ""A vantagem injusta da plataforma é sua capacidade de reduzir a fricção e os custos associados à integração com a infraestrutura financeira. Isso pode ser uma barreira de entrada para concorrentes que não tenham essa mesma abordagem."",
  ""risco_critico"": ""O risco crítico é a falta de evidência sobre como a plataforma se sairá em um mercado dominado por bancos adquirentes arcaicos e gateways globais pioneiros da internet inicial. É necessário mais informações para avaliar o impacto dessas concorrentes no modelo de negócios."",
  ""analise_equipe"": ""A equipe fundadora tem um histórico impressionante de execução, construindo e vendendo uma ferramenta de software B2B por milhões ainda na adolescência. Isso sugere que eles têm a capacidade de liderar o desenvolvimento da plataforma."",
  ""categoria_risco_principal"": ""Problema de preço ou custo"",
  ""probabilidade_sucesso_0_a_100"": 60,
  ""veredito_final"": ""Necessita Pivotagem""
}"
S05,Slack,Hub de comunicação corporativa e integração de fluxos B2B,2009,,SaaS B2B,"Plataforma SaaS de colaboração baseada em tópicos (canais), que centraliza mensagens, arquivos e conecta APIs de ferramentas de trabalho de terceiros em um único ambiente. A estratégia comercial é um 'Product-Led Growth' (PLG) puramente bottom-up: as equipes começam a usar a ferramenta gratuitamente por conta própria e, ao atingirem os limites de busca ou necessitarem de segurança corporativa e integrações, forçam a diretoria a pagar a assinatura recorrente por usuário.",Ativa,,,,Aquisição multibilionária por uma gigante de software em nuvem (focada em vendas/CRM) como estratégia de sobrevivência e distribuição em resposta à pressão asfixiante de uma suíte de produtividade concorrente,Concorrência predatória,2020,"A startup captou mais de um bilhão de dólares em venture capital. A origem da tecnologia é um clássico pivot: o produto nasceu como uma ferramenta interna de chat construída pelos engenheiros para coordenar o desenvolvimento de um estúdio de videogames que acabou falindo. A equipe é liderada por um empreendedor atípico (com graduação em filosofia), mas que possui no currículo a fundação e venda de uma das primeiras e maiores plataformas de fotos da era Web 2.0. O desafio de mercado é letal: eles vendem um software avulso premium ('best-of-breed') concorrendo diretamente contra uma ferramenta semelhante empurrada de graça (bundled) pela maior Big Tech de infraestrutura corporativa e sistemas operacionais do mundo.",https://techcrunch.com/2014/02/12/slack-exits-beta/;https://www.nytimes.com/2020/12/01/technology/salesforce-slack-deal.html;https://hbr.org/2021/07/what-salesforces-acquisition-of-slack-means-for-the-future-of-work;https://tracxn.com/d/companies/slack/__1smzz0sCOc6tXojwiPrIG-8Pwh9_z7QN7cXxNCyA5VE;https://en.wikipedia.org/wiki/Slack_Technologies;https://en.wikipedia.org/wiki/Stewart_Butterfield,Concorrência predatória,60.0,Aprovada,"{
  ""analise_problema_mercado"": ""O problema de comunicação e integração de fluxos B2B é um desafio comum em empresas, especialmente após a pandemia de COVID-19. A demanda por soluções de colaboração eficazes e integradas é clara. O mercado está maduro para uma plataforma que possa centralizar mensagens, arquivos e conectividade de APIs de ferramentas de trabalho."",
  ""analise_solucao_proposta"": ""A proposta de valor da startup é única: uma plataforma SaaS de colaboração baseada em tópicos (canais) que integra múltiplas ferramentas de trabalho. A estratégia PLG bottom-up é inovadora e pode atrair equipes que buscam soluções eficazes."",
  ""analise_receitas_custos"": ""A receita vem da assinatura recorrente por usuário, o que é uma estrutura de custo razoável. A startup captou um bilhão de dólares em venture capital, o que permite investir em marketing e desenvolvimento."",
  ""vantagem_injusta"": ""A vantagem competitiva da startup é a sua capacidade de se adaptar às necessidades específicas das equipes e departamentos dentro de uma empresa. A integração com APIs de ferramentas de trabalho é um diferencial importante."",
  ""risco_critico"": ""O maior risco estrutural é a concorrência predatória da Big Tech, que oferece uma ferramenta semelhante em sua infraestrutura corporativa e sistemas operacionais. A startup precisa demonstrar valor único e justificar o custo de usar sua plataforma."",
  ""analise_equipe"": ""A equipe liderada pelo empreendedor atípico com experiência em fundação e venda de uma das primeiras plataformas de fotos da era Web 2.0 é adequada para o desafio técnico e competitivo descrito."",
  ""categoria_risco_principal"": ""Concorrência predatória"",
  ""probabilidade_sucesso_0_a_100"": 60,
  ""veredito_final"": ""Aprovada""
}",Concorrência predatória,60.0,Necessita Pivotagem,"{
  ""analise_problema_mercado"": ""O problema do mercado é real, pois as empresas B2B enfrentam desafios de comunicação e colaboração dentro das equipes e com parceiros. A concorrência é feroz, mas a startup tem uma oportunidade para se destacar com sua abordagem 'Product-Led Growth' (PLG) e foco em tópicos (canais). O segmento de clientes está bem definido para sustentar demanda."",
  ""analise_solucao_proposta"": ""A solução e a proposta de valor única resolvem o problema do cliente de forma eficaz e executável. A plataforma SaaS centraliza mensagens, arquivos e conecta APIs de ferramentas de trabalho de terceiros em um único ambiente, tornando-a uma opção atraente para equipes que buscam uma solução mais eficiente."",
  ""analise_receitas_custos"": ""O modelo econômico faz sentido, com receita esperada por assinatura recorrente por usuário. A estrutura de custos é razoável, considerando o investimento em desenvolvimento e marketing. No entanto, a concorrência é feroz e pode afetar as receitas."",
  ""vantagem_injusta"": ""A vantagem injusta da startup é sua experiência em fundação e venda de uma plataforma de fotos da era Web 2.0, o que lhe permite aplicar conhecimentos e habilidades para desenvolver a plataforma de comunicação corporativa."",
  ""risco_critico"": ""O maior risco estrutural é a concorrência predatória da Big Tech, que pode oferecer uma ferramenta semelhante empurrada de graça (bundled) e afetar as receitas da startup."",
  ""analise_equipe"": ""A equipe tem experiência em desenvolvimento de software e marketing, mas o líder é um empreendedor atípico com graduação em filosofia. Embora isso possa ser um diferencial, também pode ser um risco se a equipe não tiver habilidades técnicas suficientes para lidar com as demandas do mercado."",
  ""categoria_risco_principal"": ""Concorrência predatória"",
  ""probabilidade_sucesso_0_a_100"": 60,
  ""veredito_final"": ""Necessita Pivotagem""
}",Concorrência predatória,20.0,Rejeitada,"{
  ""analise_problema_mercado"": ""O problema não é grave o suficiente para os clientes pagarem por uma solução. A concorrência predatória da Big Tech, que oferece a ferramenta de graça, torna difícil justificar um custo para a startup. Além disso, as equipes podem simplesmente usar as ferramentas de trabalho de terceiros gratuitamente, o que reduz a necessidade de uma plataforma centralizada."",
  ""analise_solucao_proposta"": ""A solução proposta é falha porque não oferece uma vantagem competitiva clara em relação à concorrência. A estratégia PLG pode funcionar no curto prazo, mas não é sustentável a longo prazo. Além disso, a plataforma não apresenta um atrito de adoção insuperável frente às alternativas lógicas do mercado."",
  ""analise_receitas_custos"": ""A subestimação dos custos é evidente. A startup precisa investir em marketing e publicidade para atrair clientes, o que aumentará os custos. Além disso, a concorrência predatória da Big Tech pode levar à perda de receita."",
  ""vantagem_injusta"": ""A suposta vantagem competitiva é a integração com APIs de ferramentas de trabalho de terceiros. No entanto, essa vantagem não é defensável e será facilmente superada pela concorrência."",
  ""risco_critico"": ""O risco crítico é a concorrência predatória da Big Tech, que oferece a ferramenta de graça. Isso pode levar à perda de receita e à falência da startup."",
  ""analise_equipe"": ""A equipe não tem experiência suficiente em desenvolvimento de software corporativo e PLG. O empreendedor atípico, embora tenha um currículo impressionante, não é o ideal para liderar uma startup de tecnologia."",
  ""categoria_risco_principal"": ""Concorrência predatória"",
  ""probabilidade_sucesso_0_a_100"": 20,
  ""veredito_final"": ""Rejeitada""
}",Concorrência predatória,30.0,Rejeitada,"{
  ""analise_problema_mercado"": ""O mercado é letal, com concorrência direta da Big Tech oferecendo uma ferramenta semelhante de graça. A fricção mecânica para aquisição desses clientes é alta, pois eles precisam justificar o custo da assinatura recorrente per capita."",
  ""analise_solucao_proposta"": ""A solução proposta é complexa em termos logísticos e técnicos, requerendo integração com APIs de ferramentas de trabalho de terceiros. A estrutura de infraestrutura necessária para suportar a escala é desconhecida."",
  ""analise_receitas_custos"": ""A lógica estrutural da monetização é baseada em um modelo de assinatura recorrente per capita, o que pode ser difícil de justificar para os clientes. A relação entre estrutura de custos e fluxos de receita não está clara."",
  ""vantagem_injusta"": ""A vantagem injusta do negócio é a experiência do fundador em vender uma plataforma de fotos da era Web 2.0, o que pode ser um ativo valioso para a startup."",
  ""risco_critico"": ""O risco crítico é a concorrência direta da Big Tech oferecendo uma ferramenta semelhante de graça, o que pode tornar difícil justificar o custo da assinatura recorrente per capita."",
  ""analise_equipe"": ""A equipe liderada pelo empreendedor atípico com experiência em vender plataformas de fotos tem um histórico interessante, mas é desconhecido se isso é suficiente para lidar com o desafio técnico e competitivo do mercado."",
  ""categoria_risco_principal"": ""Concorrência predatória"",
  ""probabilidade_sucesso_0_a_100"": 30,
  ""veredito_final"": ""Rejeitada""
}"
S06,WeWork,"Plataforma de ""Space-as-a-Service"" e arbitragem imobiliária corporativa",2010,,PropTech / Real Estate SaaS,"Modelo financeiro baseado estritamente em arbitragem de prazos e alavancagem: a startup assume passivos bilionários ao assinar contratos de locação comercial de longuíssimo prazo (10 a 15 anos) e subloca esses mesmos espaços de forma fracionada em contratos de curtíssimo prazo (mensais) para autônomos e empresas. Embora se posicione no mercado como uma plataforma de tecnologia de comunidade (SaaS), a operação possui margens de mundo físico, exigindo queima de capital massiva e constante para mobiliar e reformar grandes edifícios ao redor do globo.",Ativa,,,,"Tentativa frustrada de abertura de capital (IPO) onde a divulgação do prospecto financeiro revelou governança caótica e margens insustentáveis, culminando no colapso do valuation e saída do CEO",Fim do caixa,2019,"A empresa levantou mais de uma dezena de bilhões de dólares impulsionada por um único mega-fundo de risco corporativo, focando em hiper-expansão global a qualquer custo (blitzscaling). O perfil da equipe expõe contrastes: o CEO é um vendedor carismático que anteriormente faliu um pequeno e-commerce de vestuário de nicho (sem formação em software ou finanças institucionais); já o cofundador traz o lado técnico com forte formação acadêmica em arquitetura de interiores comerciais. O mercado atacado é o setor de Real Estate tradicional, onde concorrem contra locadores de escritórios executivos que operam de forma idêntica há décadas, mas sem se autodenominarem empresas de tecnologia."," ""https://www.reuters.com/article/us-wework-funding-idUSKBN1W92V6;https://www.wsj.com/articles/weworks-neumann-to-step-down-as-ceo-11569234098;https://www.nytimes.com/2019/09/18/business/wework-ipo.html;https://hbr.org/2020/02/weworks-fall-shows-how-not-to-lead-a-company;https://en.wikipedia.org/wiki/WeWork;https://www.crunchbase.com/organization/wework""",Fim do caixa,30.0,Rejeitada,"{
  ""analise_problema_mercado"": ""O problema descrito é relevante e o segmento de clientes (autônomos e empresas) apresenta demanda clara por espaços flexíveis e eficientes. No entanto, a concorrência tradicional no setor de Real Estate pode ser um obstáculo."",
  ""analise_solucao_proposta"": ""A proposta de valor única é a arbitragem imobiliária corporativa, que pode gerar margens significativas. No entanto, a estrutura de custos e receita apresenta riscos significativos, especialmente com a necessidade de queima de capital massiva para mobiliar e reformar edifícios."",
  ""analise_receitas_custos"": ""A estrutura de custos é complexa e depende da capacidade da empresa em gerenciar os passivos bilionários. A receita provém principalmente da diferença entre a renda dos contratos de longo prazo e os curto prazos, o que pode ser afetado por fatores como a taxa de ocupação e a concorrência."",
  ""vantagem_injusta"": ""A vantagem competitiva é a capacidade da empresa em gerenciar passivos bilionários e sublocar espaços de forma fracionada. No entanto, essa vantagem pode ser neutralizada pela concorrência tradicional no setor de Real Estate."",
  ""risco_critico"": ""O maior risco estrutural é a capacidade da empresa em gerenciar os passivos bilionários e evitar perdas significativas. A queima de capital massiva também é um ponto de falha importante."",
  ""analise_equipe"": ""A equipe apresenta contrastes, com o CEO tendo experiência em vendas, mas sem formação em software ou finanças institucionais. O cofundador tem formação acadêmica em arquitetura de interiores comerciais, mas a falta de experiência em negócios de tecnologia pode ser um obstáculo."",
  ""categoria_risco_principal"": ""Fim do caixa"",
  ""probabilidade_sucesso_0_a_100"": 30,
  ""veredito_final"": ""Rejeitada""
}",Fim do caixa,20.0,Rejeitada,"{
  ""analise_problema_mercado"": ""O problema do mercado é real e relevante, pois a demanda por espaços flexíveis e compartilhados está aumentando em virtude da mudança nos hábitos profissionais e da necessidade de reduzir custos. No entanto, o segmento de clientes não está bem definido, pois a startup se concentra apenas em autônomos e empresas, ignorando outros grupos de interessados, como startups e freelancers."",
  ""analise_solucao_proposta"": ""A solução e proposta de valor única são frágeis, pois a arbitragem de prazos e alavancagem é um modelo financeiro arriscado e dependente da capacidade da startup em gerenciar grandes volumes de capital. Além disso, a plataforma SaaS não é suficientemente robusta para suportar as complexidades do mundo físico."",
  ""analise_receitas_custos"": ""O modelo econômico é frágil e dependente da capacidade da startup em gerenciar grandes volumes de capital. A estrutura de custos é alta, pois a empresa precisa investir massivamente em mobiliário e reformas para manter os espaços. A concorrência também é intensa, pois os locadores tradicionais estão se adaptando às novas necessidades do mercado."",
  ""vantagem_injusta"": ""A vantagem injusta da startup é a capacidade de gerenciar grandes volumes de capital e a expansão global em curto prazo. No entanto, essa vantagem pode ser facilmente replicada por outros investidores ou empresas com mais experiência no setor."",
  ""risco_critico"": ""O maior risco estrutural é a falta de experiência dos fundadores em software e finanças institucionais, o que pode levar à falha na gestão do capital e da plataforma SaaS."",
  ""analise_equipe"": ""A equipe não tem experiência adequada para lidar com os desafios técnicos e financeiros do negócio. O CEO é um vendedor carismático, mas sem formação em software ou finanças institucionais, o que pode levar à falta de visão estratégica e gestão eficaz."",
  ""categoria_risco_principal"": ""Fim do caixa"",
  ""probabilidade_sucesso_0_a_100"": 20,
  ""veredito_final"": ""Rejeitada""
}",Fim do caixa,20.0,Rejeitada,"{
  ""analise_problema_mercado"": ""O problema não é grave o suficiente para os clientes pagarem por uma solução. A arbitragem imobiliária corporativa é um modelo financeiro complexo que pode ser replicado por qualquer empresa de locação comercial tradicional, sem a necessidade de tecnologia especializada ou comunidade online. Além disso, a concorrência predatória do setor de Real Estate tradicional e a falta de diferenciação da startup em relação às empresas de locação existentes tornam difícil justificar o valor agregado da plataforma."",
  ""analise_solucao_proposta"": ""A solução proposta é falha. A estratégia de blitzscaling com investimento massivo em imóveis e reformas não é sustentável financeiramente, pois a startup precisa de uma fonte contínua de capital para manter a operação. Além disso, a falta de experiência do CEO em software ou finanças institucionais e o perfil da equipe expõem riscos significativos de falha."",
  ""analise_receitas_custos"": ""A subestimação dos custos é evidente. A startup precisa de uma fonte contínua de capital para manter a operação, o que torna difícil justificar as receitas previstas. Além disso, a necessidade de queima de capital massiva e constante para mobiliar e reformar grandes edifícios ao redor do globo é um risco crítico."",
  ""vantagem_injusta"": ""A suposta vantagem competitiva da startup não é defensável. A falta de experiência do CEO em software ou finanças institucionais e o perfil da equipe expõem riscos significativos de falha, tornando difícil justificar a escolha da startup como uma opção viável."",
  ""risco_critico"": ""O maior risco estrutural é a falta de experiência do CEO em software ou finanças institucionais e o perfil da equipe expõem riscos significativos de falha. A startup não tem a capacidade técnica e financeira para lidar com as complexidades do modelo financeiro e a concorrência predatória do setor de Real Estate tradicional."",
  ""analise_equipe"": ""A equipe não é adequada para o desafio técnico e competitivo descrito. O CEO não tem experiência em software ou finanças institucionais, e o cofundador traz apenas formação acadêmica em arquitetura de interiores comerciais, o que não é suficiente para lidar com as complexidades do modelo financeiro."",
  ""categoria_risco_principal"": ""Fim do caixa"",
  ""probabilidade_sucesso_0_a_100"": 20,
  ""veredito_final"": ""Rejeitada""
}",Problema de preço ou custo,30.0,Rejeitada,"{
  ""analise_problema_mercado"": ""O mercado de PropTech em 2019 é relativamente novo e em crescimento, mas a concorrência é intensa. A startup está se posicionar como uma plataforma de tecnologia de comunidade (SaaS), o que pode atrair clientes mais flexíveis e dispostos a mudanças. No entanto, a operação física envolvida na mobíliação e reforma de edifícios é um fator crítico que aumenta os custos e reduz as margens."",
  ""analise_solucao_proposta"": ""A proposta de 'Space-as-a-Service' e arbitragem imobiliária corporativa apresenta uma complexidade logística e infraestrutural significativas, especialmente considerando a necessidade de mobíliação e reforma de edifícios. A startup precisa de uma estrutura robusta para gerenciar essas operações."",
  ""analise_receitas_custos"": ""A lógica estrutural da monetização é baseada em arbitragem de prazos e alavancagem, o que pode ser arriscado. A relação entre estrutura de custos e fluxos de receita não está clara, pois a startup assume passivos bilionários e precisa de uma queima de capital massiva para mobiliar e reformar edifícios."",
  ""vantagem_injusta"": ""A vantagem injusta é a capacidade da startup em mobilizar e reformar grandes edifícios ao redor do globo, o que pode ser um obstáculo para concorrentes tradicionais de locação comercial."",
  ""risco_critico"": ""O risco crítico é a falta de experiência financeira e técnica dos fundadores em software e finanças institucionais. A startup está se baseando em uma única mega-fundo de risco corporativo, o que pode ser um fator de instabilidade."",
  ""analise_equipe"": ""A equipe apresenta contrastes entre o CEO, um vendedor carismático com experiência em marketing e vendas, e o cofundador, um arquiteto de interiores comercial com formação acadêmica. Embora tenham habilidades diferentes, a falta de experiência financeira e técnica pode ser um obstáculo para o sucesso da startup."",
  ""categoria_risco_principal"": ""Problema de preço ou custo"",
  ""probabilidade_sucesso_0_a_100"": 30,
  ""veredito_final"": ""Rejeitada""
}"
S07,Canva,Plataforma SaaS freemium de criação visual e editoração,2013,,Creative SaaS,"Plataforma em nuvem focada em democratizar a editoração visual. Substitui o uso de softwares complexos de instalação local por um sistema de templates pré-montados e interface drag-and-drop nativa diretamente no navegador. A estratégia de go-to-market é fortemente ancorada no modelo Freemium: atrai tráfego massivo com ferramentas gratuitas de alta qualidade e gera receita através de assinaturas recorrentes (SaaS) que desbloqueiam ativos visuais premium, ferramentas de marca e recursos de colaboração multijogador para equipes corporativas.",Ativa,,,,Pressão competitiva extrema gerada pela entrada agressiva de grandes players e pela expansão de ferramentas de design embutidas em plataformas amplas de sistemas operacionais e pacotes de escritório,Concorrência predatória,2023,"A startup levantou mais de meio bilhão de dólares em venture capital. A equipe fundadora possui forte adequação ao problema: dois fundadores operaram com sucesso (bootstrap) uma plataforma rentável de nicho para publicações educacionais impressas enquanto ainda estavam na faculdade; o terceiro cofundador (CTO) traz o rigor técnico de engenharia e design de produto, tendo atuado previamente em uma das maiores Big Techs de busca e publicidade do mundo. O desafio competitivo é letal: a startup ataca frontalmente o modelo de negócios da corporação monopolista histórica de softwares criativos para profissionais, ao mesmo tempo em que precisa se defender de Big Techs de produtividade corporativa que passaram a embutir ferramentas clonadas de design dentro de seus pacotes tradicionais de escritório.",https://www.canva.com/newsroom/news/canva-story/;https://www.ft.com/content/ba2a4f3e-0c5a-4f6a-9b9d-6a3f5b7d9c2a;https://techcrunch.com/2023/03/23/canva-ai-features-visual-worksuite/,Concorrência predatória,70.0,Aprovada,"{
  ""analise_problema_mercado"": ""O problema da editoração visual é relevante e o segmento de clientes (profissionais e equipes corporativas) apresenta demanda clara por ferramentas mais fáceis de usar e mais eficientes. A democratização da editoração visual é uma oportunidade significativa."",
  ""analise_solucao_proposta"": ""A proposta de valor única é a oferta de uma plataforma SaaS freemium que substitui softwares complexos por templates pré-montados e interface drag-and-drop, tornando mais acessível a editoração visual para equipes corporativas. A estratégia Freemium é clara e pode atrair tráfego massivo."",
  ""analise_receitas_custos"": ""A estrutura de custos parece razoável, com receita gerada por assinaturas recorrentes (SaaS) que desbloqueiam ativos visuais premium. A startup levantou mais de meio bilhão de dólares em venture capital, o que pode ajudar a cobrir os custos iniciais."",
  ""vantagem_injusta"": ""A vantagem competitiva é a experiência e expertise da equipe fundadora em editoração visual e design de produto, juntamente com a capacidade de se defender contra Big Techs de produtividade corporativa que clonaram ferramentas de design."",
  ""risco_critico"": ""O maior risco estrutural é o desafio competitivo letal da corporação monopolista histórica de softwares criativos para profissionais e a concorrência predatória dos Big Techs de produtividade corporativa que clonaram ferramentas de design."",
  ""analise_equipe"": ""A equipe fundadora apresenta forte adequação ao problema, com experiência em editoração visual e design de produto. O CTO traz o rigor técnico necessário para desenvolver a plataforma."",
  ""categoria_risco_principal"": ""Concorrência predatória"",
  ""probabilidade_sucesso_0_a_100"": 70,
  ""veredito_final"": ""Aprovada""
}",Concorrência predatória,80.0,Aprovada,"{
  ""analise_problema_mercado"": ""O problema do mercado é real e relevante, pois a democratização da editoração visual é uma necessidade sentida por muitos profissionais e empresas que buscam criar conteúdo de alta qualidade sem precisar investir em softwares complexos. O segmento de clientes está bem definido para sustentar demanda, com foco em equipes corporativas e freelancers que buscam soluções eficazes para a criação visual."",
  ""analise_solucao_proposta"": ""A solução e proposta de valor única resolvem o problema do cliente de forma eficaz e executável. A plataforma SaaS freemium oferece uma experiência intuitiva e fácil de usar, substituindo softwares complexos por templates pré-montados e interface drag-and-drop. A estratégia de go-to-market é forte e baseada no modelo Freemium."",
  ""analise_receitas_custos"": ""O modelo econômico faz sentido, com receita esperada através de assinaturas recorrentes (SaaS) que desbloqueiam ativos visuais premium, ferramentas de marca e recursos de colaboração multijogador para equipes corporativas. Os custos são controlados graças à estrutura de nuvem e ao modelo Freemium."",
  ""vantagem_injusta"": ""A vantagem injusta é a combinação da experiência fundadora em nicho de publicações educacionais impressas, o rigor técnico do CTO e a capacidade de design de produto. Isso permite uma compreensão profunda dos desafios e necessidades do mercado."",
  ""risco_critico"": ""O maior risco estrutural é a concorrência predatória da corporação monopolista histórica de softwares criativos para profissionais, que pode clonar as ferramentas da startup. Além disso, o Big Techs de produtividade corporativa podem embutir ferramentas clonadas de design dentro de seus pacotes tradicionais de escritório."",
  ""analise_equipe"": ""A equipe fundadora tem experiência e histórico adequados para o desafio técnico e competitivo descrito. A combinação da experiência em nicho, rigor técnico e capacidade de design de produto é uma vantagem injusta."",
  ""categoria_risco_principal"": ""Concorrência predatória"",
  ""probabilidade_sucesso_0_a_100"": 80,
  ""veredito_final"": ""Aprovada""
}",Fim do caixa,20.0,Rejeitada,"{
  ""analise_problema_mercado"": ""O problema não é grave o suficiente para os clientes pagarem por uma solução, pois as ferramentas gratuitas de alta qualidade são amplamente disponíveis em plataformas como Canva e Adobe Spark. Além disso, a concorrência predatória do mercado de softwares criativos para profissionais e Big Techs de produtividade corporativa que oferecem ferramentas clonadas de design dentro de seus pacotes tradicionais de escritório torna difícil para a startup se destacar."",
  ""analise_solucao_proposta"": ""A solução proposta é insuficiente, pois não apresenta uma vantagem competitiva significativa em relação às plataformas existentes. A interface drag-and-drop nativa diretamente no navegador pode ser útil, mas não é suficiente para justificar a assinatura recorrente (SaaS) necessária para desbloquear ativos visuais premium e ferramentas de marca."",
  ""analise_receitas_custos"": ""A subestimação de custos é evidente, pois a startup levantou mais de meio bilhão de dólares em venture capital sem apresentar um plano de receita claro. Além disso, o modelo Freemium pode não ser viável no longo prazo, pois as empresas podem se tornar dependentes das ferramentas gratuitas e não estar dispostas a pagar por uma solução mais robusta."",
  ""vantagem_injusta"": ""A suposta vantagem competitiva da startup é a democratização da editoração visual, mas essa vantagem não é defensável a longo prazo. As Big Techs de produtividade corporativa podem clonar facilmente as ferramentas e oferecê-las como parte de seus pacotes tradicionais de escritório."",
  ""risco_critico"": ""O risco crítico mais letal é o modelo Freemium, que pode não ser viável no longo prazo. Se as empresas se tornarem dependentes das ferramentas gratuitas e não estiverem dispostas a pagar por uma solução mais robusta, a startup pode perder sua base de receita."",
  ""analise_equipe"": ""A equipe fundadora tem experiência em operar com sucesso uma plataforma rentável de nicho para publicações educacionais impressas e o CTO traz o rigor técnico de engenharia e design de produto. No entanto, a adequação ao problema é questionável, pois a startup ataca frontalmente o modelo de negócios da corporação monopolista histórica de softwares criativos para profissionais."",
  ""categoria_risco_principal"": ""Fim do caixa"",
  ""probabilidade_sucesso_0_a_100"": 20,
  ""veredito_final"": ""Rejeitada""
}",Concorrência predatória,60.0,Necessita Pivotagem,"{
  ""analise_problema_mercado"": ""O mercado é grande e em crescimento, com a democratização da editoração visual sendo uma tendência crescente. A plataforma SaaS freemium pode atrair um grande número de usuários, mas a concorrência é letal. O tamanho do mercado é estimado em bilhões de dólares."",
  ""analise_solucao_proposta"": ""A solução proposta é complexa e requer uma infraestrutura robusta para suportar o tráfego massivo. A interface drag-and-drop nativa diretamente no navegador é um ponto forte, mas a substituição dos softwares complexos de instalação local pode ser um desafio."",
  ""analise_receitas_custos"": ""A monetização pela assinatura recorrente (SaaS) é uma estratégia razoável. A relação entre os custos e as receitas parece equilibrada, mas a margem de lucro precisa ser melhor estimada."",
  ""vantagem_injusta"": ""A vantagem injusta da startup é sua equipe fundadora com experiência em negócios e tecnologia. O CTO traz o rigor técnico de engenharia e design de produto, enquanto os outros dois cofundadores têm experiência em negócios e marketing."",
  ""risco_critico"": ""O risco crítico é a concorrência letal do mercado. A startup precisa se defender de Big Techs que passaram a embutir ferramentas clonadas de design dentro de seus pacotes tradicionais de escritório."",
  ""analise_equipe"": ""A equipe fundadora tem experiência e habilidades adequadas para o desafio técnico e competitivo. O CTO é um ponto forte, enquanto os outros dois cofundadores têm experiência em negócios e marketing."",
  ""categoria_risco_principal"": ""Concorrência predatória"",
  ""probabilidade_sucesso_0_a_100"": 60,
  ""veredito_final"": ""Necessita Pivotagem""
}"
S08,Spotify,Plataforma global de streaming de áudio on-demand,2006,,MediaTech SaaS,"Serviço de streaming de mídia operando sob modelo Freemium. A monetização ocorre por meio de publicidade (no tier gratuito para aquisição massiva de usuários no topo de funil) e assinaturas mensais recorrentes (tier premium). A estrutura econômica possui uma vulnerabilidade crítica: as margens brutas são estruturalmente limitadas pelo pagamento contínuo de royalties atrelados ao consumo (custo variável puro), devidos a um oligopólio de detentores de direitos autorais que controlam os catálogos indispensáveis para o serviço funcionar.",Ativa,,,,"Forte pressão estrutural sobre as margens de lucro devido aos altíssimos custos de licenciamento atrelados ao volume de uso, gerando dependência crônica de renegociações com detentores de direitos",Problema de preço ou custo,2022,A companhia levantou alguns bilhões de dólares em capital de risco e dívida corporativa. A equipe fundadora é formada por dois experientes empreendedores europeus: um prodígio técnico que atuou como CEO de uma célebre e controversa rede global de compartilhamento descentralizado de arquivos P2P (trazendo profunda expertise em arquitetura de distribuição em rede) e fundou negócios de ad-tech; e um executivo que construiu e levou uma gigante do marketing de afiliados ao IPO. O cenário competitivo é predatório: a startup enfrenta megacorporações globais fabricantes de smartphones e gigantes do e-commerce que oferecem serviços de áudio concorrentes como 'loss leaders' (produtos subsidiados intencionalmente no prejuízo) apenas para reter consumidores em seus próprios ecossistemas trilionários.,https://newsroom.spotify.com/company-info/;https://www.wsj.com/articles/spotify-profit-margins-music-royalties-11670958002;https://www.ft.com/content/8b6d3f5e-5c1b-4f3e-9c2d-3c9b1f6a2b7e;https://www.crunchbase.com/organization/spotify;https://en.wikipedia.org/wiki/Spotify;https://en.wikipedia.org/wiki/Daniel_Ek,Concorrência predatória,60.0,Necessita Pivotagem,"{
  ""analise_problema_mercado"": ""O problema da concorrência predatória e a necessidade de se diferenciar do mercado é claro, mas o segmento de clientes parece ter demanda clara para um serviço de streaming de áudio on-demand. A relevância do problema é alta."",
  ""analise_solucao_proposta"": ""A proposta de valor única da plataforma está em sua capacidade de fornecer conteúdo exclusivo e personalizado, mas a estrutura econômica é vulnerável às margens brutas limitadas pelo pagamento de royalties. A clareza da proposta de valor é média."",
  ""analise_receitas_custos"": ""A receita vem principalmente de publicidade e assinaturas mensais recorrentes, enquanto os custos são compostos por royalties e outros gastos operacionais. A estrutura de custos é complexa e pode ser difícil de gerenciar."",
  ""vantagem_injusta"": ""A expertise em arquitetura de distribuição em rede do CEO fundador é uma vantagem competitiva importante, pois permite à empresa lidar com a concorrência predatória."",
  ""risco_critico"": ""O maior risco estrutural é a vulnerabilidade crítica das margens brutas limitadas pelo pagamento de royalties. Isso pode afetar negativamente a capacidade da empresa de gerenciar seus custos e lucrar com o seu modelo de negócios."",
  ""analise_equipe"": ""A equipe fundadora tem experiência empreendedora e técnica, mas é questionável se eles têm suficiente expertise para lidar com as complexidades do mercado de streaming de áudio on-demand. A avaliação da equipe é média."",
  ""categoria_risco_principal"": ""Concorrência predatória"",
  ""probabilidade_sucesso_0_a_100"": 60,
  ""veredito_final"": ""Necessita Pivotagem""
}",Concorrência predatória,60.0,Rejeitada,"{
  ""analise_problema_mercado"": ""O problema do mercado é real e relevante, pois a demanda por serviços de streaming de áudio on-demand está em constante crescimento. No entanto, o segmento de clientes não está bem definido para sustentar demanda, pois as opções concorrentes são abundantes e os preços são competitivos."",
  ""analise_solucao_proposta"": ""A solução e a proposta de valor única resolvem o problema do cliente de forma eficaz e executável. A plataforma de streaming oferece uma variedade de conteúdo e é fácil de usar, o que atrai usuários. No entanto, a vulnerabilidade crítica das margens brutas limitadas pelo pagamento de royalties pode ser um obstáculo."",
  ""analise_receitas_custos"": ""O modelo econômico não parece muito sustentável, pois as receitas são dependentes da quantidade de conteúdo disponível e do nível de concorrência. Além disso, os custos variáveis puros (royalties) podem ser um desafio para a empresa."",
  ""vantagem_injusta"": ""A vantagem injusta é a expertise em arquitetura de distribuição em rede do CEO fundador, que pode permitir uma melhor gestão dos fluxos de dados e reduzir os custos de armazenamento e processamento."",
  ""risco_critico"": ""O maior risco estrutural é a dependência das margens brutas limitadas pelo pagamento de royalties. Se as empresas detentoras de direitos autorais aumentarem seus preços ou mudarem suas políticas, isso pode afetar significativamente a receita da empresa."",
  ""analise_equipe"": ""A equipe fundadora tem experiência empreendedora e técnica, o que é positivo. No entanto, a falta de experiência direta na indústria de mídia e tecnologia pode ser um obstáculo para a empresa."",
  ""categoria_risco_principal"": ""Concorrência predatória"",
  ""probabilidade_sucesso_0_a_100"": 60,
  ""veredito_final"": ""Rejeitada""
}",Fim do caixa,20.0,Rejeitada,"{
  ""analise_problema_mercado"": ""O problema não é grave o suficiente para os clientes pagarem por uma solução de streaming on-demand, especialmente quando as megacorporações globais oferecem serviços concorrentes como 'loss leaders' e a concorrência predatória é intensa. Além disso, a estrutura econômica da plataforma, com royalties contínuos para os detentores de direitos autorais, pode ser um obstáculo significativo para a viabilidade da startup."",
  ""analise_solucao_proposta"": ""A solução proposta é falha porque não há uma vantagem competitiva clara e defendável. A plataforma depende do modelo Freemium, que é suscetível a mudanças no comportamento dos usuários e na concorrência predatória. Além disso, o pagamento de royalties contínuos pode ser um obstáculo para a viabilidade da startup."",
  ""analise_receitas_custos"": ""A receita apresentada é insuficiente porque não há uma estimativa precisa do custo variável puro das royalties. Além disso, a estrutura econômica da plataforma pode ser vulnerável a mudanças no mercado e na concorrência."",
  ""vantagem_injusta"": ""A suposta vantagem competitiva é a expertise em arquitetura de distribuição em rede do CEO, mas isso não é suficiente para defender a startup contra as megacorporações globais. Além disso, o modelo Freemium pode ser facilmente replicado por concorrentes."",
  ""risco_critico"": ""O risco crítico é a dependência contínua de royalties para os detentores de direitos autorais, que podem mudar as regras do jogo ou aumentar os preços em qualquer momento. Isso pode levar à falência da startup."",
  ""analise_equipe"": ""A equipe fundadora tem experiência empreendedora e técnica, mas não há uma demonstração clara de como essa experiência será aplicada para superar a concorrência predatória e as limitações estruturais da plataforma."",
  ""categoria_risco_principal"": ""Fim do caixa"",
  ""probabilidade_sucesso_0_a_100"": 20,
  ""veredito_final"": ""Rejeitada""
}",Problema de preço ou custo,40.0,Rejeitada,"{
  ""analise_problema_mercado"": ""O mercado é grande, mas a concorrência é predatória e o modelo de negócios é frágil. A plataforma precisa conquistar um nicho significativo para sobreviver."",
  ""analise_solucao_proposta"": ""A solução proposta é complexa em termos logísticos e técnicos, com royalties contínuas que afetam as margens brutas. A estrutura de infraestrutura e técnica requerida é substancial."",
  ""analise_receitas_custos"": ""O modelo de monetização é frágil, com receita dependente da publicidade e assinaturas recorrentes. As margens brutas são limitadas pelo pagamento contínuo de royalties. A estrutura de custos é desconhecida, mas a lógica estrutural da monetização é questionável."",
  ""vantagem_injusta"": ""A equipe fundadora tem experiência empreendedora e técnica, o que pode ser uma vantagem injusta para competir com megacorporações. A expertise em arquitetura de distribuição em rede do prodígio técnico é particularmente valiosa."",
  ""risco_critico"": ""O risco crítico é a dependência contínua de royalties, que pode afetar as margens brutas e a sustentabilidade financeira da empresa. A falta de transparência sobre a estrutura de custos também é um fator de preocupação."",
  ""analise_equipe"": ""A equipe fundadora tem experiência empreendedora e técnica, o que é uma vantagem para competir com megacorporações. No entanto, a falta de experiência em gestão de negócios em larga escala pode ser um obstáculo."",
  ""categoria_risco_principal"": ""Problema de preço ou custo"",
  ""probabilidade_sucesso_0_a_100"": 40,
  ""veredito_final"": ""Rejeitada""
}"
S09,Shopify,Plataforma SaaS de infraestrutura (OS) para comércio eletrônico,2006,,SaaS / Commerce Infrastructure,Plataforma em nuvem que fornece a infraestrutura completa para lojistas criarem e gerenciarem suas próprias lojas virtuais independentes. A monetização possui um mecanismo duplo altamente escalável: uma base previsível de assinaturas mensais recorrentes (SaaS) combinada a um 'take-rate' (comissão percentual) sobre o volume transacionado (GMV) através de serviços financeiros e logísticos embutidos nativamente. A proposta central é 'armar' pequenos e médios lojistas para operarem suas próprias marcas diretas ao consumidor (D2C) sem depender da infraestrutura de marketplaces centralizados.,Ativa,,,,"Queda abrupta de crescimento após o arrefecimento do boom do varejo digital gerado por uma crise global, levando a demissões estruturais e revisão estratégica devido a projeções de expansão superestimadas",Sem necessidade de mercado,2022,"A empresa levantou mais de uma centena de milhões de dólares em sua fase privada. A origem da tecnologia é um caso clássico de 'resolver a própria dor': o CEO, um programador técnico, codificou a base do sistema do zero unicamente para conseguir operar o seu próprio e-commerce de nicho esportivo, após constatar que as soluções da época eram lentas, caras ou inflexíveis, unindo-se depois a sócios complementares de design e operações. A concorrência abrange provedores de código aberto (que exigem manutenção técnica profunda), plataformas de sites institucionais genéricos e as megacorporações globais de marketplace (as 'lojas de tudo') que priorizam o cliente final e tendem a espremer as margens dos vendedores terceirizados.",https://www.shopify.com/about;https://www.wsj.com/articles/shopify-layoffs-ecommerce-slowdown-11658874012;https://www.ft.com/content/2f6b9c3a-3b2d-4d6f-9f1c-8c7a1b2e5d4f;https://www.crunchbase.com/organization/shopify;https://en.wikipedia.org/wiki/Shopify;https://en.wikipedia.org/wiki/Tobias_L%C3%BCtke,Concorrência predatória,80.0,Aprovada,"{
  ""analise_problema_mercado"": ""O problema descrito é relevante, pois os lojistas independentes enfrentam desafios para operar suas próprias marcas diretas ao consumidor (D2C) sem depender da infraestrutura de marketplaces centralizados. A demanda clara está presente, pois a plataforma SaaS oferece uma solução escalável e flexível para os lojistas."",
  ""analise_solucao_proposta"": ""A proposta é adequada e clara, pois fornece uma infraestrutura completa para os lojistas criarem e gerenciarem suas próprias lojas virtuais independentes. A monetização dupla (assinaturas mensais recorrentes + take-rate sobre o volume transacionado) é escalável e atraente."",
  ""analise_receitas_custos"": ""A estrutura de custos é razoável, pois a plataforma SaaS pode ser escalada para atender ao crescimento do negócio. A receita provém da base previsível de assinaturas mensais recorrentes e do take-rate sobre o volume transacionado."",
  ""vantagem_injusta"": ""A vantagem competitiva é a infraestrutura completa e escalável, que permite aos lojistas operarem suas próprias marcas diretas ao consumidor (D2C) sem depender da infraestrutura de marketplaces centralizados."",
  ""risco_critico"": ""O maior risco estrutural é a concorrência predatória das megacorporações globais de marketplace, que priorizam o cliente final e tendem a espremer as margens dos vendedores terceirizados."",
  ""analise_equipe"": ""A equipe tem experiência técnica e complementar em design e operações, o que é adequado para o desafio técnico e competitivo descrito."",
  ""categoria_risco_principal"": ""Concorrência predatória"",
  ""probabilidade_sucesso_0_a_100"": 80,
  ""veredito_final"": ""Aprovada""
}",Concorrência predatória,70.0,Aprovada,"{
  ""analise_problema_mercado"": ""O problema do mercado é real, pois os pequenos e médios lojistas enfrentam desafios para operar suas próprias marcas diretas ao consumidor (D2C) sem depender da infraestrutura de marketplaces centralizados. A concorrência predatória e a falta de soluções escaláveis e flexíveis são obstáculos que a startup pode resolver."",
  ""analise_solucao_proposta"": ""A proposta de valor única é fornecer uma plataforma SaaS completa para comércio eletrônico, armada para pequenos e médios lojistas. A combinação de assinaturas mensais recorrentes (SaaS) e 'take-rate' sobre o volume transacionado é um modelo econômico escalável e eficaz."",
  ""analise_receitas_custos"": ""O modelo econômico parece razoável, pois a startup pode gerar receita através de assinaturas mensais recorrentes (SaaS) e 'take-rate' sobre o volume transacionado. A estrutura de custos é razoável, considerando a escala da empresa."",
  ""vantagem_injusta"": ""A vantagem injusta é a experiência técnica do CEO em resolver seu próprio problema de comércio eletrônico, que pode ser transferida para a plataforma SaaS. Além disso, a startup tem uma boa dose de capital inicial para investir em desenvolvimento e marketing."",
  ""risco_critico"": ""O maior risco estrutural é a concorrência predatória das megacorporações globais de marketplace que priorizam o cliente final e tendem a espremer as margens dos vendedores terceirizados. A startup precisa demonstrar uma vantagem competitiva significativa para diferenciar-se dessas empresas."",
  ""analise_equipe"": ""A equipe tem experiência técnica e complementar, com o CEO como programador técnico e sócios de design e operações. No entanto, é importante avaliar se a equipe tem habilidades suficientes para lidar com a concorrência predatória e as mudanças no mercado."",
  ""categoria_risco_principal"": ""Concorrência predatória"",
  ""probabilidade_sucesso_0_a_100"": 70,
  ""veredito_final"": ""Aprovada""
}",Concorrência predatória,20.0,Rejeitada,"{
  ""analise_problema_mercado"": ""O problema não é grave o suficiente para os clientes pagarem por uma solução, pois as lojas virtuais podem continuar funcionando com infraestrutura de marketplaces centralizados, que oferecem recursos e marketing em troca de uma comissão. Além disso, a concorrência predatória das megacorporações globais de marketplace pode atrair os clientes mais valiosos, tornando difícil para os pequenos e médios lojistas competirem."",
  ""analise_solucao_proposta"": ""A solução proposta é falha porque não oferece uma vantagem competitiva significativa em relação às soluções existentes. A combinação de assinaturas mensais recorrentes e 'take-rate' sobre o volume transacionado pode ser atrativo para os lojistas, mas a concorrência predatória das megacorporações globais de marketplace pode superar essa vantagem."",
  ""analise_receitas_custos"": ""A subestimação de custos é evidente. A empresa não forneceu informações sobre os custos de manutenção e atualização da plataforma, que podem ser significativos. Além disso, a comissão percentual sobre o volume transacionado pode variar drasticamente dependendo do desempenho dos lojistas."",
  ""vantagem_injusta"": ""A suposta vantagem competitiva é a flexibilidade e escalabilidade da plataforma, mas essa vantagem não é defensável à longo prazo. As megacorporações globais de marketplace podem replicar essas características com mais recursos e escala."",
  ""risco_critico"": ""O risco crítico é a concorrência predatória das megacorporações globais de marketplace, que podem atrair os clientes mais valiosos e espremer as margens dos vendedores terceirizados. Isso pode levar à perda de receita e ao colapso da startup."",
  ""analise_equipe"": ""A equipe tem experiência técnica e operacional, mas não há informações sobre a experiência em negócios ou marketing. A falta de expertise em marketing pode ser um obstáculo para a empresa."",
  ""categoria_risco_principal"": ""Concorrência predatória"",
  ""probabilidade_sucesso_0_a_100"": 20,
  ""veredito_final"": ""Rejeitada""
}",Problema de preço ou custo,60.0,Necessita Pivotagem,"{
  ""analise_problema_mercado"": ""O mercado é amplo, com mais de 100 milhões de dólares arrecadados na fase privada. A concorrência é diversificada, incluindo provedores de código aberto que exigem manutenção técnica profunda e plataformas de sites institucionais genéricos. No entanto, a falta de especialização em infraestrutura para comércio eletrônico pode ser uma barreira de entrada para os concorrentes."",
  ""analise_solucao_proposta"": ""A solução é complexa, requerendo infraestrutura técnica e logística robustas. A escalabilidade do modelo de negócios é um ponto forte, com a combinação de assinaturas mensais recorrentes (SaaS) e 'take-rate' sobre o volume transacionado."",
  ""analise_receitas_custos"": ""A lógica estrutural da monetização parece razoável. A receita provém de assinaturas mensais recorrentes e comissão percentual sobre o volume transacionado. É necessário mais dados para calcular CAC, LTV e margens."",
  ""vantagem_injusta"": ""A vantagem injusta é a tecnologia desenvolvida do zero pelo CEO, que pode ser uma barreira de entrada para os concorrentes."",
  ""risco_critico"": ""O risco crítico é a falta de dados sobre o custo de manutenção técnica profunda e a necessidade de investimentos em infraestrutura para escalabilidade."",
  ""analise_equipe"": ""A equipe tem experiência técnica e operacional, com o CEO tendo desenvolvido a tecnologia do zero. No entanto, é necessário mais dados sobre o histórico dos fundadores e sua capacidade de gerenciar um negócio de grande escala."",
  ""categoria_risco_principal"": ""Problema de preço ou custo"",
  ""probabilidade_sucesso_0_a_100"": 60,
  ""veredito_final"": ""Necessita Pivotagem""
}"
S10,WhatsApp,Aplicativo utilitário P2P de comunicação móvel,2009,,Consumer Internet,"Utilitário de comunicação P2P multiplataforma com foco obsessivo em velocidade, roteamento assíncrono confiável em redes de baixa qualidade e ausência total de atritos de interface (zero anúncios, zero jogos, zero distrações). O modelo foca inteiramente no hiper-crescimento orgânico alavancado por efeitos de rede diretos (o valor do produto cresce exponencialmente a cada novo usuário). A estratégia atual prioriza a dominância absoluta da base global de usuários, postergando e diferindo qualquer estratégia clara de monetização (receita) para o longo prazo.",Ativa,,,,"Aquisição multibilionária por uma mega-plataforma global de redes sociais, com o intuito de consolidar o monopólio da atenção móvel, evento que levantou posteriores pressões regulatórias antitruste e de privacidade de dados",Concorrência predatória,2014,"O aplicativo consumiu apenas algumas dezenas de milhões de dólares em capital de risco, operando com uma proporção raríssima de engenheiros por milhão de usuários ativos. A equipe fundadora é enxuta, liderada por dois experientes engenheiros de software que trabalharam juntos por mais de uma década desenhando a infraestrutura de backend em uma gigantesca e pioneira corporação global de serviços web e e-mail. A dinâmica de mercado é um ataque frontal a um monopólio histórico: o aplicativo atua para disruptar os rentáveis protocolos legados de texto tarifado mantidos por cartéis globais de operadoras de telecomunicações, enquanto se defende de comunicadores proprietários embutidos de fábrica nos sistemas operacionais das fabricantes de smartphones.",https://blog.whatsapp.com/;https://www.nytimes.com/2014/02/20/technology/facebook-to-buy-whatsapp-for-19-billion.html;https://www.ft.com/content/6f9a5c1e-99d3-11e3-91ac-00144feab7de;https://www.crunchbase.com/organization/whatsapp;https://en.wikipedia.org/wiki/WhatsApp,Concorrência predatória,60.0,Aprovada,"{
  ""analise_problema_mercado"": ""O problema da comunicação móvel é relevante em 2014, com a crescente demanda por aplicativos de comunicação P2P. O segmento de clientes tem demanda clara para soluções mais rápidas e confiáveis."",
  ""analise_solucao_proposta"": ""A proposta de valor única do aplicativo é sua velocidade, roteamento assíncrono confiável em redes de baixa qualidade e ausência total de atritos de interface. Isso pode atrair usuários descontentes com os protocolos legados de texto tarifado."",
  ""analise_receitas_custos"": ""A estrutura de custos é razoável, com apenas algumas dezenas de milhões de dólares em capital de risco. A equipe fundadora é enxuta e experiente. No entanto, a priorização da dominância absoluta da base global de usuários sobre a monetização pode ser um ponto fraco."",
  ""vantagem_injusta"": ""A vantagem competitiva do aplicativo é sua velocidade e confiabilidade em redes de baixa qualidade, o que pode atrair usuários descontentes com os protocolos legados."",
  ""risco_critico"": ""O maior risco estrutural é a concorrência predatória dos monopólios históricos de operadoras de telecomunicações e comunicadores proprietários embutidos de fábrica nos sistemas operacionais das fabricantes de smartphones."",
  ""analise_equipe"": ""A equipe fundadora é enxuta e experiente, com liderança de dois engenheiros de software que trabalharam juntos por mais de uma década. Isso é adequado para o desafio técnico e competitivo descrito."",
  ""categoria_risco_principal"": ""Concorrência predatória"",
  ""probabilidade_sucesso_0_a_100"": 60,
  ""veredito_final"": ""Aprovada""
}",Concorrência predatória,60.0,Necessita Pivotagem,"{
  ""analise_problema_mercado"": ""O problema do mercado é real e relevante, pois o aplicativo atua para disruptar um monopólio histórico e oferece uma solução mais atraente para os usuários que buscam comunicação móvel confiável e sem atritos. O segmento de clientes está bem definido, com foco em jovens adultos urbanos que valorizam a velocidade e a eficiência da comunicação."",
  ""analise_solucao_proposta"": ""A solução é única e resolve o problema do cliente de forma eficaz e executável. A proposta de valor é clara: velocidade, roteamento assíncrono confiável em redes de baixa qualidade e ausência total de atritos de interface."",
  ""analise_receitas_custos"": ""O modelo econômico não está claro, pois a estratégia prioriza a dominância absoluta da base global de usuários, postergando qualquer estratégia clara de monetização. A receita esperada é desconhecida e os custos são relativamente baixos, considerando o investimento inicial."",
  ""vantagem_injusta"": ""A vantagem injusta é a experiência e o histórico dos fundadores em desenvolver infraestrutura de backend para uma gigantesca corporação global de serviços web e e-mail. Isso lhes permite criar um aplicativo robusto e escalável."",
  ""risco_critico"": ""O maior risco estrutural é a concorrência predatória, pois o aplicativo atua para disruptar um monopólio histórico e há empresas mais antigas e mais poderosas que podem reagir à ameaça."",
  ""analise_equipe"": ""A equipe fundadora tem experiência significativa em desenvolver infraestrutura de backend para uma gigantesca corporação global de serviços web e e-mail. Isso é um diferencial importante, pois permite criar um aplicativo robusto e escalável."",
  ""categoria_risco_principal"": ""Concorrência predatória"",
  ""probabilidade_sucesso_0_a_100"": 60,
  ""veredito_final"": ""Necessita Pivotagem""
}",Concorrência predatória,20.0,Rejeitada,"{
  ""analise_problema_mercado"": ""O mercado de comunicação móvel é altamente competitivo e saturado em 2014, com opções de texto gratuito e de baixo custo disponíveis para a maioria dos usuários. Além disso, o aplicativo P2P multiplataforma não apresenta uma vantagem clara sobre as soluções existentes, como WhatsApp ou Telegram, que já tinham uma base de usuários estabelecida e eram conhecidos por sua segurança e confiabilidade."",
  ""analise_solucao_proposta"": ""A estratégia de hiper-crescimento orgânico alavancado por efeitos de rede diretos é duvidosa, pois não há uma razão clara para que os usuários paguem por um aplicativo de comunicação quando existem opções gratuitas e confiáveis disponíveis. Além disso, a falta de estratégia clara de monetização pode levar ao insucesso do modelo."",
  ""analise_receitas_custos"": ""A proporção de engenheiros por milhão de usuários ativos é muito baixa, o que pode indicar subestimação de custos ou falta de eficiência na operação. Além disso, a estratégia de diferir a monetização para o longo prazo pode levar ao insucesso financeiro da startup."",
  ""vantagem_injusta"": ""A vantagem competitiva do aplicativo P2P multiplataforma é duvidosa, pois não há uma razão clara para que os usuários escolham um aplicativo sobre outro. Além disso, a falta de estratégia clara de marketing e comunicação pode levar ao insucesso da startup."",
  ""risco_critico"": ""O maior risco crítico é a concorrência predatória dos monopólios históricos de operadoras de telecomunicações e comunicadores proprietários embutidos de fábrica nos sistemas operacionais das fabricantes de smartphones. Essas empresas têm recursos financeiros e tecnológicos significativos para retaliar e superar a startup."",
  ""analise_equipe"": ""A equipe fundadora é enxuta, mas não há informações suficientes sobre a experiência e o histórico dos engenheiros em startups de tecnologia. Além disso, a falta de estratégia clara de marketing e comunicação pode levar ao insucesso da startup."",
  ""categoria_risco_principal"": ""Concorrência predatória"",
  ""probabilidade_sucesso_0_a_100"": 20,
  ""veredito_final"": ""Rejeitada""
}",Problema de preço ou custo,60.0,Necessita Pivotagem,"{
  ""analise_problema_mercado"": ""O mercado é grande e em crescimento, com a necessidade de comunicação móvel em constante aumento. A fricção mecânica/custo para aquisição desses clientes é baixa, pois o aplicativo é gratuito e não apresenta anúncios ou distrações."",
  ""analise_solucao_proposta"": ""A solução proposta é complexa logística e técnica, requerendo uma infraestrutura robusta e escalável para suportar o crescimento exponencial do aplicativo. A estratégia de priorizar a dominância absoluta da base global de usuários é arriscada e pode levar tempo para se pagar."",
  ""analise_receitas_custos"": ""A lógica estrutural da monetização não está clara, pois o modelo prioriza o crescimento orgânico ao invés de uma estratégia clara de receita. A proporção de engenheiros por milhão de usuários ativos é baixa e pode ser um risco para a escalabilidade do aplicativo."",
  ""vantagem_injusta"": ""A vantagem injusta é a infraestrutura robusta e escalável desenvolvida pela equipe fundadora, que pode ser uma barreira de entrada para concorrentes."",
  ""risco_critico"": ""O risco crítico é a falta de clareza sobre a estratégia de monetização e o tempo necessário para se pagar. Além disso, a dependência da base global de usuários pode ser um risco se os usuários não forem fiéis ao aplicativo."",
  ""analise_equipe"": ""A equipe fundadora tem experiência significativa em desenvolvimento de infraestrutura de backend e é adequada para o desafio técnico e competitivo descrito."",
  ""categoria_risco_principal"": ""Problema de preço ou custo"",
  ""probabilidade_sucesso_0_a_100"": 60,
  ""veredito_final"": ""Necessita Pivotagem""
}"
