ID_Startup,Nome_Real,Nome_Anonimizado,Ano_Fundacao,Ano_Encerramento,Setor_Industria,Modelo_Negocios,Status_Real,Motivo_Real_Gabarito,Rotulo_Categorico,Rotulos_Secundarios,Evento_Critico,Categoria_Evento_Critico,Ano_Evento_Critico,Contexto_Mercado_Equipe,URL_Fonte,Con_Categoria_Risco,Con_Probabilidade,Con_Veredito,Con_Rigor,Resposta_Con,Gen_Categoria_Risco,Gen_Probabilidade,Gen_Veredito,Gen_Rigor,Resposta_Gen,Diabo_Categoria_Risco,Diabo_Probabilidade,Diabo_Veredito,Diabo_Rigor,Resposta_Diabo,Anali_Categoria_Risco,Anali_Probabilidade,Anali_Veredito,Anali_Rigor,Resposta_Anali,Anjo_Categoria_Risco,Anjo_Probabilidade,Anjo_Veredito,Anjo_Rigor,Resposta_Anjo,Epist_Categoria_Risco,Epist_Probabilidade,Epist_Veredito,Epist_Rigor,Resposta_Epist,Reg_Categoria_Risco,Reg_Probabilidade,Reg_Veredito,Reg_Rigor,Resposta_Reg
F01,Quibi,Plataforma móvel de micro-entretenimento premium,2018,2020.0,MediaTech B2C,"Plataforma de streaming focada exclusivamente em dispositivos móveis, oferecendo episódios curtos com alta qualidade de produção. Modelo de receita baseado em assinatura mensal (com ou sem anúncios). A operação exige fortíssimo investimento inicial em produção original exclusiva, curadoria de grandes talentos e distribuição restrita ao aplicativo móvel.",Falha,"A empresa encerrou as operações poucos meses após o lançamento após levantar cerca de US$ 1,75 bilhão, sem conseguir atingir adoção relevante. O contexto da pandemia reduziu o uso em mobilidade e expôs limitações do produto frente a alternativas gratuitas.",Sem necessidade de mercado,Problema de produto;Concorrência predatória,Anúncio oficial de encerramento das operações após baixa tração e revisão estratégica,Sem necessidade de mercado,2020,"A startup possui capitalização massiva, tendo levantado mais de um bilhão de dólares em financiamento inicial. O mercado atual é dominado por plataformas de vídeo curto gratuitas e serviços sociais de entretenimento já altamente consolidados. A equipe fundadora e a liderança são compostas por veteranos C-level oriundos de estúdios de mídia tradicional, produção de cinema e grandes corporações de tecnologia de consumo.",https://news.crunchbase.com/startups/quibi-shutting-down/;https://www.npr.org/2020/10/21/926396526/quibi-short-form-streaming-service-shutting-down;https://craft.co/quibi/competitors;https://www.businessinsider.es/tecnologia/quibi-explica-ha-fallado-tengan-cerrar-6-meses-741261;https://www.youtube.com/watch?v=xQQaztSG39Y,Problema de preço ou custo,30.0,Necessita Pivotagem,8.0,"{
  ""analise_problema_mercado"": ""O mercado de entretenimento móvel está saturado, com plataformas gratuitas dominantes que oferecem conteúdo variado e acessível. A relevância do problema é questionável, pois o público-alvo pode já estar satisfeito com opções gratuitas e de fácil acesso."",
  ""analise_solucao_proposta"": ""A proposta de valor única é a alta qualidade de produção e conteúdo exclusivo, mas isso pode não ser suficiente para superar a barreira de entrada de um modelo de assinatura mensal em um mercado onde o conteúdo gratuito é amplamente disponível."",
  ""analise_receitas_custos"": ""O modelo de receita baseado em assinatura pode ser difícil de implementar em um mercado saturado de conteúdo gratuito. Os custos iniciais de produção de conteúdo original e aquisição de talentos são altos, o que pode dificultar a escalabilidade e a rentabilidade."",
  ""vantagem_injusta"": ""A vantagem competitiva potencial é a qualidade de produção e o conteúdo exclusivo, mas isso pode ser difícil de manter em face da concorrência de plataformas gratuitas e bem estabelecidas."",
  ""risco_critico"": ""O maior risco é a dificuldade em atrair e reter assinantes em um mercado saturado de conteúdo gratuito e variado. A barreira de entrada para um modelo de assinatura pode ser muito alta para um público acostumado com opções gratuitas."",
  ""analise_equipe"": ""A equipe fundadora é composta por veteranos com experiência em mídia e tecnologia, o que é um ponto positivo. No entanto, a experiência em mídia tradicional pode não ser suficiente para lidar com a dinâmica do mercado atual de streaming e entretenimento móvel."",
  ""categoria_risco_principal"": ""Problema de preço ou custo"",
  ""probabilidade_sucesso_0_a_100"": 30,
  ""veredito_final"": ""Necessita Pivotagem"",
  ""nivel_rigor_diagnostico"": 8
}",Concorrência predatória,65.0,Necessita Pivotagem,8.0,"{
  ""analise_problema_mercado"": ""O problema do mercado é real e relevante, pois há uma demanda crescente por conteúdo de entretenimento de alta qualidade, especialmente em dispositivos móveis. No entanto, o mercado está altamente saturado com plataformas gratuitas e serviços sociais de entretenimento, o que pode dificultar a atração e retenção de usuários."",
  ""analise_solucao_proposta"": ""A solução proposta é inovadora e potencialmente eficaz, oferecendo conteúdo de alta qualidade em formato de micro-entretenimento. No entanto, a necessidade de um forte investimento inicial em produção original exclusiva e curadoria de talentos pode ser um desafio significativo."",
  ""analise_receitas_custos"": ""O modelo de receita baseado em assinatura mensal é sólido, mas a estrutura de custos é elevada devido ao investimento inicial necessário em produção de conteúdo. A concorrência com plataformas gratuitas pode dificultar a atração de assinantes."",
  ""vantagem_injusta"": ""A vantagem injusta é a combinação de capitalização massiva e experiência da equipe em produção de conteúdo de alta qualidade. Isso permite a criação de conteúdo exclusivo e de alta qualidade, que é um diferencial significativo."",
  ""risco_critico"": ""O maior risco estrutural é a capacidade de atrair e reter usuários em um mercado altamente saturado e competitivo, especialmente considerando a necessidade de um forte investimento inicial em produção de conteúdo."",
  ""analise_equipe"": ""A equipe fundadora e a liderança são compostas por veteranos com experiência em produção de conteúdo e tecnologia de consumo, o que é um ponto forte. No entanto, a experiência em negócios digitais e modelos de assinatura pode ser um desafio."",
  ""categoria_risco_principal"": ""Concorrência predatória"",
  ""probabilidade_sucesso_0_a_100"": 65,
  ""veredito_final"": ""Necessita Pivotagem"",
  ""nivel_rigor_diagnostico"": 8
}",Problema de preço ou custo,30.0,Necessita Pivotagem,10.0,"{
  ""analise_problema_mercado"": ""O problema identificado é a necessidade de entretenimento de alta qualidade em formato curto e exclusivo para dispositivos móveis. No entanto, o mercado já possui diversas opções gratuitas de entretenimento curto e social, como TikTok e Instagram Reels, que atendem a essa demanda de forma eficaz. A falta de uma dor de mercado clara que justifique o pagamento por uma solução premium pode ser um obstáculo significativo."",
  ""analise_solucao_proposta"": ""A solução proposta é uma plataforma de streaming móvel com conteúdo curto e de alta qualidade. No entanto, a existência de plataformas gratuitas com grande base de usuários e engajamento pode tornar difícil convencer os consumidores a pagar por uma alternativa premium. Além disso, a necessidade de investimento inicial significativo em produção original exclusiva pode ser um desafio devido à concorrência existente."",
  ""analise_receitas_custos"": ""O modelo de receita baseado em assinatura mensal pode ser difícil de implementar em um mercado saturado de opções gratuitas. A subestimação dos custos de produção de conteúdo original de alta qualidade e a necessidade de investimento inicial significativo podem comprometer a viabilidade financeira da startup. A distribuição restrita ao aplicativo móvel pode limitar a escala e a penetração do mercado."",
  ""vantagem_injusta"": ""A vantagem competitiva proposta é a qualidade de produção e a exclusividade do conteúdo. No entanto, a concorrência existente, como Netflix e Amazon Prime Video, já oferece conteúdo de alta qualidade e exclusivo. Além disso, a saturação do mercado de streaming pode tornar difícil manter uma vantagem competitiva sustentável."",
  ""risco_critico"": ""O risco crítico é a saturação do mercado de streaming e a existência de opções gratuitas de entretenimento curto e social. A dificuldade em convencer os consumidores a pagar por uma alternativa premium pode comprometer a viabilidade financeira da startup. Além disso, a necessidade de investimento inicial significativo em produção original exclusiva pode ser um desafio devido à concorrência existente."",
  ""analise_equipe"": ""A equipe fundadora e a liderança são compostas por veteranos C-level oriundos de estúdios de mídia tradicional, produção de cinema e grandes corporações de tecnologia de consumo. No entanto, a experiência em um mercado saturado de streaming e a capacidade de competir com opções gratuitas de entretenimento curto e social podem ser desafios significativos."",
  ""categoria_risco_principal"": ""Problema de preço ou custo"",
  ""probabilidade_sucesso_0_a_100"": 30,
  ""veredito_final"": ""Necessita Pivotagem"",
  ""nivel_rigor_diagnostico"": 10
}",Problema de preço ou custo,40.0,Necessita Pivotagem,9.0,"{
  ""analise_problema_mercado"": ""O mercado de streaming de vídeo curto é altamente saturado e competitivo, com plataformas gratuitas dominantes que oferecem conteúdo diversificado. A barreira de entrada para novos players é significativa devido à necessidade de capturar uma fatia de mercado já dominada por gigantes estabelecidos. O custo de aquisição de clientes (CAC) tende a ser alto devido à necessidade de superar a adesão já existente a plataformas gratuitas."",
  ""analise_solucao_proposta"": ""A solução proposta de oferecer conteúdo de micro-entretenimento premium em um aplicativo móvel exclusivo requer um forte investimento inicial em produção de conteúdo original e curadoria de talentos. A complexidade logística e técnica envolve a criação de um ecossistema de conteúdo de alta qualidade e a atração de um público que está acostumado com opções gratuitas e diversificadas."",
  ""analise_receitas_custos"": ""O modelo de receita baseado em assinatura mensal com ou sem anúncios é viável, mas o custo de aquisição de clientes (CAC) e o custo de produção de conteúdo original podem ser muito altos. A margem de lucratividade dependerá da capacidade de atrair e reter assinantes suficientes para cobrir esses custos."",
  ""vantagem_injusta"": ""A startup possui um forte capital inicial, o que lhe permite investir significativamente em produção de conteúdo original e atração de talentos, criando uma barreira de entrada para novos concorrentes."",
  ""risco_critico"": ""A saturação do mercado e a necessidade de superar plataformas gratuitas já estabelecidas representam um risco significativo. Além disso, a alta dependência de conteúdo original exclusivo e a necessidade de atração de talentos podem levar a custos operacionais elevados."",
  ""analise_equipe"": ""A equipe fundadora e a liderança são compostas por veteranos com experiência em mídia tradicional e tecnologia de consumo, o que é um ponto positivo. No entanto, a capacidade de inovar e competir em um mercado altamente saturado e dominado por plataformas gratuitas é um desafio significativo."",
  ""categoria_risco_principal"": ""Problema de preço ou custo"",
  ""probabilidade_sucesso_0_a_100"": 40,
  ""veredito_final"": ""Necessita Pivotagem"",
  ""nivel_rigor_diagnostico"": 9
}",Sem necessidade de mercado,30.0,Rejeitada,8.0,"{
  ""analise_problema_mercado"": ""O problema de entretenimento móvel de alta qualidade é relevante, mas o mercado já está saturado com opções gratuitas e populares. A necessidade de um novo modelo de assinatura premium pode enfrentar resistência do consumidor, especialmente em um contexto de incerteza econômica como em 2020."",
  ""analise_solucao_proposta"": ""A solução proposta é inovadora e tem potencial, mas requer um forte investimento inicial em conteúdo e curadoria. A construção e validação de um catálogo de alta qualidade com recursos limitados de seed pode ser desafiadora."",
  ""analise_receitas_custos"": ""O caminho para a primeira receita é longo e incerto, dada a necessidade de um catálogo robusto de conteúdo premium. A economia unitária do primeiro cliente pode não ser viável sem escala, especialmente considerando a concorrência gratuita."",
  ""vantagem_injusta"": ""A equipe possui experiência significativa em produção de conteúdo e tecnologia de consumo, o que pode ser uma vantagem. No entanto, a replicabilidade de um modelo de assinatura premium em um mercado saturado é questionável."",
  ""risco_critico"": ""O maior risco é a capacidade de atrair e reter assinantes em um mercado dominado por opções gratuitas. A falta de tração inicial pode levar a um fim prematuro do caixa."",
  ""analise_equipe"": ""A equipe é experiente e tem um forte histórico em mídia e tecnologia, o que é um ponto positivo. No entanto, a experiência pode não ser suficiente para superar os desafios de um mercado altamente competitivo e saturado."",
  ""categoria_risco_principal"": ""Sem necessidade de mercado"",
  ""probabilidade_sucesso_0_a_100"": 30,
  ""veredito_final"": ""Rejeitada"",
  ""nivel_rigor_diagnostico"": 8
}",Problema de preço ou custo,30.0,Necessita Pivotagem,8.0,"{
  ""analise_problema_mercado"": ""A definição do problema de mercado é coerente, identificando uma lacuna para conteúdo de entretenimento de alta qualidade em formato curto e exclusivamente para dispositivos móveis. No entanto, há um salto lógico não fundamentado na hipótese de que o público-alvo valoriza tanto a qualidade de produção que está disposto a pagar por um serviço premium em um mercado dominado por opções gratuitas."",
  ""analise_solucao_proposta"": ""A solução proposta é coerente com o problema identificado, oferecendo um serviço premium de micro-entretenimento. No entanto, há uma suposição não fundamentada de que o público-alvo está disposto a pagar por um serviço premium em um mercado dominado por opções gratuitas."",
  ""analise_receitas_custos"": ""A lógica de monetização é coerente com o perfil de cliente descrito, mas há uma suposição não fundamentada de que o público-alvo está disposto a pagar por um serviço premium em um mercado dominado por opções gratuitas. Além disso, o modelo de receita baseado em assinatura mensal com ou sem anúncios pode não ser suficiente para cobrir os altos custos de produção e distribuição restrita ao aplicativo móvel."",
  ""vantagem_injusta"": ""A vantagem injusta é baseada na capacidade da equipe de atrair talentos e produzir conteúdo de alta qualidade, mas não há evidências claras de que isso seja suficiente para superar a concorrência de opções gratuitas e altamente consolidadas no mercado."",
  ""risco_critico"": ""O risco crítico é a hipótese de que o público-alvo está disposto a pagar por um serviço premium em um mercado dominado por opções gratuitas. Se essa hipótese for falsa, o modelo de negócios não será viável."",
  ""analise_equipe"": ""A equipe fundadora e a liderança são compostas por veteranos C-level oriundos de estúdios de mídia tradicional, produção de cinema e grandes corporações de tecnologia de consumo, o que é adequado para o desafio técnico e competitivo descrito."",
  ""categoria_risco_principal"": ""Problema de preço ou custo"",
  ""probabilidade_sucesso_0_a_100"": 30,
  ""veredito_final"": ""Necessita Pivotagem"",
  ""nivel_rigor_diagnostico"": 8
}",Concorrência predatória,30.0,Necessita Pivotagem,9.0,"{
  ""analise_problema_mercado"": ""O mercado de entretenimento móvel é altamente saturado e dominado por grandes players com presença significativa e recursos ilimitados. A existência de plataformas gratuitas e de grande escala dificulta a entrada de novos concorrentes, especialmente aqueles que oferecem um modelo de assinatura premium."",
  ""analise_solucao_proposta"": ""A solução proposta, que é a criação de uma plataforma de streaming móvel com conteúdo de alta qualidade e curta duração, pode enfrentar desafios regulatórios relacionados à proteção de dados e privacidade, especialmente em mercados onde esses aspectos são altamente regulamentados. Além disso, a necessidade de investimento inicial significativo em produção original exclusiva pode criar um passivo regulatório se a startup não cumprir com todas as exigências legais e contratuais."",
  ""analise_receitas_custos"": ""O modelo de receita baseado em assinatura mensal pode ser sujeito a contestação regulatória, especialmente em mercados onde a taxação de plataformas de streaming é uma preocupação. Além disso, a necessidade de investimento inicial significativo em produção original exclusiva pode criar um passivo regulatório se a startup não cumprir com todas as exigências legais e contratuais."",
  ""vantagem_injusta"": ""A vantagem competitiva da startup pode ser desafiada por incumbentes com maior poder de mercado e acesso político. A concorrência predatória pode ser uma ameaça significativa, especialmente se os grandes players do mercado decidirem retaliar com estratégias agressivas para esmagar a startup antes que ela atinja uma escala crítica."",
  ""risco_critico"": ""O risco crítico mais letal é a concorrência predatória de incumbentes. Grandes players do mercado podem retaliar com estratégias agressivas, como a introdução de novos produtos gratuitos ou a redução de preços, que podem esmagar a startup antes que ela atinja uma escala crítica."",
  ""analise_equipe"": ""A equipe fundadora e a liderança são compostas por veteranos C-level oriundos de estúdios de mídia tradicional, produção de cinema e grandes corporações de tecnologia de consumo. Embora a experiência e o histórico da equipe sejam impressionantes, eles podem não ser suficientes para lidar com os desafios regulatórios e competitivos do mercado de entretenimento móvel."",
  ""categoria_risco_principal"": ""Concorrência predatória"",
  ""probabilidade_sucesso_0_a_100"": 30,
  ""veredito_final"": ""Necessita Pivotagem"",
  ""nivel_rigor_diagnostico"": 9
}"
F02,Theranos,Plataforma inovadora de análises clínicas descentralizadas,2003,2018.0,HealthTech Diagnostics,"Plataforma de diagnósticos que promete realizar múltiplos exames rápidos e de baixo custo a partir de coletas biológicas de volume mínimo. O modelo de negócios é baseado em testes pagos (out-of-pocket e convênios) e parcerias de distribuição direta ao consumidor (D2C) em redes de farmácias, sustentado pelo licenciamento e uso de hardware proprietário em miniatura.",Falha,"A empresa foi exposta por não possuir a tecnologia que alegava ter, fraudando resultados e enganando investidores e pacientes, o que levou a investigações federais e ao colapso total do negócio.",Problema regulatório ou legal,Produto ruim;Modelo de negócios falho,Abertura de processo e acusação formal de fraude pela SEC contra a empresa e sua liderança,Problema regulatório ou legal,2018,"A startup levantou centenas de milhões de dólares em fundos privados, atingindo um valuation multibilionário. A equipe fundadora é liderada por uma jovem empreendedora que abandonou a graduação em exatas precocemente, tendo apenas uma breve experiência como assistente de laboratório. As operações são chefiadas por um executivo cujo histórico é em vendas de software B2B e na bolha da internet, sem qualquer experiência no setor de saúde ou assuntos regulatórios. O mercado alvo é um oligopólio dominado por dois gigantes nacionais de infraestrutura laboratorial e patologia clínica.",https://www.sec.gov/newsroom/press-releases/2018-41;https://www.wsj.com/articles/theranos-holmes-trial-blood-testing-11641597600;https://www.nytimes.com/topic/company/theranos-inc;https://hbr.org/2016/12/theranos-and-the-role-of-board-of-directors-in-preventing-fraud;https://en.wikipedia.org/wiki/Theranos;https://en.wikipedia.org/wiki/Elizabeth_Holmes,Equipe inadequada,30.0,Necessita Pivotagem,8.0,"{
  ""analise_problema_mercado"": ""O problema de acesso a diagnósticos rápidos e de baixo custo é relevante, especialmente em cenários de saúde onde a velocidade e a conveniência são cruciais. No entanto, o mercado de análises clínicas é altamente regulado e competitivo, com pouca margem para novos entrantes sem uma proposta de valor significativamente diferenciada."",
  ""analise_solucao_proposta"": ""A solução proposta de uma plataforma de diagnósticos descentralizada com hardware miniaturizado é inovadora e pode atender a uma demanda não satisfeita. No entanto, a clareza da proposta de valor única é questionável, pois a concorrência já oferece serviços semelhantes, embora possam não ser tão portáteis ou convenientes."",
  ""analise_receitas_custos"": ""O modelo de negócios baseado em testes pagos e parcerias D2C é promissor, mas o custo de desenvolvimento e manutenção de um hardware proprietário e a necessidade de licenciamento podem ser significativos. Além disso, a necessidade de conformidade regulatória e certificação pode aumentar os custos operacionais."",
  ""vantagem_injusta"": ""A vantagem competitiva potencial reside na miniaturização e conveniência do hardware, permitindo diagnósticos rápidos e portáteis. No entanto, a sustentabilidade dessa vantagem depende de uma rápida adoção e aceitação regulatória."",
  ""risco_critico"": ""O maior risco é a capacidade de superar a concorrência estabelecida e atender às exigências regulatórias do setor de saúde. A falta de experiência da equipe em questões regulatórias e no setor de saúde pode ser um obstáculo significativo."",
  ""analise_equipe"": ""A equipe fundadora carece de experiência relevante no setor de saúde e em questões regulatórias, o que pode comprometer a capacidade de navegar em um ambiente altamente regulado e competitivo. A falta de experiência técnica profunda também é um ponto fraco."",
  ""categoria_risco_principal"": ""Equipe inadequada"",
  ""probabilidade_sucesso_0_a_100"": 30,
  ""veredito_final"": ""Necessita Pivotagem"",
  ""nivel_rigor_diagnostico"": 8
}",Problema regulatório ou legal,40.0,Necessita Pivotagem,8.0,"{
  ""analise_problema_mercado"": ""O problema do mercado é relevante, pois a centralização e o alto custo das análises clínicas são desafios significativos. No entanto, o segmento de clientes é amplamente fragmentado e competitivo, com gigantes estabelecidos no setor de saúde que podem dificultar a penetração da startup."",
  ""analise_solucao_proposta"": ""A solução proposta é inovadora e promissora, oferecendo exames rápidos e de baixo custo. No entanto, a execução prática e a escalabilidade da solução ainda são incertas, especialmente considerando a necessidade de aprovação regulatória e a complexidade tecnológica envolvida."",
  ""analise_receitas_custos"": ""O modelo de negócios baseado em testes pagos e parcerias D2C é promissor, mas a estrutura de custos, incluindo desenvolvimento de hardware proprietário e licenciamento, é significativa. Além disso, a concorrência é intensa, o que pode dificultar a captação de receita."",
  ""vantagem_injusta"": ""A vantagem injusta potencial é a propriedade intelectual do hardware miniaturizado, que pode oferecer uma barreira à entrada para concorrentes. No entanto, a validação e a adoção em larga escala ainda são incertas."",
  ""risco_critico"": ""O maior risco estrutural é a aprovação regulatória e a capacidade de escalonar a produção e distribuição da plataforma em um mercado altamente regulado e competitivo."",
  ""analise_equipe"": ""A equipe fundadora carece de experiência relevante no setor de saúde e em questões regulatórias, o que pode ser um desafio significativo para a implementação e escalabilidade da solução."",
  ""categoria_risco_principal"": ""Problema regulatório ou legal"",
  ""probabilidade_sucesso_0_a_100"": 40,
  ""veredito_final"": ""Necessita Pivotagem"",
  ""nivel_rigor_diagnostico"": 8
}",Equipe inadequada,20.0,Rejeitada,10.0,"{
  ""analise_problema_mercado"": ""O problema de acesso a análises clínicas rápidas e de baixo custo é real, mas o mercado já possui alternativas, como laboratórios tradicionais e serviços de saúde online. A adoção de uma nova plataforma pode ser lenta devido à falta de confiança e regulamentação."",
  ""analise_solucao_proposta"": ""A solução proposta de uma plataforma de diagnósticos descentralizada com hardware proprietário em miniatura pode enfrentar desafios de adoção devido à falta de experiência da equipe em saúde e regulamentação. Além disso, a concorrência já oferece serviços semelhantes, e a proposta de valor da startup pode não ser suficiente para superar as barreiras de entrada."",
  ""analise_receitas_custos"": ""O modelo de negócios baseado em testes pagos e parcerias D2C pode enfrentar desafios devido à necessidade de investimento em infraestrutura e regulamentação. Além disso, a subestimação de custos regulatórios e de marketing pode comprometer a viabilidade financeira da startup."",
  ""vantagem_injusta"": ""A vantagem competitiva da startup é questionável devido à falta de experiência da equipe em saúde e regulamentação. A concorrência já oferece serviços semelhantes e a proposta de valor da startup pode não ser suficiente para superar as barreiras de entrada."",
  ""risco_critico"": ""O risco crítico é a falta de experiência da equipe em saúde e regulamentação, o que pode comprometer a viabilidade financeira da startup e a adoção da plataforma."",
  ""analise_equipe"": ""A equipe fundadora é liderada por uma jovem empreendedora sem experiência em saúde e regulamentação, e o chefe de operações tem um histórico em vendas de software B2B e na bolha da internet, sem experiência relevante para o setor de saúde. Isso pode comprometer a viabilidade da startup."",
  ""categoria_risco_principal"": ""Equipe inadequada"",
  ""probabilidade_sucesso_0_a_100"": 20,
  ""veredito_final"": ""Rejeitada"",
  ""nivel_rigor_diagnostico"": 10
}",Problema regulatório ou legal,30.0,Necessita Pivotagem,10.0,"{
  ""analise_problema_mercado"": ""O mercado de análises clínicas é altamente regulado e dominado por grandes players com infraestrutura estabelecida. A entrada de novos players é significativamente difícil devido à necessidade de licenças e certificações, além da confiança que os clientes (pacientes e seguradoras) têm nos fornecedores existentes. O tamanho do mercado é significativo, mas a barreira de entrada é alta."",
  ""analise_solucao_proposta"": ""A solução proposta é inovadora e promissora, oferecendo exames rápidos e de baixo custo. No entanto, a complexidade logística e técnica envolvida na produção de um hardware proprietário em miniatura e na obtenção de certificações regulatórias pode ser significativa. A escalabilidade da solução depende fortemente da capacidade de obter e manter as licenças necessárias."",
  ""analise_receitas_custos"": ""O modelo de negócios baseado em testes pagos e parcerias D2C é promissor, mas a estrutura de custos envolvendo desenvolvimento de hardware, certificações regulatórias e infraestrutura de distribuição pode ser elevada. A margem de lucro depende da eficiência na produção em massa e na capacidade de estabelecer parcerias lucrativas com redes de farmácias."",
  ""vantagem_injusta"": ""A vantagem mais evidente é a infraestrutura de distribuição e o hardware proprietário, que podem ser escaláveis se a startup conseguir superar as barreiras regulatórias e logísticas."",
  ""risco_critico"": ""A falta de experiência da equipe em questões regulatórias e no setor de saúde pode ser um obstáculo significativo para a implementação da solução proposta. Além disso, a concorrência é dominada por gigantes estabelecidos com infraestrutura robusta e confiança do mercado."",
  ""analise_equipe"": ""A equipe fundadora carece de experiência relevante no setor de saúde e em questões regulatórias, o que pode ser um desafio significativo para a implementação da solução proposta. A experiência em vendas de software B2B pode ser útil, mas não compensa a falta de conhecimento técnico e regulatório."",
  ""categoria_risco_principal"": ""Problema regulatório ou legal"",
  ""probabilidade_sucesso_0_a_100"": 30,
  ""veredito_final"": ""Necessita Pivotagem"",
  ""nivel_rigor_diagnostico"": 10
}",Equipe inadequada,20.0,Rejeitada,10.0,"{
  ""analise_problema_mercado"": ""O problema de acesso a diagnósticos rápidos e de baixo custo é relevante, especialmente em cenários de saúde onde a velocidade e a conveniência são cruciais. No entanto, a urgência e frequência do problema podem ser questionadas, pois muitos consumidores ainda podem recorrer a métodos tradicionais ou alternativas gratuitas fornecidas por sistemas de saúde públicos ou privados. Além disso, a existência de gigantes no setor pode limitar a penetração de uma nova plataforma."",
  ""analise_solucao_proposta"": ""A solução proposta é inovadora e promissora, mas requer um alto nível de validação técnica e regulatória. A complexidade da solução e a necessidade de hardware proprietário podem tornar a construção e validação inicial muito custosa e demorada, além de exigir uma equipe técnica especializada que não está presente na startup."",
  ""analise_receitas_custos"": ""O caminho para a primeira receita é longo e incerto, dada a necessidade de aprovação regulatória e a competição existente. Os custos iniciais de desenvolvimento e certificação podem ser elevados, e a geração de receita inicial pode ser lenta devido à necessidade de estabelecer credibilidade e parcerias."",
  ""vantagem_injusta"": ""Não há evidências claras de uma vantagem injusta que a equipe possa ter sobre concorrentes estabelecidos. A falta de experiência técnica e regulatória da equipe pode ser um desvantagem significativa."",
  ""risco_critico"": ""O maior risco é a falta de experiência da equipe em questões regulatórias e técnicas do setor de saúde. Sem uma equipe técnica e regulatória adequada, a startup pode enfrentar dificuldades significativas em obter aprovações necessárias e competir com players estabelecidos."",
  ""analise_equipe"": ""A equipe fundadora carece de experiência relevante no setor de saúde e em questões regulatórias. A liderança técnica e regulatória é crucial para o sucesso de uma startup nesta área, e a falta dela pode ser fatal."",
  ""categoria_risco_principal"": ""Equipe inadequada"",
  ""probabilidade_sucesso_0_a_100"": 20,
  ""veredito_final"": ""Rejeitada"",
  ""nivel_rigor_diagnostico"": 10
}",Equipe inadequada,20.0,Rejeitada,10.0,"{
  ""analise_problema_mercado"": ""A definição do problema é inconsistente. A startup propõe resolver a necessidade de diagnósticos rápidos e de baixo custo, mas não fornece dados sobre a prevalência dessa necessidade no mercado ou a existência de uma demanda insatisfeita. Além disso, a hipótese de que os consumidores pagariam por testes rápidos e de baixo custo não é fundamentada, especialmente em 2018, quando a adoção de tecnologias de saúde ainda estava em estágio inicial."",
  ""analise_solucao_proposta"": ""A solução proposta é uma plataforma de diagnósticos descentralizados, mas não há detalhes sobre como essa plataforma é diferente ou superior às existentes no mercado. A hipótese de que a plataforma pode realizar múltiplos exames rápidos e de baixo custo a partir de coletas biológicas de volume mínimo não é sustentada por evidências técnicas ou científicas. Além disso, a proposta de distribuição direta ao consumidor (D2C) em redes de farmácias não é coerente com a maturidade do mercado em 2018."",
  ""analise_receitas_custos"": ""A lógica de monetização é questionável. A startup propõe monetizar através de testes pagos e parcerias D2C, mas não há evidências de que os consumidores estariam dispostos a pagar por esses serviços em 2018. Além disso, a proposta de licenciamento de hardware proprietário em miniatura não é sustentada por dados técnicos ou de mercado."",
  ""vantagem_injusta"": ""A vantagem competitiva da startup não é fundamentada. A startup afirma ter uma vantagem competitiva através de sua plataforma de diagnósticos, mas não fornece detalhes sobre como essa plataforma é diferente ou superior às existentes no mercado. Além disso, a startup não possui experiência relevante no setor de saúde ou em assuntos regulatórios, o que torna difícil acreditar em uma vantagem competitiva baseada em tecnologia."",
  ""risco_critico"": ""O risco crítico é a falta de evidências técnicas e de mercado para sustentar a proposta de valor da startup. A startup não fornece detalhes sobre como sua plataforma é diferente ou superior às existentes no mercado, e não há evidências de que os consumidores estariam dispostos a pagar por esses serviços em 2018."",
  ""analise_equipe"": ""A equipe fundadora é inadequada para o desafio técnico e competitivo descrito. A jovem empreendedora que abandonou a graduação em exatas precocemente e tem apenas uma breve experiência como assistente de laboratório não possui a experiência técnica necessária para desenvolver uma plataforma de diagnósticos. Além disso, o executivo chefe de operações, cujo histórico é em vendas de software B2B e na bolha da internet, não possui experiência relevante no setor de saúde ou em assuntos regulatórios."",
  ""categoria_risco_principal"": ""Equipe inadequada"",
  ""probabilidade_sucesso_0_a_100"": 20,
  ""veredito_final"": ""Rejeitada"",
  ""nivel_rigor_diagnostico"": 10
}",Problema regulatório ou legal,20.0,Rejeitada,10.0,"{
  ""analise_problema_mercado"": ""O mercado de HealthTech Diagnostics é altamente regulado, com barreiras significativas para novos entrantes devido a requisitos de licenciamento e conformidade. A existência de gigantes nacionais no setor indica que a startup enfrentará resistência de incumbentes com poder de mercado e acesso político."",
  ""analise_solucao_proposta"": ""A solução proposta, uma plataforma de diagnósticos descentralizada, pode enfrentar desafios regulatórios significativos. A necessidade de licenciamento e conformidade para operar em um ambiente altamente regulado pode ser um obstáculo significativo para a startup."",
  ""analise_receitas_custos"": ""O modelo de receita baseado em testes pagos e parcerias D2C pode ser contestado por reguladores, especialmente se a startup não cumprir com os requisitos de conformidade e licenciamento. Além disso, a plataforma pode enfrentar pressão regulatória para limitar preços ou comissões, o que pode comprometer a sustentabilidade financeira."",
  ""vantagem_injusta"": ""A vantagem competitiva da startup pode não ser defensável frente a uma resposta coordenada de incumbentes. A falta de experiência regulatória e de saúde da equipe pode ser um desafio significativo para enfrentar a concorrência predatória."",
  ""risco_critico"": ""O risco crítico é a ação de reguladores ou incumbentes que podem inviabilizar a startup antes que ela atinja escala crítica. Isso pode incluir a negação de licenças necessárias, a imposição de regulamentações que tornem o modelo de negócio inviável ou a pressão para limitar preços e comissões."",
  ""analise_equipe"": ""A equipe fundadora carece de experiência relevante no setor de saúde e em questões regulatórias. A falta de expertise pode ser um obstáculo significativo para enfrentar os desafios regulatórios e competitivos."",
  ""categoria_risco_principal"": ""Problema regulatório ou legal"",
  ""probabilidade_sucesso_0_a_100"": 20,
  ""veredito_final"": ""Rejeitada"",
  ""nivel_rigor_diagnostico"": 10
}"
F03,Juicero,Sistema de hardware conectado para preparo de bebidas premium,2013,2017.0,Consumer Hardware,"Dispositivo de hardware IoT (Internet das Coisas) voltado ao consumidor final. O modelo financeiro exige a compra de um equipamento de altíssimo custo inicial (ticket premium) atrelada à assinatura recorrente de refis orgânicos proprietários fechados a vácuo. O aparelho possui integração digital que lê cada pacote para autorizar o funcionamento mecânico, criando um ecossistema fechado.",Falha,"A empresa perdeu credibilidade após ser demonstrado que o produto era desnecessário, já que os pacotes podiam ser utilizados manualmente. O alto custo e baixa utilidade inviabilizaram a adoção.",Sem necessidade de mercado,Problema de preço ou custo;Produto ruim,Publicação da Bloomberg demonstrando que o produto podia ser substituído manualmente sem perda de funcionalidade,Sem necessidade de mercado,2017,"A startup captou mais de cem milhões de dólares junto a grandes fundos de Venture Capital. O mercado alvo compete com eletrodomésticos mecânicos tradicionais já estabelecidos e com métodos manuais de custo zero. Os fundadores possuem forte histórico em marketing de consumo, branding e mídia digital, mas carecem de especialização prévia profunda em engenharia de hardware complexo e logística de suprimentos perecíveis.",https://en.wikipedia.org/wiki/Juicero;https://www.bbc.com/news/technology-41148663;https://www.bloomberg.com/news/articles/2017-04-19/silicon-valley-s-juicero-machine-can-be-replaced-by-hand;https://www.theverge.com/2017/4/21/15379522/juicero-shutdown,Problema de preço ou custo,30.0,Necessita Pivotagem,8.0,"{
  ""analise_problema_mercado"": ""O problema do mercado é a busca por uma experiência premium e conveniente na preparação de bebidas. No entanto, o mercado já possui alternativas estabelecidas, como eletrodomésticos mecânicos e métodos manuais, que podem ser mais acessíveis e confiáveis para o consumidor."",
  ""analise_solucao_proposta"": ""A solução proposta é um dispositivo IoT de alto custo inicial que oferece uma experiência premium e conveniente, com integração digital e refis proprietários. A proposta de valor única é a conveniência e a qualidade garantida dos refis orgânicos fechados a vácuo, embora isso possa ser visto como um custo adicional recorrente para o consumidor."",
  ""analise_receitas_custos"": ""O modelo de receita é baseado em um alto custo inicial do dispositivo e assinaturas recorrentes de refis proprietários. Os custos incluem desenvolvimento de hardware complexo, logística de suprimentos perecíveis e marketing intensivo. A estrutura de custos é significativa, especialmente para um produto de nicho."",
  ""vantagem_injusta"": ""A vantagem competitiva potencial é a integração digital e a qualidade garantida dos refis orgânicos fechados a vácuo, que podem ser um diferencial para consumidores que valorizam a conveniência e a qualidade premium."",
  ""risco_critico"": ""O maior risco é a aceitação do consumidor para um dispositivo de alto custo inicial e assinaturas recorrentes, especialmente em um mercado já saturado com alternativas mais acessíveis e estabelecidas."",
  ""analise_equipe"": ""A equipe tem forte experiência em marketing de consumo e branding, mas carece de especialização em engenharia de hardware complexo e logística de suprimentos perecíveis, o que pode ser um desafio para a execução do produto."",
  ""categoria_risco_principal"": ""Problema de preço ou custo"",
  ""probabilidade_sucesso_0_a_100"": 30,
  ""veredito_final"": ""Necessita Pivotagem"",
  ""nivel_rigor_diagnostico"": 8
}",Produto ruim,55.0,Necessita Pivotagem,8.0,"{
  ""analise_problema_mercado"": ""O problema do mercado é relevante, pois há uma demanda crescente por produtos premium e experiências de consumo diferenciadas. No entanto, o setor de eletrodomésticos para preparo de bebidas é altamente competitivo e saturado, com muitas opções existentes no mercado. O segmento de consumidores alvo precisa ser bem definido para sustentar a demanda por um produto de alto custo inicial e assinaturas recorrentes."",
  ""analise_solucao_proposta"": ""A solução proposta é inovadora e utiliza tecnologia de ponta, mas pode ser questionada em termos de viabilidade prática e aceitação do consumidor. A integração digital e o ecossistema fechado são pontos fortes, mas a necessidade de refis proprietários pode ser um empecilho para a adoção em massa."",
  ""analise_receitas_custos"": ""O modelo econômico é ambicioso, com um alto custo inicial e receitas recorrentes através de assinaturas. No entanto, a margem de lucro pode ser afetada por custos elevados de produção e logística de suprimentos perecíveis. A concorrência com produtos mais baratos e métodos manuais gratuitos pode ser um desafio significativo."",
  ""vantagem_injusta"": ""A vantagem injusta é a integração digital e o ecossistema fechado, que cria uma barreira à entrada para a concorrência e garante a dependência do consumidor pelo produto e seus refis."",
  ""risco_critico"": ""O maior risco estrutural é a aceitação do consumidor por um produto de alto custo inicial e a necessidade de assinaturas recorrentes. A concorrência com produtos mais baratos e métodos manuais gratuitos também é um risco significativo."",
  ""analise_equipe"": ""A equipe tem forte experiência em marketing e branding, mas carece de especialização em engenharia de hardware complexo e logística de suprimentos perecíveis. Isso pode ser um desafio significativo para a implementação e escalabilidade do produto."",
  ""categoria_risco_principal"": ""Produto ruim"",
  ""probabilidade_sucesso_0_a_100"": 55,
  ""veredito_final"": ""Necessita Pivotagem"",
  ""nivel_rigor_diagnostico"": 8
}",Produto ruim,20.0,Rejeitada,10.0,"{
  ""analise_problema_mercado"": ""O problema de preparar bebidas premium de forma mais conveniente pode não ser suficiente para justificar um investimento tão significativo em um dispositivo de hardware. A existência de métodos manuais gratuitos e eletrodomésticos mecânicos já estabelecidos sugere que o mercado pode não ver a necessidade de um dispositivo tão caro e complexo."",
  ""analise_solucao_proposta"": ""A solução proposta é um dispositivo de hardware IoT que requer a compra de refis proprietários. No entanto, a integração digital e a necessidade de refis fechados podem criar um atrito significativo para os consumidores, especialmente se comparados a métodos mais simples e baratos de preparar bebidas premium."",
  ""analise_receitas_custos"": ""O modelo de negócios depende de uma receita inicial alta através da venda do dispositivo e de uma receita recorrente através da venda de refis. No entanto, a alta barreira de entrada pode limitar a adesão inicial, e a necessidade de refis pode ser um fator de descontinuidade para os consumidores. Além disso, a logística de fornecimento de refis perecíveis pode ser cara e complexa."",
  ""vantagem_injusta"": ""A vantagem competitiva proposta é a integração digital e a necessidade de refis proprietários. No entanto, a integração digital pode ser replicada por concorrentes e a necessidade de refis proprietários pode ser vista como um atrito significativo para os consumidores, tornando a vantagem competitiva menos defensável."",
  ""risco_critico"": ""O risco crítico é a adesão do consumidor. O alto custo inicial do dispositivo e a necessidade de comprar refis proprietários podem criar um atrito significativo para os consumidores, especialmente se comparados a métodos mais simples e baratos de preparar bebidas premium."",
  ""analise_equipe"": ""A equipe tem forte experiência em marketing de consumo, branding e mídia digital, mas carece de especialização em engenharia de hardware complexo e logística de suprimentos perecíveis. Isso pode ser um problema, pois a solução proposta é complexa e requer conhecimento especializado em hardware e logística."",
  ""categoria_risco_principal"": ""Produto ruim"",
  ""probabilidade_sucesso_0_a_100"": 20,
  ""veredito_final"": ""Rejeitada"",
  ""nivel_rigor_diagnostico"": 10
}",Produto ruim,30.0,Necessita Pivotagem,10.0,"{
  ""analise_problema_mercado"": ""O mercado alvo é composto por consumidores que buscam experiências premium e conveniência, mas a concorrência com eletrodomésticos mecânicos tradicionais e métodos manuais de preparo de bebidas é significativa. A fricção mecânica para aquisição de clientes é alta devido ao custo inicial elevado do dispositivo e a necessidade de adquirir refis proprietários recorrentemente. O tamanho do mercado potencial é limitado por essas barreiras."",
  ""analise_solucao_proposta"": ""A solução proposta é um sistema de hardware conectado que combina um aparelho de alto custo inicial com uma assinatura recorrente de refis proprietários. A integração digital e a autorização mecânica baseada em leitura de pacotes criam um ecossistema fechado. No entanto, a complexidade logística e técnica envolvida na produção e distribuição de refis orgânicos perecíveis é significativa."",
  ""analise_receitas_custos"": ""O modelo de receita baseia-se em um alto custo inicial do dispositivo e assinaturas recorrentes de refis proprietários. No entanto, a margem de lucro pode ser comprometida pela alta complexidade e custos de produção e logística dos refis. Além disso, a necessidade de uma forte infraestrutura de suporte e serviço ao cliente pode aumentar os custos operacionais."",
  ""vantagem_injusta"": ""A vantagem injusta potencial é a integração digital que lê cada pacote para autorizar o funcionamento mecânico, criando um ecossistema fechado que dificulta a entrada de concorrentes."",
  ""risco_critico"": ""O risco crítico é a necessidade de uma forte infraestrutura de produção e distribuição de refis orgânicos perecíveis, que pode ser complexa e cara. Além disso, a concorrência com métodos manuais de preparo de bebidas e eletrodomésticos mecânicos tradicionais é significativa."",
  ""analise_equipe"": ""A equipe possui forte experiência em marketing de consumo, branding e mídia digital, mas carece de especialização em engenharia de hardware complexo e logística de suprimentos perecíveis. Isso pode ser um desafio significativo para a implementação bem-sucedida do modelo de negócios."",
  ""categoria_risco_principal"": ""Produto ruim"",
  ""probabilidade_sucesso_0_a_100"": 30,
  ""veredito_final"": ""Necessita Pivotagem"",
  ""nivel_rigor_diagnostico"": 10
}",Produto ruim,30.0,Necessita Pivotagem,8.0,"{
  ""analise_problema_mercado"": ""O problema de oferecer uma solução premium para preparo de bebidas pode ser atraente para um nicho de mercado, mas é necessário avaliar se há uma dor significativa e urgente suficiente para justificar o alto custo inicial e a assinatura recorrente. Em 2017, o mercado de consumo estava começando a se familiarizar com dispositivos IoT, mas ainda era cético em relação a soluções de alto custo e assinaturas recorrentes para itens de consumo diário. A competição com métodos manuais gratuitos e eletrodomésticos estabelecidos é significativa."",
  ""analise_solucao_proposta"": ""A solução proposta é inovadora e utiliza um modelo de ecossistema fechado que pode ser difícil de replicar por concorrentes. No entanto, a complexidade do hardware e a necessidade de uma logística de suprimentos perecíveis eficiente podem ser desafios significativos para uma startup em estágio inicial. A integração digital e a autorização do funcionamento mecânico são aspectos interessantes, mas requerem uma validação cuidadosa."",
  ""analise_receitas_custos"": ""O modelo de negócios baseado em um alto custo inicial e assinaturas recorrentes pode ser lucrativo se bem executado, mas é crucial que o caminho para a primeira receita seja curto e claro. A startup precisa demonstrar que pode gerar receita suficiente para sustentar a operação e a logística de suprimentos perecíveis. A integração digital e a autorização do funcionamento mecânico podem ser pontos de atratividade, mas precisam ser validados."",
  ""vantagem_injusta"": ""A vantagem inerente ao ecossistema fechado e à integração digital pode ser um diferencial, mas outros players podem replicar essa ideia com o tempo. A vantagem real reside na expertise em marketing e branding dos fundadores, mas isso pode não ser suficiente para superar os desafios técnicos e logísticos."",
  ""risco_critico"": ""O maior risco é a capacidade da startup de validar e escalar a logística de suprimentos perecíveis e a integração digital do hardware. A falta de experiência em engenharia de hardware complexo e logística de suprimentos perecíveis pode ser fatal."",
  ""analise_equipe"": ""A equipe tem forte experiência em marketing e branding, o que é crucial para um produto de consumo, mas carece de experiência em engenharia de hardware complexo e logística de suprimentos perecíveis. Isso pode ser um obstáculo significativo para a execução do modelo de negócios."",
  ""categoria_risco_principal"": ""Produto ruim"",
  ""probabilidade_sucesso_0_a_100"": 30,
  ""veredito_final"": ""Necessita Pivotagem"",
  ""nivel_rigor_diagnostico"": 8
}",Produto ruim,20.0,Rejeitada,10.0,"{
  ""analise_problema_mercado"": ""O problema identificado é a necessidade de um sistema de preparo de bebidas premium que ofereça uma experiência superior aos métodos manuais e eletrodomésticos tradicionais. A hipótese é que os consumidores de bebidas premium estão dispostos a pagar um alto preço inicial e uma assinatura recorrente por um produto que ofereça conveniência e qualidade superior. No entanto, não há evidências claras de que o mercado de consumidores de bebidas premium esteja buscando um dispositivo de hardware IoT com essas características específicas. Há um salto lógico entre a dor identificada e a solução proposta."",
  ""analise_solucao_proposta"": ""A solução proposta é um dispositivo de hardware IoT que requer a compra de refis orgânicos proprietários para funcionar. A integração digital e a autorização do funcionamento mecânico baseada nos refis são suposições que não são necessariamente verdadeiras ou aceitáveis para o consumidor. Além disso, a solução proposta cria um ecossistema fechado, o que pode ser visto como uma barreira para a adoção do produto."",
  ""analise_receitas_custos"": ""A lógica de monetização é baseada na venda de um aparelho de alto custo inicial e na assinatura recorrente de refis. No entanto, não há garantia de que os consumidores estejam dispostos a pagar tanto por um dispositivo e seus refis. A equipe carece de experiência em engenharia de hardware complexo e logística de suprimentos perecíveis, o que pode comprometer a viabilidade do modelo de negócios."",
  ""vantagem_injusta"": ""A vantagem injusta é baseada na integração digital e na autorização do funcionamento mecânico baseada nos refis. No entanto, essa vantagem não é claramente derivada das capacidades descritas da equipe e do produto. A integração digital e a autorização mecânica são suposições que não são necessariamente aceitáveis para o consumidor."",
  ""risco_critico"": ""O risco crítico é a falta de evidência de que os consumidores estejam dispostos a pagar tanto por um dispositivo e seus refis. A equipe carece de experiência em engenharia de hardware complexo e logística de suprimentos perecíveis, o que pode comprometer a viabilidade do modelo de negócios."",
  ""analise_equipe"": ""A equipe possui forte histórico em marketing de consumo, branding e mídia digital, mas carece de especialização prévia profunda em engenharia de hardware complexo e logística de suprimentos perecíveis. Isso pode comprometer a viabilidade técnica do produto e a capacidade de fornecer um serviço de qualidade aos consumidores."",
  ""categoria_risco_principal"": ""Produto ruim"",
  ""probabilidade_sucesso_0_a_100"": 20,
  ""veredito_final"": ""Rejeitada"",
  ""nivel_rigor_diagnostico"": 10
}",Concorrência predatória,30.0,Necessita Pivotagem,9.0,"{
  ""analise_problema_mercado"": ""O mercado de eletrodomésticos para preparo de bebidas é altamente competitivo e já possui players estabelecidos com forte presença no mercado e alto poder de mercado. A introdução de um novo dispositivo de hardware IoT pode enfrentar resistência significativa devido à necessidade de mudança de hábitos dos consumidores e à competição com métodos tradicionais e manuais que não requerem investimento inicial."",
  ""analise_solucao_proposta"": ""A solução proposta, que envolve um dispositivo de hardware IoT com integração digital e refis proprietários, cria potenciais passivos regulatórios. A necessidade de conformidade com regulamentações de segurança e privacidade de dados, além de possíveis restrições relacionadas à venda de produtos alimentícios, pode ser um desafio significativo para a startup."",
  ""analise_receitas_custos"": ""O modelo de receita baseado em um custo inicial alto e assinaturas recorrentes de refis pode ser vulnerável a contestação regulatória. Além disso, a dependência de uma cadeia de suprimentos complexa para refis pode resultar em custos operacionais elevados e potenciais interrupções na cadeia de fornecimento, afetando a sustentabilidade financeira."",
  ""vantagem_injusta"": ""A vantagem competitiva baseada em um ecossistema fechado e refis proprietários pode ser desafiada por incumbentes com maior poder de mercado e capacidade de lobby. Empresas estabelecidas podem responder com ofertas semelhantes ou alternativas que desafiam a exclusividade do modelo proposto."",
  ""risco_critico"": ""O risco crítico é a retaliação competitiva de incumbentes, que podem introduzir produtos semelhantes ou alternativas que desafiam o modelo de negócio da startup. Além disso, a contestação regulatória pode resultar em restrições que comprometem a viabilidade do modelo de negócio."",
  ""analise_equipe"": ""A equipe tem forte experiência em marketing e branding, mas carece de expertise em engenharia de hardware complexo e logística de suprimentos perecíveis. Este é um desafio significativo, pois a implementação bem-sucedida do produto requer competências técnicas avançadas e uma cadeia de fornecimento robusta."",
  ""categoria_risco_principal"": ""Concorrência predatória"",
  ""probabilidade_sucesso_0_a_100"": 30,
  ""veredito_final"": ""Necessita Pivotagem"",
  ""nivel_rigor_diagnostico"": 9
}"
F04,23andMe,Plataforma D2C de análise de biomarcadores e histórico de saúde,2006,2024.0,Biotech / Consumer Health,"Serviço de biotecnologia direto ao consumidor (D2C) baseado no envio de kits de autocoleta biológica via correio. O usuário recebe relatórios detalhados sobre suas predisposições de saúde e sua linhagem/origens. O modelo financeiro inicia-se em uma venda transacional do produto físico (o kit), com uma premissa de receita futura baseada em serviços digitais de assinatura de saúde e na monetização do banco de dados populacional em parcerias B2B de pesquisa farmacêutica.",Falha,A empresa perdeu tração após anos de dificuldades para transformar a base de usuários em um modelo financeiro sustentável. A monetização via serviços de saúde e dados genéticos não compensou os altos custos operacionais e a pressão regulatória crescente. A deterioração da confiança e a fragilidade do negócio culminaram em colapso operacional e pedidos de proteção contra credores.,Problema regulatório ou legal,Modelo de negócios falho;Problema de preço ou custo,Crise operacional e financeira culminando em colapso e necessidade de reestruturação,Problema regulatório ou legal,2024,"A empresa levantou quase meio bilhão de dólares em sucessivas rodadas de capital. O mercado atua em uma área fronteiriça da ciência, lidando com dados extremamente sensíveis e competindo com poucos, mas fortes, serviços semelhantes. A liderança é composta por uma executiva fundadora com formação em ciências da vida e sólida vivência como analista financeira no setor de saúde, apoiada por um cofundador com forte histórico na construção de produtos de tecnologia digital em escala.",https://www.reuters.com/world/us/23andme-files-bankruptcy-2024-03-24/;https://mediacenter.23andme.com/press-releases/23andme-raises-250-million-growth-financing-led-sequoia-capital/;https://med.stanford.edu/biodesign/our-impact/stories/From-the-Innovators-Workbench-Anne-Wojcicki-CEO-23andme.html,Problema regulatório ou legal,65.0,Necessita Pivotagem,9.0,"{
  ""analise_problema_mercado"": ""O problema de saúde individual e a necessidade de personalização de tratamentos são relevantes, especialmente com o avanço da medicina personalizada. A demanda por informações detalhadas sobre predisposições genéticas e histórico de saúde é clara, embora o mercado seja saturado por grandes players com recursos significativos."",
  ""analise_solucao_proposta"": ""A solução proposta é inovadora e claramente diferenciada, oferecendo uma plataforma D2C que combina kits de autocoleta biológica com relatórios detalhados e serviços digitais de assinatura. A proposta de valor única reside na integração de dados genéticos e de saúde com recomendações personalizadas e monetização de dados populacionais para pesquisa farmacêutica."",
  ""analise_receitas_custos"": ""O modelo de receita é diversificado, com potencial de monetização através de vendas de kits, assinaturas de serviços digitais e parcerias B2B. No entanto, os custos iniciais de desenvolvimento de produtos, coleta de dados e conformidade regulatória podem ser significativos, o que pode comprometer a viabilidade financeira inicial."",
  ""vantagem_injusta"": ""A vantagem competitiva reside na liderança técnica e financeira, com uma fundadora com sólida experiência em ciências da vida e finanças de saúde, além de um cofundador com forte histórico em tecnologia digital. A empresa também possui um grande capital levantado, o que lhe dá vantagem em escala e desenvolvimento de produto."",
  ""risco_critico"": ""O maior risco estrutural é a conformidade regulatória e a proteção de dados sensíveis, uma vez que o setor de biotecnologia e saúde é altamente regulado e a privacidade dos dados genéticos é uma preocupação crescente."",
  ""analise_equipe"": ""A equipe é composta por profissionais com experiência relevante em ciências da vida, finanças de saúde e tecnologia digital, o que é adequado para o desafio técnico e competitivo do setor. No entanto, a equipe precisa demonstrar capacidade de lidar com os desafios regulatórios e de privacidade."",
  ""categoria_risco_principal"": ""Problema regulatório ou legal"",
  ""probabilidade_sucesso_0_a_100"": 65,
  ""veredito_final"": ""Necessita Pivotagem"",
  ""nivel_rigor_diagnostico"": 9
}",Concorrência predatória,65.0,Necessita Pivotagem,8.0,"{
  ""analise_problema_mercado"": ""O problema do mercado é real e relevante, pois há uma crescente demanda por personalização e conhecimento sobre a saúde individual. No entanto, o setor de biotecnologia D2C está cada vez mais saturado, com grandes players já estabelecidos. A definição do segmento de clientes é crucial, pois o público-alvo deve ser bem compreendido para garantir a sustentabilidade da demanda."",
  ""analise_solucao_proposta"": ""A solução proposta é inovadora e potencialmente valiosa, oferecendo uma plataforma que combina a coleta de dados biológicos com análise genética e histórica de saúde. No entanto, a execução e a escalabilidade da solução devem ser bem testadas, especialmente em relação à confiabilidade dos resultados e à integração com serviços digitais de assinatura de saúde."",
  ""analise_receitas_custos"": ""O modelo econômico é ambicioso, com potencial de receita tanto de vendas transacionais quanto de assinaturas e parcerias B2B. No entanto, os custos iniciais de desenvolvimento e certificação de produtos biológicos são elevados, e a concorrência de grandes empresas pode dificultar a captura de market share."",
  ""vantagem_injusta"": ""A vantagem injusta pode ser a combinação de experiência em ciências da vida e tecnologia digital, permitindo a criação de um produto que atende a uma necessidade específica do mercado. Além disso, a formação de um banco de dados populacional robusto pode ser um ativo valioso para parcerias futuras."",
  ""risco_critico"": ""O maior risco estrutural é a concorrência predatória, especialmente de empresas bem estabelecidas com recursos significativamente maiores. A capacidade de diferenciar-se e estabelecer-se em um mercado altamente competitivo é crucial."",
  ""analise_equipe"": ""A equipe é bem qualificada, com experiência em biotecnologia e tecnologia digital, o que é fundamental para o sucesso deste tipo de startup. No entanto, a equipe deve demonstrar habilidades de gestão de riscos e adaptação rápida a mudanças no mercado."",
  ""categoria_risco_principal"": ""Concorrência predatória"",
  ""probabilidade_sucesso_0_a_100"": 65,
  ""veredito_final"": ""Necessita Pivotagem"",
  ""nivel_rigor_diagnostico"": 8
}",Problema regulatório ou legal,30.0,Necessita Pivotagem,10.0,"{
  ""analise_problema_mercado"": ""O problema identificado é a necessidade de análise de biomarcadores e histórico de saúde para melhorar a compreensão individual sobre a saúde e predisposições genéticas. No entanto, é questionável se o mercado está realmente pronto para pagar por uma solução D2C neste estágio, especialmente considerando a complexidade e a sensibilidade dos dados envolvidos. Além disso, muitos consumidores podem hesitar em compartilhar informações tão pessoais, mesmo que sejam prometidos benefícios."",
  ""analise_solucao_proposta"": ""A solução proposta é um kit de autocoleta biológica enviado pelo correio, seguido por relatórios detalhados sobre a saúde e linhagem do usuário. No entanto, a adoção dessa solução pode ser limitada devido à falta de confiança no tratamento seguro e confidencial dos dados sensíveis. Além disso, a competição com serviços semelhantes já existentes pode ser significativa, especialmente se esses concorrentes tiverem uma reputação estabelecida e confiável."",
  ""analise_receitas_custos"": ""A receita inicial é baseada na venda transacional de kits físicos, seguida por assinaturas de serviços digitais e monetização de dados populacionais. No entanto, a margem de lucro desses kits pode ser baixa devido aos custos de produção e logística. Além disso, a monetização de dados populacionais pode ser complicada devido a questões de privacidade e regulamentação."",
  ""vantagem_injusta"": ""A vantagem competitiva proposta é a capacidade de fornecer análises detalhadas e personalizadas com base em dados biológicos coletados diretamente do consumidor. No entanto, essa vantagem pode ser facilmente superada por concorrentes que possam oferecer soluções mais robustas e confiáveis, especialmente se esses concorrentes tiverem uma base de dados estabelecida e uma reputação sólida."",
  ""risco_critico"": ""O risco crítico é a falta de confiança do consumidor em compartilhar dados sensíveis e a complexidade regulatória envolvida na coleta e uso desses dados. Além disso, a concorrência com serviços semelhantes já existentes pode ser significativa, especialmente se esses concorrentes tiverem uma reputação estabelecida e confiável."",
  ""analise_equipe"": ""A equipe é composta por uma fundadora com formação em ciências da vida e sólida vivência como analista financeira no setor de saúde, apoiada por um cofundador com forte histórico na construção de produtos de tecnologia digital em escala. No entanto, a equipe pode precisar de mais experiência em lidar com questões regulatórias e de privacidade de dados, bem como em marketing e vendas para um público consumidor."",
  ""categoria_risco_principal"": ""Problema regulatório ou legal"",
  ""probabilidade_sucesso_0_a_100"": 30,
  ""veredito_final"": ""Necessita Pivotagem"",
  ""nivel_rigor_diagnostico"": 10
}",Problema regulatório ou legal,70.0,Necessita Pivotagem,9.0,"{
  ""analise_problema_mercado"": ""O mercado de biotecnologia D2C é emergente e altamente regulado, com um potencial significativo devido à crescente consciência do consumidor sobre a saúde personalizada. No entanto, a aquisição de clientes pode ser cara devido à necessidade de educação do mercado e à sensibilidade dos dados envolvidos, o que pode aumentar o CAC (Custo de Aquisição de Cliente)."",
  ""analise_solucao_proposta"": ""A solução proposta é inovadora e abrange tanto a coleta de dados biológicos quanto a análise e entrega de relatórios personalizados. No entanto, a complexidade logística e técnica envolvida na coleta segura e confiável de amostras biológicas, bem como na análise e entrega de resultados, é significativa e requer uma infraestrutura robusta e regulatória."",
  ""analise_receitas_custos"": ""O modelo de receita é diversificado, com vendas transacionais de kits, assinaturas de serviços digitais e monetização de dados para pesquisa farmacêutica. No entanto, os custos iniciais de desenvolvimento de produto, infraestrutura de coleta e análise de dados, e conformidade regulatória podem ser altos. A sustentabilidade financeira dependerá da capacidade de escalar eficientemente e gerar receitas recorrentes."",
  ""vantagem_injusta"": ""A vantagem competitiva mais evidente é a infraestrutura de coleta e análise de dados biológicos, que requer conhecimento especializado e investimento significativo. A experiência da equipe em ciências da vida e tecnologia digital pode ser um ativo importante para a escalabilidade e a conformidade regulatória."",
  ""risco_critico"": ""O risco crítico é a conformidade regulatória e a proteção de dados. A coleta e análise de dados biológicos sensíveis requer um ambiente regulatório rigoroso, e falhas nessa área podem resultar em multas significativas e danos à reputação."",
  ""analise_equipe"": ""A equipe é composta por profissionais com experiência em ciências da vida e tecnologia digital, o que é crucial para o sucesso em um setor altamente regulado e técnico. A fundadora tem uma sólida formação em ciências da vida e experiência em finanças corporativas, enquanto o cofundador tem um forte histórico na construção de produtos de tecnologia digital em escala. Essa combinação é adequada para o desafio."",
  ""categoria_risco_principal"": ""Problema regulatório ou legal"",
  ""probabilidade_sucesso_0_a_100"": 70,
  ""veredito_final"": ""Necessita Pivotagem"",
  ""nivel_rigor_diagnostico"": 9
}",Problema regulatório ou legal,65.0,Necessita Pivotagem,8.0,"{
  ""analise_problema_mercado"": ""O problema de saúde personalizada e a necessidade de entender melhor a genética e o histórico de saúde para prevenção e tratamento é urgente e frequente, especialmente com o aumento da conscientização sobre a saúde personalizada e a genética. No entanto, o mercado está saturado com empresas semelhantes, o que pode dificultar a diferenciação."",
  ""analise_solucao_proposta"": ""A solução proposta é inovadora e tem o potencial de ser única no mercado, oferecendo uma combinação de kits de coleta biológica e relatórios detalhados sobre predisposições de saúde e linhagem. No entanto, a complexidade da solução e a necessidade de validação científica podem ser desafiantes para uma startup em estágio pré-seed ou seed."",
  ""analise_receitas_custos"": ""A receita inicial provavelmente virá da venda dos kits de coleta biológica, seguida por assinaturas de serviços digitais e parcerias B2B. Os custos iniciais serão altos devido à necessidade de desenvolvimento de produtos, validação científica e conformidade regulatória. A economia unitária do primeiro cliente pode ser positiva, mas a escala será necessária para sustentar o modelo de negócios."",
  ""vantagem_injusta"": ""A equipe tem uma combinação única de experiência em ciências da vida e tecnologia digital, o que pode ser uma vantagem competitiva. Além disso, a fundadora tem uma sólida experiência em financiamento e conformidade regulatória, o que é crucial neste setor."",
  ""risco_critico"": ""O maior risco é a conformidade regulatória e a validação científica, que podem atrasar significativamente o lançamento do produto e aumentar os custos. A saturação do mercado também é um risco significativo, pois a empresa precisa se diferenciar rapidamente para atrair clientes."",
  ""analise_equipe"": ""A equipe tem uma forte combinação de experiência em ciências da vida, tecnologia digital e financiamento, o que é crucial para o sucesso neste setor. No entanto, a equipe precisa demonstrar a capacidade de navegar pelos desafios regulatórios e científicos complexos."",
  ""categoria_risco_principal"": ""Problema regulatório ou legal"",
  ""probabilidade_sucesso_0_a_100"": 65,
  ""veredito_final"": ""Necessita Pivotagem"",
  ""nivel_rigor_diagnostico"": 8
}",Problema de preço ou custo,30.0,Necessita Pivotagem,8.0,"{
  ""analise_problema_mercado"": ""A plataforma propõe resolver o problema de consumidores que desejam entender melhor suas predisposições de saúde e linhagem através de análises de biomarcadores e histórico de saúde. A definição do problema é coerente, pois há um interesse crescente em medicina personalizada e genética. No entanto, há um salto lógico não fundamentado na afirmação de que todos os consumidores que desejam entender suas predisposições de saúde também estão dispostos a compartilhar seus dados para fins de pesquisa farmacêutica."",
  ""analise_solucao_proposta"": ""A solução proposta é uma plataforma D2C que envia kits de autocoleta biológica e gera relatórios detalhados. A solução é coerente com o problema identificado, mas há uma suposição não fundamentada de que os consumidores estarão dispostos a compartilhar seus dados para fins de pesquisa farmacêutica, o que pode ser um obstáculo significativo devido à sensibilidade dos dados."",
  ""analise_receitas_custos"": ""A lógica de monetização é baseada em uma venda transacional do kit e receitas futuras de assinaturas digitais e monetização de dados. No entanto, a monetização de dados populacionais depende de uma base de usuários que esteja disposta a compartilhar seus dados, o que não é garantido e pode ser um grande risco."",
  ""vantagem_injusta"": ""A vantagem injusta é baseada na capacidade de coletar e monetizar dados populacionais. No entanto, essa vantagem depende de uma base de usuários que esteja disposta a compartilhar seus dados, o que não é garantido e pode ser um grande risco."",
  ""risco_critico"": ""O risco crítico é a capacidade de coletar e monetizar dados populacionais. Se os usuários não estiverem dispostos a compartilhar seus dados, a empresa não poderá monetizar esses dados e o modelo de negócios falhará."",
  ""analise_equipe"": ""A equipe é composta por uma fundadora com formação em ciências da vida e sólida vivência como analista financeira no setor de saúde, apoiada por um cofundador com forte histórico na construção de produtos de tecnologia digital em escala. A equipe parece adequada para o desafio técnico e competitivo descrito."",
  ""categoria_risco_principal"": ""Problema de preço ou custo"",
  ""probabilidade_sucesso_0_a_100"": 30,
  ""veredito_final"": ""Necessita Pivotagem"",
  ""nivel_rigor_diagnostico"": 8
}",Problema regulatório ou legal,40.0,Necessita Pivotagem,9.0,"{
  ""analise_problema_mercado"": ""O mercado de biotecnologia e saúde consumer-to-consumer (D2C) é altamente regulado, especialmente quando se trata de coleta e análise de dados biomédicos. A existência de barreiras legais e regulatórias é significativa, pois a startup precisa lidar com questões de privacidade, conformidade com leis de saúde, como HIPAA nos EUA, e com a necessidade de licenças e aprovações governamentais para operar. Além disso, a presença de incumbentes estabelecidos, como laboratórios de referência e grandes empresas de saúde, pode dificultar a entrada de novos players."",
  ""analise_solucao_proposta"": ""A solução proposta, que envolve a coleta de dados biomédicos e a análise de biomarcadores, está sujeita a uma série de regulamentações rigorosas. A startup precisa garantir que todos os aspectos da coleta, armazenamento e análise de dados estejam em conformidade com as leis de privacidade e proteção de dados, além de requerer licenças médicas e de pesquisa. A falta de conformidade pode resultar em multas pesadas e até mesmo na interrupção das operações."",
  ""analise_receitas_custos"": ""O modelo de receita baseado em assinaturas de serviços digitais e monetização de dados populacionais pode enfrentar contestação regulatória. A coleta e o uso de dados biomédicos para fins comerciais são áreas altamente sensíveis e podem ser alvo de regulamentações que limitam a monetização desses dados. Além disso, a startup pode enfrentar pressão para ajustar suas comissões e taxas de serviço de acordo com as regulamentações setoriais."",
  ""vantagem_injusta"": ""A vantagem competitiva da startup pode ser desafiada por incumbentes que têm maior capacidade de influenciar políticas regulatórias e podem usar essa influência para criar barreiras à entrada. Além disso, a startup pode enfrentar retaliação direta de concorrentes estabelecidos que possuem maior escala e recursos para desafiar a startup em termos de qualidade de serviço e preço."",
  ""risco_critico"": ""O risco mais letal é a ação de um regulador que pode impor restrições severas sobre a coleta e uso de dados biomédicos, potencialmente interrompendo as operações da startup e inviabilizando o modelo de negócio em menos de 24 meses."",
  ""analise_equipe"": ""A equipe liderada pela fundadora com formação em ciências da vida e experiência em finanças de saúde, além do cofundador com forte histórico em tecnologia digital, é bem posicionada para enfrentar os desafios técnicos e regulatórios. No entanto, a experiência em lidar com regulamentações complexas e a necessidade de formar parcerias estratégicas com atores políticos e regulatórios é crucial para o sucesso a longo prazo."",
  ""categoria_risco_principal"": ""Problema regulatório ou legal"",
  ""probabilidade_sucesso_0_a_100"": 40,
  ""veredito_final"": ""Necessita Pivotagem"",
  ""nivel_rigor_diagnostico"": 9
}"
F05,Jawbone,Fabricante premium de acessórios inteligentes e áudio sem fio,1999,2017.0,Wearable Tech,"Empresa de desenvolvimento de hardware focada em dispositivos vestíveis (wearables) e produtos de áudio portáteis com forte apelo em design. A monetização ocorre quase que exclusivamente via venda transacional direta (one-off) do hardware no varejo físico e online. A premissa de retenção e diferencial competitivo baseia-se na integração desses aparelhos a um aplicativo móvel proprietário de monitoramento de saúde e estilo de vida, visando forjar um ecossistema digital de engajamento contínuo do usuário.",Falha,"A empresa não conseguiu competir com rivais mais eficientes como Apple e Fitbit, enfrentando problemas de qualidade, margens pressionadas e custos elevados. A perda de competitividade e a incapacidade de sustentar escala levaram à liquidação dos ativos.",Problema de preço ou custo,Produto ruim;Concorrência predatória,Processo de liquidação dos ativos e encerramento formal das operações após incapacidade de sustentar o negócio,Problema de preço ou custo,2017,"A companhia acumulou quase um bilhão de dólares em capital de risco ao longo de seu ciclo de vida. O setor de hardware no qual atua apresenta altíssima complexidade logística e margens de lucro espremidas (commodity). O mercado é atacado por dois flancos: o ecossistema fechado de uma gigante corporativa global de smartphones e a proliferação de pulseiras rastreadoras básicas de baixo custo. Os fundadores possuem forte histórico em engenharia de comunicação sem fio e design de eletrônicos de consumo, mas enfrentam o desafio de manter a qualidade em produção de altíssima escala.",https://en.wikipedia.org/wiki/Jawbone_(company);https://www.reuters.com/article/business/jawbone-raises-250-million-valuing-company-at-33-billion-idUSBREA1C1L6/;https://www.theverge.com/2017/6/21/15849756/jawbone-liquidation-shut-down-report;https://www.wsj.com/articles/jawbone-to-liquidate-as-upstart-jawbone-health-hub-launches-1498036801;https://www.bloomberg.com/news/articles/2017-06-21/jawbone-said-to-liquidate-as-hub-startup-is-created,Concorrência predatória,40.0,Necessita Pivotagem,8.0,"{
  ""analise_problema_mercado"": ""O mercado de wearables e áudio sem fio é altamente competitivo em 2017, com gigantes tecnológicas e fabricantes de pulseiras de fitness de baixo custo dominando o espaço. A relevância do problema reside na necessidade de oferecer um produto premium que se destaque em um mercado saturado."",
  ""analise_solucao_proposta"": ""A solução proposta é a criação de um ecossistema de produtos premium que integra acessórios inteligentes e áudio sem fio a um aplicativo de monitoramento de saúde e estilo de vida. A proposta de valor única é a integração e o design premium, mas a concorrência já oferece soluções semelhantes."",
  ""analise_receitas_custos"": ""A monetização é baseada na venda direta de hardware, o que pode ser desafiador em um mercado saturado. Os custos de produção e logística são elevados, especialmente em escala de produção massiva, o que pode comprometer as margens de lucro."",
  ""vantagem_injusta"": ""A vantagem competitiva potencial é a integração com um aplicativo proprietário de monitoramento de saúde e estilo de vida, que pode criar um ecossistema de engajamento contínuo do usuário. No entanto, a concorrência já oferece soluções semelhantes."",
  ""risco_critico"": ""O maior risco é a capacidade de manter a qualidade em produção em larga escala e competir com gigantes tecnológicas e fabricantes de pulseiras de fitness de baixo custo."",
  ""analise_equipe"": ""A equipe tem um forte histórico em engenharia de comunicação sem fio e design de eletrônicos de consumo, o que é crucial para o desenvolvimento de produtos de alta qualidade. No entanto, a equipe precisa lidar com os desafios de produção em escala e concorrência intensa."",
  ""categoria_risco_principal"": ""Concorrência predatória"",
  ""probabilidade_sucesso_0_a_100"": 40,
  ""veredito_final"": ""Necessita Pivotagem"",
  ""nivel_rigor_diagnostico"": 8
}",Concorrência predatória,50.0,Necessita Pivotagem,9.0,"{
  ""analise_problema_mercado"": ""O mercado de wearables e áudio sem fio é significativo e em expansão, especialmente entre consumidores que valorizam design e funcionalidades avançadas. No entanto, em 2017, o setor já estava saturado com concorrentes fortes, incluindo gigantes tecnológicas e fabricantes de pulseiras fitness de baixo custo. A definição do segmento de clientes é crucial, pois o produto precisa atender a um público que valoriza design e funcionalidades premium, mas também é necessário entender se há demanda suficiente para sustentar um modelo de negócio focado em hardware premium."",
  ""analise_solucao_proposta"": ""A solução proposta, que combina acessórios inteligentes e áudio sem fio com um aplicativo de monitoramento de saúde e estilo de vida, é inovadora e potencialmente valiosa para o consumidor. No entanto, a integração com o aplicativo e a criação de um ecossistema digital de engajamento contínuo do usuário são desafios significativos que requerem investimentos substanciais em desenvolvimento de software e marketing. A execução dessa solução requer uma equipe altamente qualificada e recursos financeiros substanciais."",
  ""analise_receitas_custos"": ""O modelo de negócios baseado em vendas transacionais de hardware premium é arriscado, pois depende de margens de lucro elevadas e de um público-alvo que está disposto a pagar mais por design e funcionalidades avançadas. A concorrência de produtos de baixo custo pode desencorajar a adoção de produtos premium. Além disso, a complexidade logística e os custos de produção em grande escala podem comprometer a rentabilidade do modelo de negócio."",
  ""vantagem_injusta"": ""A vantagem injusta potencial é a integração com um aplicativo de monitoramento de saúde e estilo de vida, que pode criar um ecossistema de engajamento contínuo do usuário. No entanto, essa vantagem depende da capacidade da empresa de desenvolver e manter um aplicativo robusto e de atrair e reter usuários."",
  ""risco_critico"": ""O maior risco estrutural é a concorrência predatória, especialmente de gigantes tecnológicas e fabricantes de pulseiras fitness de baixo custo. Esses concorrentes podem oferecer produtos semelhantes a preços mais baixos, comprometendo a viabilidade do modelo de negócio baseado em vendas transacionais de hardware premium."",
  ""analise_equipe"": ""A equipe tem um forte histórico em engenharia de comunicação sem fio e design de eletrônicos de consumo, o que é crucial para o desenvolvimento de produtos de qualidade. No entanto, a equipe precisa ter experiência em desenvolvimento de software e marketing para criar e manter um ecossistema digital de engajamento contínuo do usuário."",
  ""categoria_risco_principal"": ""Concorrência predatória"",
  ""probabilidade_sucesso_0_a_100"": 50,
  ""veredito_final"": ""Necessita Pivotagem"",
  ""nivel_rigor_diagnostico"": 9
}",Concorrência predatória,20.0,Rejeitada,10.0,"{
  ""analise_problema_mercado"": ""O problema identificado é a necessidade de um dispositivo de áudio e monitoramento de saúde premium. No entanto, em 2017, muitos consumidores já estavam satisfeitos com as funcionalidades básicas fornecidas por dispositivos mais baratos e com aplicativos de saúde já disponíveis no mercado. Isso sugere que o problema não é grave o suficiente para justificar o pagamento de um preço premium por uma solução exclusiva."",
  ""analise_solucao_proposta"": ""A solução proposta é a criação de um ecossistema de dispositivos vestíveis e de áudio com forte apelo em design e integração com um aplicativo proprietário. No entanto, a integração com um aplicativo proprietário pode ser um atrito significativo para os usuários, que já estão acostumados com aplicativos de saúde e bem-estar gratuitos e de fácil acesso. Além disso, a concorrência de gigantes tecnológicas e fabricantes de pulseiras de baixo custo pode dificultar a adoção da solução proposta."",
  ""analise_receitas_custos"": ""A monetização ocorre quase que exclusivamente via venda transacional direta do hardware, o que pode ser um problema em um mercado altamente competitivo e saturado. Além disso, a complexidade logística e as margens de lucro espremidas podem dificultar a sustentabilidade financeira a longo prazo."",
  ""vantagem_injusta"": ""A vantagem competitiva proposta é a integração com um aplicativo proprietário de monitoramento de saúde e estilo de vida. No entanto, a concorrência de gigantes tecnológicas e fabricantes de pulseiras de baixo custo pode facilmente replicar essa integração ou oferecer funcionalidades semelhantes em seus próprios aplicativos, tornando a vantagem competitiva pouco defensável."",
  ""risco_critico"": ""O risco crítico é a concorrência predatória de gigantes tecnológicas e fabricantes de pulseiras de baixo custo. Esses concorrentes podem oferecer funcionalidades semelhantes ou superiores a preços mais baixos, dificultando a sustentabilidade financeira da startup."",
  ""analise_equipe"": ""A equipe possui um forte histórico em engenharia de comunicação sem fio e design de eletrônicos de consumo, o que é um ponto positivo. No entanto, a manutenção da qualidade em produção de altíssima escala pode ser um desafio significativo, especialmente em um mercado altamente competitivo e saturado."",
  ""categoria_risco_principal"": ""Concorrência predatória"",
  ""probabilidade_sucesso_0_a_100"": 20,
  ""veredito_final"": ""Rejeitada"",
  ""nivel_rigor_diagnostico"": 10
}",Produto ruim,30.0,Necessita Pivotagem,10.0,"{
  ""analise_problema_mercado"": ""O mercado de wearable tech em 2017 era altamente competitivo, com gigantes tecnológicas e fabricantes de pulseiras de fitness de baixo custo dominando o espaço. A complexidade logística e o custo de produção elevado tornam difícil a entrada de novos players, especialmente aqueles que buscam um posicionamento premium. A fricção mecânica para aquisição de clientes é alta devido à saturação do mercado e à necessidade de superar a marca e a confiabilidade já estabelecidas."",
  ""analise_solucao_proposta"": ""A solução proposta de um ecossistema de wearables premium com forte apelo em design e integração com um aplicativo de monitoramento de saúde é ambiciosa e complexa. A integração de hardware e software requer uma infraestrutura robusta e um forte know-how em engenharia de comunicação sem fio e design de eletrônicos de consumo. A escalabilidade dessa solução é questionável dada a complexidade logística e a necessidade de manter a qualidade em larga escala."",
  ""analise_receitas_custos"": ""A monetização via venda transacional direta de hardware é arriscada em um mercado saturado e com margens apertadas. A necessidade de investimento em infraestrutura, desenvolvimento de software e marketing para construir uma base de usuários leal aumenta significativamente os custos iniciais. A retenção de clientes depende da integração com um aplicativo proprietário, o que pode ser um desafio para a escalabilidade e a rentabilidade."",
  ""vantagem_injusta"": ""A vantagem mais quantificável é a acumulação de quase um bilhão de dólares em capital de risco, o que fornece uma base sólida para investimento em infraestrutura e desenvolvimento de produto. No entanto, isso não garante uma vantagem competitiva duradoura em um mercado altamente competitivo."",
  ""risco_critico"": ""O risco crítico é a dificuldade em manter a qualidade e a competitividade em larga escala, especialmente frente a gigantes tecnológicos e fabricantes de pulseiras de fitness de baixo custo. A saturação do mercado e a necessidade de superar marcas já estabelecidas aumentam significativamente o custo de aquisição de clientes e a dificuldade de escalabilidade."",
  ""analise_equipe"": ""A equipe tem um forte histórico em engenharia de comunicação sem fio e design de eletrônicos de consumo, o que é crucial para o desenvolvimento de produtos de qualidade. No entanto, a equipe enfrenta desafios significativos em manter a qualidade em larga escala e em competir com gigantes tecnológicos e fabricantes de pulseiras de fitness de baixo custo."",
  ""categoria_risco_principal"": ""Produto ruim"",
  ""probabilidade_sucesso_0_a_100"": 30,
  ""veredito_final"": ""Necessita Pivotagem"",
  ""nivel_rigor_diagnostico"": 10
}",Concorrência predatória,30.0,Rejeitada,9.0,"{
  ""analise_problema_mercado"": ""O mercado de wearables e áudio sem fio é altamente saturado em 2017, com gigantes tecnológicas e fabricantes de pulseiras fitness oferecendo soluções competitivas. A dor do cliente está em encontrar um equilíbrio entre design premium e funcionalidade, mas a urgência e frequência de mudança de comportamento para adquirir um novo dispositivo são baixas devido à alta saturação de opções existentes."",
  ""analise_solucao_proposta"": ""A solução proposta é um dispositivo wearable com forte apelo estético e um aplicativo móvel integrado para monitoramento de saúde e estilo de vida. Embora seja uma ideia atraente, a complexidade de desenvolver um hardware de alta qualidade e integrá-lo com um aplicativo robusto pode ser desafiadora para uma startup de seed, especialmente com a concorrência já estabelecida."",
  ""analise_receitas_custos"": ""A monetização é baseada na venda direta de hardware, o que pode ser difícil em um mercado saturado. Os custos de produção e logística são elevados, especialmente para uma startup que precisa estabelecer uma cadeia de fornecimento confiável e escalável. A margem de lucro pode ser estreita devido à concorrência de produtos de baixo custo."",
  ""vantagem_injusta"": ""A equipe tem um forte histórico em engenharia de comunicação sem fio e design de eletrônicos de consumo, o que pode ser uma vantagem na criação de um produto de qualidade superior. No entanto, a replicabilidade dessas habilidades por outras empresas é alta, especialmente com a disponibilidade de mão de obra especializada."",
  ""risco_critico"": ""O maior risco é a concorrência predatória de gigantes tecnológicas e fabricantes de pulseiras fitness de baixo custo. A startup pode ter dificuldade em estabelecer uma posição de mercado devido à falta de escala e recursos comparados a esses concorrentes."",
  ""analise_equipe"": ""A equipe tem experiência relevante em engenharia de comunicação sem fio e design de eletrônicos de consumo, o que é crucial para o desenvolvimento de um produto wearable de qualidade. No entanto, a equipe precisa demonstrar habilidades em marketing e vendas para competir em um mercado saturado."",
  ""categoria_risco_principal"": ""Concorrência predatória"",
  ""probabilidade_sucesso_0_a_100"": 30,
  ""veredito_final"": ""Rejeitada"",
  ""nivel_rigor_diagnostico"": 9
}",Problema de preço ou custo,40.0,Necessita Pivotagem,8.0,"{
  ""analise_problema_mercado"": ""A definição do problema de mercado é coerente, identificando a necessidade de um dispositivo vestível premium com forte apelo em design e integração com um aplicativo de monitoramento de saúde e estilo de vida. No entanto, há uma contradição entre a necessidade de um produto premium e a presença de pulseiras rastreadoras de baixo custo no mercado, o que pode sugerir uma sobreposição de segmentos de mercado."",
  ""analise_solucao_proposta"": ""A solução proposta é coerente com o problema identificado, oferecendo um produto premium com design atraente e uma integração com um aplicativo de monitoramento de saúde e estilo de vida. No entanto, a integração com o aplicativo não é detalhada, o que pode ser um salto lógico não fundamentado."",
  ""analise_receitas_custos"": ""A lógica de monetização via venda transacional direta de hardware é coerente com o perfil de cliente premium, mas a alta complexidade logística e margens de lucro espremidas podem ser um desafio. Além disso, a presença de gigantes corporativas e pulseiras rastreadoras de baixo custo pode dificultar a retenção de clientes."",
  ""vantagem_injusta"": ""A vantagem competitiva baseia-se na integração com um aplicativo de monitoramento de saúde e estilo de vida, mas não há detalhes sobre como essa integração é única ou inovadora em relação aos concorrentes. Isso pode ser uma suposição não fundamentada."",
  ""risco_critico"": ""O risco crítico é a sobreposição de segmentos de mercado entre produtos premium e pulseiras rastreadoras de baixo custo, o que pode dificultar a retenção de clientes e a monetização."",
  ""analise_equipe"": ""A equipe tem um forte histórico em engenharia de comunicação sem fio e design de eletrônicos de consumo, mas enfrenta desafios em manter a qualidade em produção de alta escala. Isso pode ser um risco significativo para a execução do modelo de negócios."",
  ""categoria_risco_principal"": ""Problema de preço ou custo"",
  ""probabilidade_sucesso_0_a_100"": 40,
  ""veredito_final"": ""Necessita Pivotagem"",
  ""nivel_rigor_diagnostico"": 8
}",Concorrência predatória,30.0,Necessita Pivotagem,9.0,"{
  ""analise_problema_mercado"": ""O mercado de wearable tech em 2017 era altamente competitivo e fragmentado, com gigantes tecnológicas e fabricantes de pulseiras de fitness de baixo custo dominando o espaço. A presença de atores incumbentes com vastos recursos financeiros e de marketing torna difícil para novas entrantes estabelecerem-se sem enfrentar forte resistência."",
  ""analise_solucao_proposta"": ""A solução proposta, que envolve a fabricação de acessórios inteligentes e produtos de áudio sem fio, está sujeita a regulamentações rigorosas devido à natureza do hardware e à integração com aplicativos de monitoramento de saúde. A conformidade com as normas de privacidade e segurança de dados é crucial, mas pode ser um desafio para uma startup."",
  ""analise_receitas_custos"": ""O modelo de receita baseado em vendas transacionais diretas de hardware pode ser vulnerável a contestações regulatórias, especialmente em relação a questões de privacidade e segurança de dados. Além disso, a concorrência predatória de gigantes tecnológicos pode pressionar os preços e margens de lucro."",
  ""vantagem_injusta"": ""A vantagem competitiva baseada na integração com um aplicativo de monitoramento de saúde e estilo de vida pode ser desafiada por incumbentes que já possuem vastos ecossistemas de saúde digital. A coordenação de esforços entre gigantes tecnológicos pode dificultar a escalabilidade da startup."",
  ""risco_critico"": ""O risco crítico é a concorrência predatória de gigantes tecnológicos que podem lançar produtos semelhantes com preços mais baixos e maior escala de produção, além de possíveis ações regulatórias relacionadas à privacidade e segurança de dados."",
  ""analise_equipe"": ""A equipe tem um forte histórico em engenharia de comunicação sem fio e design de eletrônicos de consumo, mas enfrenta desafios significativos em escala de produção e na manutenção da qualidade. A experiência em lidar com regulamentações e concorrência predatória é limitada."",
  ""categoria_risco_principal"": ""Concorrência predatória"",
  ""probabilidade_sucesso_0_a_100"": 30,
  ""veredito_final"": ""Necessita Pivotagem"",
  ""nivel_rigor_diagnostico"": 9
}"
F06,Anki,Fabricante de dispositivos robóticos interativos de consumo,2010,2019.0,Robotics / Consumer AI,"Desenvolvimento de dispositivos físicos interativos movidos a IA para o mercado de entretenimento doméstico. O modelo financeiro foca estritamente na venda transacional de hardware premium, prometendo um engajamento prolongado do usuário através de personalidades virtuais adaptativas. O objetivo a longo prazo era criar uma base instalada grande o suficiente para justificar a futura monetização de um ecossistema de software de terceiros, subsidiando a complexa operação física.",Falha,"A empresa não conseguiu transformar inovação tecnológica em um modelo financeiro sustentável, enfrentando altos custos de desenvolvimento e produção de hardware. Apesar de produtos bem avaliados, a escala não foi suficiente para sustentar a operação sem capital contínuo. A dependência de funding e a dificuldade de atingir rentabilidade levaram ao encerramento das operações.",Fim do caixa,Problema de preço ou custo;Modelo de negócios falho,Encerramento abrupto das operações após falha em levantar nova rodada de investimento,Fim do caixa,2019,"A startup levantou mais de duzentos milhões de dólares em capital de risco para financiar intenso P&D. O mercado alvo compete por atenção e orçamento (share of wallet) com consoles de videogame, tablets e brinquedos eletrônicos tradicionais de baixo custo. A equipe fundadora é composta por acadêmicos e pesquisadores de alto nível em robótica e inteligência artificial oriundos de universidades de ponta, possuindo profundo conhecimento técnico, mas sem histórico corporativo prévio em manufatura de eletrônicos em larga escala ou gestão de cadeias de suprimentos globais de baixo custo.",https://techcrunch.com/2019/04/19/anki-is-shutting-down/;https://www.theverge.com/2019/4/20/18508178/anki-shutting-down-cozmo-vector-robots;https://www.wsj.com/articles/robot-maker-anki-shuts-down-after-funding-falls-through-11555743601;https://vcnewsdaily.com/anki/venture-capital-funding/sqthldnhcz;https://www.cbinsights.com/company/anki/financials;https://en.wikipedia.org/wiki/Anki,Problema de preço ou custo,40.0,Necessita Pivotagem,8.0,"{
  ""analise_problema_mercado"": ""O mercado de entretenimento doméstico é altamente competitivo e saturado, com muitos produtos já estabelecidos como consoles de videogame e tablets. O problema de mercado é a dificuldade de capturar uma fatia significativa de um público que já está satisfeito com opções existentes e que pode ser relutante em adotar um novo dispositivo."",
  ""analise_solucao_proposta"": ""A solução proposta é a criação de dispositivos robóticos interativos movidos a IA, que prometem um engajamento prolongado do usuário através de personalidades virtuais adaptativas. A proposta de valor única é a interação emocional e personalizada com o dispositivo, mas a competitividade do mercado pode tornar difícil a diferenciação."",
  ""analise_receitas_custos"": ""O modelo financeiro foca na venda transacional de hardware premium, o que pode ser um risco dado o alto custo de produção e a necessidade de um preço de venda que seja atraente para o consumidor. A monetização futura de um ecossistema de software de terceiros é uma estratégia interessante, mas depende de uma base instalada significativa, o que pode ser difícil de alcançar."",
  ""vantagem_injusta"": ""A vantagem competitiva potencial é a expertise técnica da equipe em robótica e IA, que pode resultar em produtos inovadores e de alta qualidade. No entanto, a falta de experiência em manufatura em larga escala pode limitar a competitividade."",
  ""risco_critico"": ""O maior risco estrutural é a capacidade de competir em um mercado saturado e de baixo custo com produtos já estabelecidos. A falta de experiência da equipe em manufatura em larga escala e gestão de cadeias de suprimentos também é um risco significativo."",
  ""analise_equipe"": ""A equipe fundadora é composta por acadêmicos e pesquisadores de alto nível em robótica e IA, o que é uma vantagem técnica. No entanto, a falta de experiência em manufatura em larga escala e gestão de cadeias de suprimentos pode ser um desafio significativo."",
  ""categoria_risco_principal"": ""Problema de preço ou custo"",
  ""probabilidade_sucesso_0_a_100"": 40,
  ""veredito_final"": ""Necessita Pivotagem"",
  ""nivel_rigor_diagnostico"": 8
}",Produto ruim,55.0,Necessita Pivotagem,8.0,"{
  ""analise_problema_mercado"": ""O mercado de dispositivos robóticos interativos para entretenimento doméstico é um segmento emergente com potencial de crescimento, mas também enfrenta desafios significativos devido à concorrência de produtos estabelecidos como consoles de videogame e tablets. O problema do mercado é real e relevante, mas o segmento de clientes precisa ser bem definido para sustentar uma demanda consistente, especialmente considerando o alto custo do hardware e a necessidade de engajamento prolongado do usuário."",
  ""analise_solucao_proposta"": ""A solução proposta de dispositivos robóticos interativos movidos a IA é inovadora e tem o potencial de oferecer uma experiência única de entretenimento doméstico. No entanto, a execução da solução depende de vários fatores, como a capacidade de manter o engajamento do usuário ao longo do tempo e a viabilidade de criar um ecossistema de software de terceiros lucrativo."",
  ""analise_receitas_custos"": ""O modelo de negócios foca na venda transacional de hardware premium, o que pode ser lucrativo inicialmente, mas requer um alto investimento em P&D e produção. A estrutura de custos é significativa, especialmente considerando a necessidade de manter a inovação e a qualidade do produto. A concorrência é intensa, e a sustentabilidade a longo prazo depende da criação de um ecossistema de software lucrativo, o que é um desafio."",
  ""vantagem_injusta"": ""A vantagem injusta da startup é a expertise técnica da equipe fundadora em robótica e inteligência artificial, bem como o alto nível de investimento em capital de risco para desenvolver e aprimorar os produtos."",
  ""risco_critico"": ""O maior risco estrutural é a capacidade de manter o engajamento do usuário ao longo do tempo e criar um ecossistema de software lucrativo. Além disso, a falta de experiência da equipe em manufatura de eletrônicos em larga escala e gestão de cadeias de suprimentos globais pode ser um gargalo significativo."",
  ""analise_equipe"": ""A equipe fundadora é composta por acadêmicos e pesquisadores de alto nível em robótica e inteligência artificial, o que é um forte ponto positivo. No entanto, a falta de experiência corporativa em manufatura de eletrônicos em larga escala e gestão de cadeias de suprimentos globais pode ser um desafio significativo."",
  ""categoria_risco_principal"": ""Produto ruim"",
  ""probabilidade_sucesso_0_a_100"": 55,
  ""veredito_final"": ""Necessita Pivotagem"",
  ""nivel_rigor_diagnostico"": 8
}",Equipe inadequada,20.0,Rejeitada,10.0,"{
  ""analise_problema_mercado"": ""O problema identificado é a necessidade de entretenimento interativo em casa, mas o mercado já possui várias alternativas estabelecidas como consoles de videogame, tablets e brinquedos eletrônicos. É questionável se o público-alvo verá a necessidade de um dispositivo robótico interativo como uma solução essencial, dada a existência de opções mais acessíveis e já estabelecidas."",
  ""analise_solucao_proposta"": ""A solução proposta é a criação de dispositivos robóticos interativos movidos a IA. No entanto, a adoção de tal tecnologia pode ser limitada devido ao alto custo e à complexidade técnica. Além disso, a solução proposta não aborda diretamente as necessidades do consumidor em relação a um entretenimento mais acessível e já estabelecido no mercado."",
  ""analise_receitas_custos"": ""O modelo financeiro foca na venda transacional de hardware premium, o que pode ser um obstáculo significativo para a aquisição de um público amplo. Além disso, o custo de produção de dispositivos robóticos avançados pode ser muito alto, especialmente se a empresa não tiver experiência em manufatura em larga escala e gestão de cadeias de suprimentos globais de baixo custo. Isso pode resultar em margens de lucro muito baixas ou até mesmo prejuízos."",
  ""vantagem_injusta"": ""A vantagem competitiva proposta é a criação de uma base instalada grande o suficiente para justificar a futura monetização de um ecossistema de software de terceiros. No entanto, é questionável se a empresa será capaz de construir uma base instalada significativa dada a concorrência existente e o alto custo do hardware. Além disso, a monetização de um ecossistema de software de terceiros pode ser difícil sem uma base instalada significativa."",
  ""risco_critico"": ""O risco crítico é a falta de experiência da equipe em manufatura em larga escala e gestão de cadeias de suprimentos globais de baixo custo. Isso pode resultar em custos de produção muito altos e dificuldades em escalar a produção, o que pode comprometer a viabilidade financeira da empresa."",
  ""analise_equipe"": ""A equipe fundadora é composta por acadêmicos e pesquisadores de alto nível em robótica e inteligência artificial, o que é uma vantagem em termos de conhecimento técnico. No entanto, a falta de experiência corporativa em manufatura de eletrônicos em larga escala e gestão de cadeias de suprimentos globais de baixo custo pode ser um desafio significativo para a empresa."",
  ""categoria_risco_principal"": ""Equipe inadequada"",
  ""probabilidade_sucesso_0_a_100"": 20,
  ""veredito_final"": ""Rejeitada"",
  ""nivel_rigor_diagnostico"": 10
}",Equipe inadequada,30.0,Necessita Pivotagem,10.0,"{
  ""analise_problema_mercado"": ""O mercado de dispositivos interativos de consumo é altamente competitivo e saturado, com produtos como consoles de videogame, tablets e brinquedos eletrônicos tradicionais já estabelecidos. A barreira de entrada para capturar uma fatia significativa desse mercado é significativa devido à necessidade de engajamento e fidelidade do usuário, além de um forte marketing e distribuição."",
  ""analise_solucao_proposta"": ""A solução proposta é a fabricação de dispositivos robóticos interativos movidos a IA, com o objetivo de capturar a atenção do consumidor em um mercado altamente competitivo. A complexidade logística e técnica envolvida na produção e distribuição de tais dispositivos é significativa, especialmente para uma equipe sem experiência prévia em manufatura em larga escala."",
  ""analise_receitas_custos"": ""O modelo financeiro foca na venda transacional de hardware premium, com o objetivo de gerar engajamento prolongado do usuário e futura monetização de um ecossistema de software de terceiros. No entanto, a estrutura de custos para a produção e distribuição de dispositivos robóticos avançados é elevada, e a margem de lucro pode ser pressionada por concorrentes com soluções mais baratas e estabelecidas."",
  ""vantagem_injusta"": ""A vantagem mais quantificável é o alto nível de conhecimento técnico da equipe fundadora em robótica e IA, que pode ser um diferencial na inovação e desenvolvimento de produtos."",
  ""risco_critico"": ""A equipe carece de experiência em manufatura em larga escala e gestão de cadeias de suprimentos globais, o que pode resultar em custos elevados e desafios operacionais significativos."",
  ""analise_equipe"": ""A equipe fundadora é composta por acadêmicos e pesquisadores de alto nível, o que é positivo para o desenvolvimento de tecnologia avançada. No entanto, a falta de experiência em manufatura em larga escala e gestão de cadeias de suprimentos globais é um risco significativo."",
  ""categoria_risco_principal"": ""Equipe inadequada"",
  ""probabilidade_sucesso_0_a_100"": 30,
  ""veredito_final"": ""Necessita Pivotagem"",
  ""nivel_rigor_diagnostico"": 10
}",Equipe inadequada,30.0,Rejeitada,10.0,"{
  ""analise_problema_mercado"": ""O problema de fornecer entretenimento interativo em casa é relevante, mas o mercado já está saturado com opções como videogames, tablets e brinquedos eletrônicos. A dor do consumidor não é suficientemente urgente ou frequente para justificar uma mudança de comportamento significativa para um novo dispositivo físico premium."",
  ""analise_solucao_proposta"": ""A solução proposta é inovadora e tecnologicamente avançada, mas requer um alto investimento inicial em pesquisa e desenvolvimento. A complexidade da solução dificulta a validação com recursos limitados de seed e a criação de uma proposta de valor clara para atrair os primeiros clientes."",
  ""analise_receitas_custos"": ""O caminho para a primeira receita é longo e incerto, com custos de produção elevados e margens de lucro incertas. A economia unitária do primeiro cliente não é clara sem escala e a monetização futura de um ecossistema de software de terceiros é um risco."",
  ""vantagem_injusta"": ""A equipe tem um profundo conhecimento técnico em robótica e IA, mas carece de experiência em manufatura de eletrônicos em larga escala e gestão de cadeias de suprimentos globais de baixo custo. Isso pode ser um desafio significativo para a execução."",
  ""risco_critico"": ""O maior risco é a capacidade da equipe de transformar a tecnologia avançada em um produto físico viável e rentável em larga escala. A falta de experiência em manufatura e cadeias de suprimentos pode levar a atrasos e custos excessivos."",
  ""analise_equipe"": ""A equipe é altamente qualificada tecnicamente, mas carece de experiência prática em manufatura e gestão de cadeias de suprimentos. Isso pode ser um obstáculo significativo para a execução bem-sucedida."",
  ""categoria_risco_principal"": ""Equipe inadequada"",
  ""probabilidade_sucesso_0_a_100"": 30,
  ""veredito_final"": ""Rejeitada"",
  ""nivel_rigor_diagnostico"": 10
}",Problema de preço ou custo,20.0,Rejeitada,10.0,"{
  ""analise_problema_mercado"": ""A startup identifica corretamente o mercado de entretenimento doméstico como um segmento alvo, mas há um salto lógico não fundamentado na premissa de que os consumidores irão preferir um dispositivo robótico interativo movido a IA em detrimento de consoles de videogame, tablets e brinquedos eletrônicos tradicionais. Não há evidências fornecidas para justificar por que os consumidores irão optar por um dispositivo mais caro e potencialmente mais complexo para operar."",
  ""analise_solucao_proposta"": ""A solução proposta de desenvolver dispositivos robóticos interativos movidos a IA é coerente com o problema identificado, mas a hipótese de que esses dispositivos irão gerar um engajamento prolongado do usuário através de personalidades virtuais adaptativas não é fundamentada. Não há detalhes sobre como a IA será implementada para garantir um engajamento duradouro e se isso será suficiente para superar a concorrência existente."",
  ""analise_receitas_custos"": ""A lógica de monetização focada na venda transacional de hardware premium é inconsistente com o perfil do cliente descrito. Se o mercado alvo é composto por consumidores que já estão comprando consoles de videogame e tablets, é improvável que eles estejam dispostos a pagar mais por um dispositivo robótico interativo. Além disso, a hipótese de que a base instalada será suficiente para justificar a monetização de um ecossistema de software de terceiros não é fundamentada e pode não ser viável."",
  ""vantagem_injusta"": ""A vantagem injusta proposta de criar uma base instalada grande o suficiente para justificar a monetização de um ecossistema de software de terceiros não é fundamentada internamente. Não há detalhes sobre como a empresa planeja superar a concorrência existente e estabelecer uma base instalada significativa."",
  ""risco_critico"": ""O risco crítico é a falta de evidências de que o dispositivo robótico interativo movido a IA será preferido pelos consumidores em detrimento de outros dispositivos de entretenimento já existentes no mercado. Além disso, a hipótese de que a base instalada será suficiente para justificar a monetização de um ecossistema de software de terceiros não é fundamentada."",
  ""analise_equipe"": ""A equipe fundadora é composta por acadêmicos e pesquisadores de alto nível em robótica e inteligência artificial, mas não há histórico corporativo prévio em manufatura de eletrônicos em larga escala ou gestão de cadeias de suprimentos globais de baixo custo. Isso é um risco significativo, pois a produção em larga escala e a gestão de cadeias de suprimentos são cruciais para o sucesso de um negócio de hardware."",
  ""categoria_risco_principal"": ""Problema de preço ou custo"",
  ""probabilidade_sucesso_0_a_100"": 20,
  ""veredito_final"": ""Rejeitada"",
  ""nivel_rigor_diagnostico"": 10
}",Concorrência predatória,30.0,Necessita Pivotagem,9.0,"{
  ""analise_problema_mercado"": ""O mercado de dispositivos robóticos interativos de consumo é altamente competitivo, com incumbentes estabelecidos como fabricantes de videogames e brinquedos eletrônicos. Esses atores já têm uma presença significativa e podem rapidamente responder com produtos semelhantes ou melhorados, utilizando sua infraestrutura existente e capacidade de produção em massa."",
  ""analise_solucao_proposta"": ""A solução proposta, um dispositivo robótico interativo movido a IA, pode enfrentar desafios regulatórios relacionados à privacidade e segurança de dados, especialmente com a crescente preocupação com a coleta e uso de dados pessoais de usuários, incluindo crianças. Além disso, a conformidade com normas de segurança e certificações de produtos pode ser um obstáculo significativo."",
  ""analise_receitas_custos"": ""O modelo de negócio foca na venda transacional de hardware premium, o que pode ser vulnerável a contestação regulatória, especialmente se a startup for considerada uma plataforma de entretenimento digital. Além disso, a margem de lucro pode ser pressionada por custos de produção elevados e a necessidade de investir continuamente em pesquisa e desenvolvimento para manter a competitividade."",
  ""vantagem_injusta"": ""A vantagem competitiva baseada em tecnologia avançada pode ser rapidamente neutralizada por incumbentes com recursos significativamente maiores para desenvolver e escalar soluções semelhantes. Além disso, a startup pode enfrentar dificuldades em estabelecer uma vantagem duradoura devido à natureza rápida da inovação neste setor."",
  ""risco_critico"": ""O risco crítico é a resposta coordenada de incumbentes com maior escala e recursos para desenvolver e lançar produtos semelhantes rapidamente, potencialmente esmagando a startup antes que ela consiga estabelecer uma base instalada significativa. Além disso, reguladores podem impor restrições que dificultam a operação da startup, especialmente em relação a privacidade e segurança de dados."",
  ""analise_equipe"": ""A equipe fundadora tem um forte fundo acadêmico e de pesquisa em robótica e IA, mas carece de experiência prática em fabricação em massa e gestão de cadeias de suprimentos globais, o que pode ser um desafio significativo para a escala e a sustentabilidade do modelo de negócio."",
  ""categoria_risco_principal"": ""Concorrência predatória"",
  ""probabilidade_sucesso_0_a_100"": 30,
  ""veredito_final"": ""Necessita Pivotagem"",
  ""nivel_rigor_diagnostico"": 9
}"
F07,Sidecar,Plataforma P2P de mobilidade e roteamento urbano,2012,2015.0,Mobility / Marketplace P2P,Marketplace de dupla face (two-sided market) conectando provedores independentes de transporte a usuários por meio de matching geoespacial e precificação dinâmica. A monetização ocorre via take-rate (comissão) sobre o valor transacionado. O modelo é puramente dependente de efeitos de rede locais: exige liquidez simultânea de oferta e demanda para garantir tempos mínimos de espera e manter a eficiência operacional da malha.,Falha,"A empresa não conseguiu atingir massa crítica suficiente em um mercado dominado por concorrentes altamente capitalizados como Uber e Lyft. A dinâmica de efeitos de rede favoreceu os líderes, tornando difícil competir em preço, tempo de espera e disponibilidade. A falta de escala e diferenciação sustentável levou ao encerramento das operações.",Concorrência predatória,Modelo de negócios falho;Sem necessidade de mercado,Encerramento das operações após perda de participação e incapacidade de competir com plataformas dominantes,Concorrência predatória,2015,"A startup captou algumas dezenas de milhões de dólares em financiamento. A equipe é experiente: liderada por um empreendedor em série (com exit milionário prévio no setor de software B2B corporativo) e um engenheiro especializado em sistemas móveis de trânsito. O ambiente competitivo, no entanto, é extremo: o mercado possui dinâmica 'winner-takes-all' (o vencedor leva a maior parte) e a startup compete diretamente pelo mesmo fornecedor e cliente contra decacórnios (concorrentes avaliados em dezenas de bilhões de dólares) dispostos a queimar caixa agressivamente para subsidiar transações e monopolizar a liquidez da rede.",https://www.nytimes.com/2015/12/20/technology/sidecar-shuts-down.html;https://www.wsj.com/articles/sidecar-to-shut-down-1450571402;https://techcrunch.com/2015/12/19/sidecar-shuts-down/;https://www.failory.com/cemetery/sidecar;https://en.wikipedia.org/wiki/Sunil_Paul;https://www.theguardian.com/technology/2015/dec/30/uber-competitor-sidecar-shut-down,Concorrência predatória,30.0,Necessita Pivotagem,8.0,"{
  ""analise_problema_mercado"": ""O problema de mobilidade urbana e roteamento é relevante, especialmente em grandes cidades congestionadas. A demanda por soluções de transporte alternativas e eficientes é clara, mas o mercado já está saturado com concorrentes estabelecidos e bem capitalizados."",
  ""analise_solucao_proposta"": ""A solução proposta de uma plataforma P2P de mobilidade e roteamento urbano é adequada e clara. A proposta de valor única é a eficiência operacional e a conectividade entre provedores independentes de transporte e usuários, embora a implementação dependa de uma rede crítica de usuários e provedores."",
  ""analise_receitas_custos"": ""O modelo de negócios baseado em take-rate é viável, mas a estrutura de custos é alta devido à necessidade de investimento em marketing agressivo e infraestrutura tecnológica para capturar usuários e provedores. A monetização só ocorre quando a plataforma atinge uma massa crítica de usuários e provedores, o que pode levar tempo."",
  ""vantagem_injusta"": ""A vantagem competitiva potencial é a experiência da equipe em sistemas móveis de trânsito e empreendedorismo, que pode ser crucial para aprimorar a eficiência operacional e a escalabilidade da plataforma."",
  ""risco_critico"": ""O maior risco é a necessidade de capturar uma massa crítica de usuários e provedores rapidamente para garantir a viabilidade econômica da plataforma, o que é difícil em um mercado extremamente competitivo e saturado."",
  ""analise_equipe"": ""A equipe é experiente e bem capitalizada, o que é positivo. No entanto, o desafio técnico e competitivo é significativo, especialmente dado a presença de concorrentes bem estabelecidos e bem capitalizados."",
  ""categoria_risco_principal"": ""Concorrência predatória"",
  ""probabilidade_sucesso_0_a_100"": 30,
  ""veredito_final"": ""Necessita Pivotagem"",
  ""nivel_rigor_diagnostico"": 8
}",Concorrência predatória,30.0,Necessita Pivotagem,8.0,"{
  ""analise_problema_mercado"": ""O problema do mercado é real e relevante, pois há uma necessidade crescente de soluções de mobilidade urbana eficientes e acessíveis. O segmento de clientes está bem definido, incluindo motoristas independentes e usuários de transporte urbano que buscam alternativas econômicas e convenientes. No entanto, a saturação da concorrência em 2015 é significativa, com grandes players já estabelecidos no mercado."",
  ""analise_solucao_proposta"": ""A solução proposta é inovadora e visa resolver o problema de mobilidade urbana através de uma plataforma de roteamento e transporte P2P. A proposta de valor única é a integração de matching geoespacial e precificação dinâmica para garantir eficiência operacional. No entanto, a execução depende de uma rede crítica de liquidez, o que pode ser um desafio dada a concorrência agressiva."",
  ""analise_receitas_custos"": ""O modelo de negócios é viável em teoria, com receitas geradas através de take-rate sobre as transações. No entanto, a estrutura de custos é significativa, especialmente com a necessidade de investimentos em marketing e infraestrutura tecnológica para capturar a atenção do usuário e fornecedor. A concorrência disposta a queimar caixa para capturar a rede pode tornar o modelo economicamente inviável a longo prazo."",
  ""vantagem_injusta"": ""A vantagem injusta potencial é a experiência da equipe em captar investimentos e desenvolver soluções de software, bem como a expertise técnica em sistemas de trânsito. No entanto, isso pode não ser suficiente para superar a concorrência agressiva."",
  ""risco_critico"": ""O maior risco estrutural é a concorrência predatória, com grandes players dispostos a queimar caixa para capturar a rede crítica necessária para o modelo de negócio funcionar. Isso pode tornar a sustentabilidade financeira da startup extremamente difícil."",
  ""analise_equipe"": ""A equipe é experiente e tem um histórico de sucesso em captar investimentos e desenvolver soluções de software. No entanto, a experiência prévia pode não ser suficiente para lidar com a dinâmica competitiva extrema do mercado de mobilidade urbana em 2015."",
  ""categoria_risco_principal"": ""Concorrência predatória"",
  ""probabilidade_sucesso_0_a_100"": 30,
  ""veredito_final"": ""Necessita Pivotagem"",
  ""nivel_rigor_diagnostico"": 8
}",Concorrência predatória,20.0,Rejeitada,10.0,"{
  ""analise_problema_mercado"": ""O problema de mobilidade urbana e roteamento é significativo, mas o mercado já possui várias soluções estabelecidas e bem aceitas, como aplicativos de transporte e GPS integrados. A necessidade de uma nova plataforma é questionável, especialmente quando consideramos que os usuários já têm acesso a soluções gratuitas ou de baixo custo."",
  ""analise_solucao_proposta"": ""A solução proposta é um marketplace P2P que conecta provedores independentes de transporte a usuários. No entanto, a adoção dessa solução requer uma infraestrutura significativa de provedores e usuários, o que é difícil de alcançar em um mercado altamente competitivo e saturado. Além disso, a solução depende de efeitos de rede locais, o que pode ser difícil de estabelecer em um ambiente onde os usuários já estão acostumados com soluções estabelecidas."",
  ""analise_receitas_custos"": ""A monetização via take-rate é uma estratégia comum em marketplaces, mas a concorrência agressiva pode levar a uma guerra de preços, tornando difícil para a startup manter margens lucrativas. Além disso, a captura inicial de provedores e usuários pode ser cara, com custos de marketing e aquisição significativos."",
  ""vantagem_injusta"": ""A vantagem competitiva da startup é baseada em efeitos de rede locais, mas a concorrência agressiva de decacórnios pode facilmente superar essa vantagem, especialmente se eles estiverem dispostos a queimar caixa para capturar a liquidez da rede. Além disso, a startup não possui uma vantagem tecnológica ou de marca que a distinga claramente de seus concorrentes."",
  ""risco_critico"": ""O risco crítico é a concorrência predatória de decacórnios, que podem facilmente superar a startup em termos de recursos e escala. A startup pode ter dificuldades em estabelecer uma base de usuários e provedores suficiente para manter a eficiência operacional da malha, especialmente se os concorrentes estiverem dispostos a queimar caixa para capturar a liquidez da rede."",
  ""analise_equipe"": ""A equipe é experiente e tem um histórico de exit em negócios de software B2B corporativo, mas a experiência em mobilidade urbana e marketplaces P2P pode ser limitada. Além disso, a equipe precisa lidar com um ambiente competitivo extremamente agressivo, o que pode ser um desafio."",
  ""categoria_risco_principal"": ""Concorrência predatória"",
  ""probabilidade_sucesso_0_a_100"": 20,
  ""veredito_final"": ""Rejeitada"",
  ""nivel_rigor_diagnostico"": 10
}",Concorrência predatória,20.0,Rejeitada,10.0,"{
  ""analise_problema_mercado"": ""O mercado de mobilidade urbana em 2015 era significativo, com um grande número de usuários potenciais em grandes cidades. No entanto, a fricção para a aquisição de clientes era alta devido à concorrência intensa e a necessidade de construir uma rede crítica de usuários e provedores de transporte. A existência de concorrentes com bilhões de dólares em caixa e prontos para queimar dinheiro para capturar mercado tornava a tarefa de capturar uma fatia significativa do mercado ainda mais difícil."",
  ""analise_solucao_proposta"": ""A solução proposta é uma plataforma de marketplace P2P que conecta provedores independentes de transporte a usuários por meio de matching geoespacial e precificação dinâmica. A complexidade logística e de infraestrutura é significativa, pois requer a criação de uma rede crítica de usuários e provedores de transporte para ser viável. A solução também depende de uma infraestrutura tecnológica robusta para garantir a eficiência operacional da malha de transporte."",
  ""analise_receitas_custos"": ""O modelo de negócios é baseado em take-rate sobre o valor transacionado, o que significa que a receita depende diretamente da quantidade de transações realizadas na plataforma. No entanto, a aquisição de usuários e provedores de transporte é cara e a necessidade de queimar caixa para capturar mercado pode levar a perdas significativas no curto prazo. A estrutura de custos é alta devido à necessidade de investir em infraestrutura tecnológica e marketing agressivo para capturar usuários e provedores de transporte."",
  ""vantagem_injusta"": ""A vantagem mais quantificável e escalável é a experiência da equipe em capturar e escalar uma plataforma de marketplace, especialmente no setor de software B2B corporativo. No entanto, isso pode não ser suficiente para superar a concorrência de empresas muito maiores e mais bem capitalizadas."",
  ""risco_critico"": ""O maior risco é a concorrência predatória de empresas muito maiores e mais bem capitalizadas que estão dispostas a queimar caixa agressivamente para capturar o mercado. Isso pode tornar difícil para a startup construir uma rede crítica de usuários e provedores de transporte e gerar receita suficiente para sustentar o negócio."",
  ""analise_equipe"": ""A equipe é experiente e liderada por um empreendedor em série com um exit milionário prévio no setor de software B2B corporativo e um engenheiro especializado em sistemas móveis de trânsito. No entanto, a experiência da equipe pode não ser suficiente para superar a concorrência de empresas muito maiores e mais bem capitalizadas."",
  ""categoria_risco_principal"": ""Concorrência predatória"",
  ""probabilidade_sucesso_0_a_100"": 20,
  ""veredito_final"": ""Rejeitada"",
  ""nivel_rigor_diagnostico"": 10
}",Concorrência predatória,30.0,Necessita Pivotagem,8.0,"{
  ""analise_problema_mercado"": ""O problema de mobilidade urbana e roteamento é significativo e crescente em 2015, com a urbanização e o aumento do número de veículos. No entanto, a existência de concorrentes bem capitalizados e dispostos a queimar caixa para capturar a liquidez do mercado pode tornar difícil para uma startup emergente estabelecer uma posição inicial."",
  ""analise_solucao_proposta"": ""A solução proposta é uma plataforma de marketplace P2P que conecta provedores independentes de transporte a usuários. Embora a ideia seja interessante, a complexidade de implementar um sistema de matching geoespacial e precificação dinâmica pode ser significativa, especialmente em um mercado altamente competitivo."",
  ""analise_receitas_custos"": ""O modelo de negócio é puramente dependente de efeitos de rede locais, o que significa que a startup precisa capturar uma quantidade crítica de usuários e provedores para tornar a plataforma viável. No entanto, a concorrência agressiva pode dificultar a captação inicial de usuários e provedores, levando a um ciclo vicioso de baixa liquidez e baixas receitas."",
  ""vantagem_injusta"": ""A equipe tem um forte histórico de exit em negócios B2B corporativos, o que pode ser uma vantagem em termos de experiência em gestão de startups e captação de investimentos. Além disso, o engenheiro especializado em sistemas móveis de trânsito pode ter insights valiosos sobre a implementação técnica da plataforma. No entanto, a concorrência agressiva pode tornar difícil para a startup estabelecer uma vantagem competitiva duradoura."",
  ""risco_critico"": ""O maior risco é a concorrência agressiva de concorrentes bem capitalizados que estão dispostos a queimar caixa para capturar a liquidez do mercado. Isso pode tornar difícil para a startup estabelecer uma posição inicial e capturar uma base crítica de usuários e provedores."",
  ""analise_equipe"": ""A equipe é experiente e tem um forte histórico de exit em negócios B2B corporativos, o que pode ser uma vantagem em termos de gestão de startups e captação de investimentos. No entanto, a experiência em negócios B2B corporativos pode não ser diretamente relevante para o mercado de mobilidade urbana P2P."",
  ""categoria_risco_principal"": ""Concorrência predatória"",
  ""probabilidade_sucesso_0_a_100"": 30,
  ""veredito_final"": ""Necessita Pivotagem"",
  ""nivel_rigor_diagnostico"": 8
}",Concorrência predatória,30.0,Necessita Pivotagem,8.0,"{
  ""analise_problema_mercado"": ""A definição do problema de mobilidade urbana e a necessidade de uma plataforma de roteamento e transporte é internamente consistente. O segmento de clientes identificado (usuários e provedores independentes de transporte) é bem definido e compatível com a solução proposta. No entanto, a hipótese de que a solução pode ser implementada em um mercado altamente competitivo e saturado, onde os concorrentes têm recursos significativamente maiores, é questionável."",
  ""analise_solucao_proposta"": ""A solução proposta de um marketplace de dupla face conectando provedores independentes de transporte a usuários é coerente com o problema identificado. No entanto, a dependência de efeitos de rede locais e a necessidade de liquidez simultânea de oferta e demanda para garantir a eficiência operacional da malha pode ser um desafio significativo em um mercado altamente competitivo."",
  ""analise_receitas_custos"": ""A lógica de monetização via take-rate é coerente com o modelo de negócio proposto. No entanto, a viabilidade financeira da plataforma depende fortemente da capacidade de atrair e manter uma base de usuários e provedores suficiente para gerar receitas consistentes. A competição agressiva de concorrentes dispostos a queimar caixa pode dificultar a atração e retenção de usuários e provedores."",
  ""vantagem_injusta"": ""A vantagem injusta da startup é questionável dada a presença de concorrentes muito bem capitalizados e dispostos a queimar caixa para dominar o mercado. A equipe tem experiência relevante, mas a capacidade de competir com concorrentes que podem oferecer serviços gratuitos ou subvencionados é um desafio significativo."",
  ""risco_critico"": ""A hipótese de que a startup pode estabelecer uma base de usuários e provedores suficiente para gerar receitas consistentes em um mercado altamente competitivo e saturado é o risco crítico. Se a startup não conseguir estabelecer uma base de usuários e provedores suficiente, a monetização via take-rate pode não ser viável."",
  ""analise_equipe"": ""A equipe é experiente e tem um histórico de exit em outros setores, o que é positivo. No entanto, a experiência prévia em setores como software B2B corporativo pode não ser diretamente aplicável ao setor de mobilidade urbana e marketplace P2P, o que pode ser um desafio."",
  ""categoria_risco_principal"": ""Concorrência predatória"",
  ""probabilidade_sucesso_0_a_100"": 30,
  ""veredito_final"": ""Necessita Pivotagem"",
  ""nivel_rigor_diagnostico"": 8
}",Problema regulatório ou legal,20.0,Rejeitada,10.0,"{
  ""analise_problema_mercado"": ""O mercado de mobilidade urbana em 2015 era altamente regulado, com barreiras legais significativas para novos entrantes, especialmente em grandes cidades. Além disso, a presença de incumbentes com grande poder de mercado e acesso político dificultava a entrada de novas plataformas."",
  ""analise_solucao_proposta"": ""A solução proposta, uma plataforma de roteamento urbano e mobilidade P2P, enfrenta riscos regulatórios significativos. A necessidade de conformidade com regulamentos de transporte público, licenças de operação e proteção de dados cria um passivo regulatório substancial que a startup pode não ter recursos para cumprir."",
  ""analise_receitas_custos"": ""O modelo de receita baseado em take-rate está sujeito a contestação regulatória, especialmente em mercados altamente regulados. Além disso, a concorrência agressiva de incumbentes pode forçar a startup a oferecer subsídios significativos para atrair usuários e fornecedores, comprometendo a sustentabilidade financeira."",
  ""vantagem_injusta"": ""A vantagem competitiva da startup é frágil diante de uma resposta coordenada de incumbentes com maior poder de mercado e acesso político. A concorrência predatória pode esmagar a startup antes que ela atinja escala crítica."",
  ""risco_critico"": ""O risco crítico é a retaliação competitiva de incumbentes com maior poder de mercado e acesso político. Uma ação coordenada de incumbentes, como a oferta de subsídios agressivos ou a pressão política para regulamentações mais rígidas, poderia extinguir este modelo de negócio em menos de 24 meses."",
  ""analise_equipe"": ""A equipe é experiente, liderada por um empreendedor em série e um engenheiro especializado em sistemas móveis de trânsito. No entanto, a experiência prévia do empreendedor em software B2B corporativo pode não ser suficiente para enfrentar os desafios regulatórios e competitivos específicos deste setor."",
  ""categoria_risco_principal"": ""Problema regulatório ou legal"",
  ""probabilidade_sucesso_0_a_100"": 20,
  ""veredito_final"": ""Rejeitada"",
  ""nivel_rigor_diagnostico"": 10
}"
F08,Color,Aplicativo de compartilhamento visual social por proximidade,2011,2012.0,Social App,"Rede social móvel focada na criação de álbuns visuais hiperlocais em tempo real. A mecânica permite que pessoas em um mesmo raio geográfico contribuam e visualizem um feed fotográfico coletivo sem a necessidade de 'seguir' ou ter qualquer conexão social prévia. O modelo foca inteiramente em aquisição de usuários (growth), sem estratégia de monetização definida no estágio atual. A utilidade do produto depende da existência de efeitos de rede hiperlocais, exigindo extrema densidade de usuários simultâneos no exato mesmo espaço físico para que o aplicativo não pareça vazio.",Falha,"A empresa enfrentou forte queda de retenção após o lançamento, com usuários não encontrando valor claro e recorrente na proposta. A dependência de densidade local simultânea criou uma barreira significativa para engajamento consistente. A combinação de proposta confusa e baixa retenção inviabilizou o crescimento sustentável.",Sem necessidade de mercado,Produto ruim;Modelo de negócios falho,"Queda acentuada de uso e engajamento após o lançamento, levando à descontinuação do produto",Sem necessidade de mercado,2012,A startup levantou dezenas de milhões de dólares de fundos de primeira linha antes mesmo de lançar o produto no mercado (pre-launch). O aplicativo concorre por atenção em um mercado já saturado por mega-redes sociais globais e plataformas de fotografia focadas em filtros estéticos com seguidores globais. A equipe possui um currículo estelar: liderada por um empreendedor em série (que vendeu sua última startup de streaming de áudio por dezenas de milhões para uma Big Tech) e um executivo de operações com vasta experiência em antigas plataformas web de hospedagem de imagens.,https://techcrunch.com/2011/04/13/color-shutdown/;https://www.wsj.com/articles/SB10001424052748704671904576230963355605150;https://www.theguardian.com/technology/2012/oct/22/color-labs-shuts-down;https://en.wikipedia.org/wiki/Color_Labs;https://www.cnet.com/culture/new-photo-app-color-hopes-to-see-the-future/;https://www.erichstauffer.com/management/what-happened-to-color,Problema de preço ou custo,35.0,Necessita Pivotagem,8.0,"{
  ""analise_problema_mercado"": ""O problema identificado é a necessidade de interação social e compartilhamento de conteúdo visual em tempo real e por proximidade. No entanto, o mercado em 2012 já estava saturado com grandes redes sociais e plataformas de fotos, tornando difícil a penetração de novos players."",
  ""analise_solucao_proposta"": ""A solução proposta é um aplicativo que permite a criação de álbuns visuais hiperlocais em tempo real, sem a necessidade de conexões sociais prévias. A proposta de valor é a criação de uma experiência social única, mas a dependência de uma densidade crítica de usuários simultâneos em um mesmo espaço físico pode ser um desafio."",
  ""analise_receitas_custos"": ""O modelo de negócios foca na aquisição de usuários sem uma estratégia de monetização definida. Isso pode ser um risco significativo, pois a empresa precisa gerar receita para sustentar seu crescimento e operações."",
  ""vantagem_injusta"": ""A vantagem competitiva potencial é a capacidade de criar uma experiência social única e hiperlocal, mas isso depende de uma densidade crítica de usuários que pode ser difícil de alcançar."",
  ""risco_critico"": ""O maior risco é a dificuldade em alcançar uma densidade crítica de usuários para que o aplicativo não pareça vazio e sem utilidade. Além disso, a saturação do mercado por grandes redes sociais e plataformas de fotos pode dificultar a aquisição de usuários."",
  ""analise_equipe"": ""A equipe é composta por profissionais com experiência em startups e plataformas de hospedagem de imagens, o que é um ponto positivo. No entanto, a falta de experiência em modelos de negócios baseados em redes sociais hiperlocais pode ser um desafio."",
  ""categoria_risco_principal"": ""Problema de preço ou custo"",
  ""probabilidade_sucesso_0_a_100"": 35,
  ""veredito_final"": ""Necessita Pivotagem"",
  ""nivel_rigor_diagnostico"": 8
}",Problema de preço ou custo,40.0,Necessita Pivotagem,8.0,"{
  ""analise_problema_mercado"": ""O problema do mercado é relevante, pois redes sociais locais e hiperlocais podem preencher uma lacuna não atendida pelas grandes redes sociais globais. No entanto, em 2012, o mercado já estava saturado com plataformas de redes sociais e compartilhamento de fotos, o que pode dificultar a aquisição de usuários e a criação de uma base de usuários crítica."",
  ""analise_solucao_proposta"": ""A solução proposta é inovadora e tem potencial para criar um novo tipo de experiência social, mas a execução depende de uma densidade crítica de usuários em um mesmo local, o que pode ser difícil de alcançar e manter."",
  ""analise_receitas_custos"": ""O modelo de negócios foca na aquisição de usuários sem uma estratégia de monetização definida, o que é arriscado. A falta de receita clara e a necessidade de investimento significativo para a aquisição de usuários podem levar a um rápido esgotamento do capital."",
  ""vantagem_injusta"": ""A vantagem injusta pode ser a capacidade de criar um produto que preencha uma lacuna específica no mercado de redes sociais locais, aproveitando a experiência da equipe em plataformas de mídia social e streaming."",
  ""risco_critico"": ""O maior risco é a necessidade de uma densidade crítica de usuários para que o aplicativo seja útil, o que pode ser difícil de alcançar em um mercado já saturado. Além disso, a falta de uma estratégia de monetização clara pode levar a um rápido esgotamento do capital."",
  ""analise_equipe"": ""A equipe é altamente qualificada e experiente, com um histórico de sucesso em startups anteriores. No entanto, a experiência em redes sociais locais e hiperlocais pode ser limitada, o que pode ser um desafio."",
  ""categoria_risco_principal"": ""Problema de preço ou custo"",
  ""probabilidade_sucesso_0_a_100"": 40,
  ""veredito_final"": ""Necessita Pivotagem"",
  ""nivel_rigor_diagnostico"": 8
}",Modelo de negócios falho,20.0,Rejeitada,10.0,"{
  ""analise_problema_mercado"": ""O problema identificado pelo aplicativo, a necessidade de compartilhamento visual social por proximidade, é questionável. Em 2012, o mercado já estava saturado com redes sociais e plataformas de compartilhamento de fotos. A proposta de valor do aplicativo não parece resolver um problema significativo ou criar uma necessidade inexistente, especialmente quando comparada com as redes sociais e plataformas de fotos já estabelecidas."",
  ""analise_solucao_proposta"": ""A solução proposta, um aplicativo de compartilhamento visual social por proximidade, enfrenta desafios significativos. A necessidade de densidade de usuários simultâneos em um mesmo espaço físico para que o aplicativo seja útil cria uma barreira de adoção muito alta. Além disso, a falta de uma estratégia de monetização definida torna difícil a sustentabilidade do modelo de negócios."",
  ""analise_receitas_custos"": ""O modelo de negócios foca inteiramente na aquisição de usuários sem uma estratégia de monetização clara. Isso cria uma situação em que a startup pode gastar enormes quantias em marketing e aquisição de usuários sem uma forma garantida de gerar receita. Além disso, a necessidade de uma densidade de usuários muito alta para que o aplicativo seja útil pode tornar a aquisição de usuários muito cara e ineficaz."",
  ""vantagem_injusta"": ""A vantagem competitiva proposta, a criação de álbuns visuais hiperlocais em tempo real, é questionável. A existência de redes sociais e plataformas de compartilhamento de fotos estabelecidas torna difícil para o aplicativo se destacar. Além disso, a necessidade de uma densidade de usuários muito alta para que o aplicativo seja útil pode ser facilmente superada por concorrentes que oferecem funcionalidades semelhantes mas com requisitos de uso mais baixos."",
  ""risco_critico"": ""O risco crítico é a falta de uma estratégia de monetização clara. Sem uma forma garantida de gerar receita, a startup pode gastar enormes quantias em marketing e aquisição de usuários sem nunca se tornar lucrativa. Além disso, a necessidade de uma densidade de usuários muito alta para que o aplicativo seja útil pode tornar a aquisição de usuários muito cara e ineficaz."",
  ""analise_equipe"": ""A equipe possui um currículo estelar, liderada por um empreendedor em série e um executivo de operações com vasta experiência. No entanto, a experiência da equipe em redes sociais e plataformas de compartilhamento de fotos pode não ser suficiente para superar os desafios significativos enfrentados pelo aplicativo."",
  ""categoria_risco_principal"": ""Modelo de negócios falho"",
  ""probabilidade_sucesso_0_a_100"": 20,
  ""veredito_final"": ""Rejeitada"",
  ""nivel_rigor_diagnostico"": 10
}",Modelo de negócios falho,20.0,Rejeitada,10.0,"{
  ""analise_problema_mercado"": ""O mercado de redes sociais e plataformas de compartilhamento de fotos estava extremamente saturado em 2012, com gigantes como Facebook, Instagram e Flickr já dominando o espaço. A barreira para entrar neste mercado era alta devido à necessidade de capturar uma fatia significativa de usuários e fornecer um valor único que superasse as opções já existentes. Além disso, a necessidade de um efeito de rede hiperlocal tornava a aquisição de usuários ainda mais desafiadora, pois exigia uma densidade crítica de usuários em um mesmo espaço físico para que o aplicativo fosse útil."",
  ""analise_solucao_proposta"": ""A solução proposta é inovadora em termos de conceito, mas apresenta desafios significativos de implementação. A necessidade de um efeito de rede hiperlocal torna a escalabilidade do produto muito difícil, pois depende de uma densidade crítica de usuários em um mesmo espaço físico. Além disso, a mecânica de compartilhamento visual por proximidade pode ser difícil de entender e adotar para os usuários, especialmente em comparação com as plataformas estabelecidas que já oferecem funcionalidades semelhantes de forma mais simples e ampla."",
  ""analise_receitas_custos"": ""O modelo de negócios foca inteiramente na aquisição de usuários sem uma estratégia de monetização definida. Isso é um risco significativo, pois a empresa precisa gerar receita para sustentar sua operação e alcançar a escala necessária para tornar o produto lucrativo. Sem uma estratégia clara de monetização, a empresa pode enfrentar dificuldades financeiras mesmo com um grande número de usuários."",
  ""vantagem_injusta"": ""N/A - Evidência Insuficiente"",
  ""risco_critico"": ""A falta de uma estratégia de monetização clara e a necessidade de um efeito de rede hiperlocal tornam o produto difícil de escalar e monetizar. Além disso, a saturação do mercado e a concorrência com gigantes já estabelecidos são desafios significativos."",
  ""analise_equipe"": ""A equipe possui um currículo impressionante, com um empreendedor em série e um executivo de operações com vasta experiência. No entanto, a experiência da equipe em redes sociais e plataformas de compartilhamento de fotos pode não ser suficiente para superar os desafios únicos deste produto, especialmente em relação à necessidade de um efeito de rede hiperlocal."",
  ""categoria_risco_principal"": ""Modelo de negócios falho"",
  ""probabilidade_sucesso_0_a_100"": 20,
  ""veredito_final"": ""Rejeitada"",
  ""nivel_rigor_diagnostico"": 10
}",Sem necessidade de mercado,30.0,Necessita Pivotagem,10.0,"{
  ""analise_problema_mercado"": ""O problema de criar uma rede social visual hiperlocal é interessante, pois atende a uma necessidade específica de compartilhamento de conteúdo em tempo real e proximidade. No entanto, em 2012, o mercado já estava saturado com grandes redes sociais e plataformas de compartilhamento de fotos, o que diminui a urgência e a frequência da dor do cliente para mudar de comportamento. Além disso, a necessidade de uma densidade de usuários simultâneos para que o aplicativo funcione corretamente é um desafio significativo."",
  ""analise_solucao_proposta"": ""A solução proposta é inovadora e tem potencial para criar uma experiência única, mas a falta de uma estratégia clara de monetização e a dependência de efeitos de rede hiperlocais tornam a validação do produto complexa e arriscada. A equipe precisa demonstrar claramente como o produto pode ser escalado e monetizado antes de investir em uma aquisição massiva de usuários."",
  ""analise_receitas_custos"": ""A startup já levantou dezenas de milhões de dólares antes mesmo de lançar o produto, o que indica uma alta pressão para escalar rapidamente e gerar receita. No entanto, a falta de uma estratégia de monetização definida e a necessidade de uma densidade de usuários simultâneos para que o produto funcione corretamente tornam o caminho para a primeira receita incerto e arriscado."",
  ""vantagem_injusta"": ""A equipe possui um currículo estelar, com um empreendedor em série e um executivo de operações com vasta experiência em plataformas de hospedagem de imagens. No entanto, a saturação do mercado e a necessidade de uma densidade de usuários simultâneos para que o produto funcione corretamente tornam difícil para a equipe ter uma vantagem injusta que outros não possam replicar facilmente nos primeiros 18 meses."",
  ""risco_critico"": ""O maior risco de execução é a necessidade de uma densidade de usuários simultâneos para que o produto funcione corretamente. Se a startup não conseguir alcançar essa densidade de usuários, o aplicativo pode parecer vazio e inútil, o que pode levar a uma perda de interesse dos usuários e, consequentemente, ao fim do caixa."",
  ""analise_equipe"": ""A equipe possui um currículo estelar, com um empreendedor em série e um executivo de operações com vasta experiência em plataformas de hospedagem de imagens. No entanto, a equipe precisa demonstrar claramente como o produto pode ser escalado e monetizado antes de investir em uma aquisição massiva de usuários."",
  ""categoria_risco_principal"": ""Sem necessidade de mercado"",
  ""probabilidade_sucesso_0_a_100"": 30,
  ""veredito_final"": ""Necessita Pivotagem"",
  ""nivel_rigor_diagnostico"": 10
}",Problema de preço ou custo,30.0,Necessita Pivotagem,8.0,"{
  ""analise_problema_mercado"": ""A proposta de criar um aplicativo de compartilhamento visual social por proximidade é interessante, mas o mercado já estava saturado em 2012 com grandes redes sociais e plataformas de fotografia. A hipótese de que o público-alvo valorizaria um feed fotográfico hiperlocal em tempo real, sem conexões sociais prévias, é questionável, pois o público já estava acostumado com plataformas globais e com filtros estéticos."",
  ""analise_solucao_proposta"": ""A solução proposta é coerente com o problema identificado, mas a necessidade de uma densidade extrema de usuários simultâneos no mesmo espaço físico para que o aplicativo seja útil cria um grande obstáculo. A mecânica de não seguir ou ter conexões sociais prévias pode ser um diferencial, mas também pode ser um empecilho para a adesão de usuários."",
  ""analise_receitas_custos"": ""A estratégia de focar inteiramente na aquisição de usuários sem uma estratégia de monetização definida é arriscada, especialmente em um mercado já saturado. A necessidade de uma densidade de usuários para que o aplicativo seja útil pode dificultar a criação de um modelo de negócios lucrativo."",
  ""vantagem_injusta"": ""A vantagem injusta é questionável, pois a necessidade de uma densidade de usuários para que o aplicativo seja útil pode ser um obstáculo significativo. A equipe tem um currículo estelar, mas isso não garante que eles possam superar os desafios de criar um modelo de negócios lucrativo em um mercado já saturado."",
  ""risco_critico"": ""O risco crítico é a necessidade de uma densidade de usuários para que o aplicativo seja útil. Se não for possível alcançar essa densidade, o aplicativo pode parecer vazio e inútil para os usuários."",
  ""analise_equipe"": ""A equipe tem um currículo estelar, com um empreendedor em série e um executivo de operações com vasta experiência. No entanto, a experiência da equipe em criar um modelo de negócios lucrativo em um mercado já saturado é questionável."",
  ""categoria_risco_principal"": ""Problema de preço ou custo"",
  ""probabilidade_sucesso_0_a_100"": 30,
  ""veredito_final"": ""Necessita Pivotagem"",
  ""nivel_rigor_diagnostico"": 8
}",Concorrência predatória,30.0,Necessita Pivotagem,9.0,"{
  ""analise_problema_mercado"": ""O problema de criar um aplicativo de compartilhamento visual social por proximidade em 2012 é significativo, pois o mercado já estava saturado por grandes redes sociais e plataformas de fotografia. A existência de atores incumbentes com vasta base de usuários e recursos financeiros pode dificultar a aquisição de usuários e a criação de efeitos de rede locais."",
  ""analise_solucao_proposta"": ""A solução proposta de criar um feed fotográfico coletivo baseado em proximidade é inovadora, mas depende de uma densidade crítica de usuários para ser útil. A falta de uma estratégia de monetização definida pode ser um problema a longo prazo, especialmente se a startup não conseguir criar um efeito de rede suficiente."",
  ""analise_receitas_custos"": ""O modelo de negócio foca inteiramente na aquisição de usuários sem uma estratégia de monetização clara. Isso pode ser um risco significativo, pois a startup pode esgotar seus fundos antes de encontrar um modelo de receita viável. Além disso, a concorrência predatória de atores incumbentes pode dificultar a criação de um modelo de receita sustentável."",
  ""vantagem_injusta"": ""A vantagem competitiva da startup é baseada na inovação e na aquisição de usuários, mas a concorrência predatória de atores incumbentes pode dificultar a criação de uma vantagem competitiva duradoura. A equipe tem experiência em criar e vender startups, mas a concorrência de atores incumbentes pode ser um desafio significativo."",
  ""risco_critico"": ""O risco crítico é a concorrência predatória de atores incumbentes. Grandes redes sociais e plataformas de fotografia podem responder de forma coordenada para bloquear a entrada da startup no mercado, por exemplo, através de aquisições de startups concorrentes ou a criação de produtos semelhantes."",
  ""analise_equipe"": ""A equipe tem um currículo estelar, com experiência em criar e vender startups e em operações de plataformas de hospedagem de imagens. No entanto, a equipe precisa ter experiência em lidar com a concorrência predatória de atores incumbentes e em criar um modelo de receita sustentável."",
  ""categoria_risco_principal"": ""Concorrência predatória"",
  ""probabilidade_sucesso_0_a_100"": 30,
  ""veredito_final"": ""Necessita Pivotagem"",
  ""nivel_rigor_diagnostico"": 9
}"
F09,Clinkle,Aplicativo de pagamentos móveis gamificados,2011,2015.0,FinTech Consumer,"Carteira digital (digital wallet) voltada ao público jovem que tenta unir transações financeiras diárias a dinâmicas de gamificação e incentivos sociais. O modelo de negócios prevê a monetização através de taxas sobre transações e possíveis serviços financeiros adjacentes. O negócio enfrenta o clássico problema de mercado de duas pontas (two-sided market) no setor de pagamentos: precisa de adoção em massa de usuários para atrair lojistas, e de lojistas aceitando o método para reter os usuários.",Falha,A empresa enfrentou atrasos significativos no desenvolvimento do produto e não conseguiu entregar uma solução funcional à altura das expectativas criadas. Problemas de gestão e execução comprometeram a credibilidade junto a usuários e investidores. A perda de confiança e a incapacidade de lançar um produto competitivo inviabilizaram o negócio.,Equipe inadequada,Produto ruim;Modelo de negócios falho,Atrasos sucessivos no lançamento e críticas públicas à gestão e à falta de produto funcional,Equipe inadequada,2015,"A startup gerou extremo frenesi na mídia, captando dezenas de milhões de dólares logo em sua rodada inicial (Seed). O mercado de transferências financeiras e carteiras digitais já possui fortíssima concorrência, dominado por gigantes globais de tecnologia e aplicativos P2P massivamente consolidados. A equipe fundadora, incluindo o CEO, é composta inteiramente por estudantes de graduação em computação de uma universidade de elite, operando sem experiência corporativa prévia, histórico de gestão de pessoas ou qualquer vivência técnica no altamente regulado mercado financeiro e de segurança bancária.",https://www.wired.com/2015/12/clinkle-startup-fail/;https://techcrunch.com/2015/12/21/clinkle-shuts-down/;https://www.businessinsider.com/what-happened-to-clinkle-2015-12;https://techcrunch.com/2013/06/27/clinkle-raises-25m-seed-round/;https://www.forbes.com/sites/ryanmac/2013/06/27/21-year-old-stanford-student-raises-25-million-for-stealth-startup-clinkle/,Concorrência predatória,30.0,Necessita Pivotagem,8.0,"{
  ""analise_problema_mercado"": ""O problema de mercado é relevante, pois há uma demanda crescente por soluções de pagamento móvel entre o público jovem. No entanto, o setor já é altamente saturado e competitivo, com gigantes globais e aplicativos P2P dominando o mercado."",
  ""analise_solucao_proposta"": ""A solução proposta de gamificação e incentivos sociais para transações financeiras é criativa e pode atrair usuários jovens. No entanto, a proposta de valor única é questionável, pois a gamificação pode ser facilmente replicada por concorrentes."",
  ""analise_receitas_custos"": ""O modelo de receita baseado em taxas sobre transações e serviços financeiros adjacentes é comum no setor, mas a adoção em massa é necessária para gerar receita significativa. Os custos de desenvolvimento e aquisição de usuários podem ser altos."",
  ""vantagem_injusta"": ""A vantagem competitiva potencial é a gamificação e a experiência do usuário, mas isso pode ser rapidamente copiado por concorrentes. A equipe carece de experiência em mercado financeiro, o que é um desafio significativo."",
  ""risco_critico"": ""O maior risco é a dificuldade de atrair usuários e lojistas devido à forte concorrência existente e à necessidade de uma rede de adesão crítica para o modelo de negócio funcionar."",
  ""analise_equipe"": ""A equipe é jovem e tecnicamente competente, mas carece de experiência em gestão de negócios, marketing e regulamentação financeira. Isso pode ser um obstáculo significativo para a escalabilidade e viabilidade do negócio."",
  ""categoria_risco_principal"": ""Concorrência predatória"",
  ""probabilidade_sucesso_0_a_100"": 30,
  ""veredito_final"": ""Necessita Pivotagem"",
  ""nivel_rigor_diagnostico"": 8
}",Concorrência predatória,30.0,Necessita Pivotagem,8.0,"{
  ""analise_problema_mercado"": ""O problema do mercado é real e relevante, pois há uma necessidade crescente de soluções de pagamento móvel e gamificação para engajar o público jovem. No entanto, o segmento de clientes está altamente saturado com concorrentes estabelecidos, o que pode dificultar a aquisição de usuários."",
  ""analise_solucao_proposta"": ""A solução proposta é inovadora e tenta resolver o problema do mercado de duas pontas, mas a gamificação e incentivos sociais podem não ser suficientes para superar a adesão de usuários e lojistas já estabelecidos em outras plataformas."",
  ""analise_receitas_custos"": ""O modelo de negócios baseado em taxas de transação e serviços financeiros adjacentes é viável teoricamente, mas a concorrência predatória e a necessidade de escala significam que os custos de aquisição de usuários podem ser muito altos, prejudicando a rentabilidade inicial."",
  ""vantagem_injusta"": ""A vantagem injusta potencial é a capacidade de engajar usuários jovens através de gamificação, mas isso pode ser replicado por concorrentes estabelecidos com maior facilidade do que se imagina."",
  ""risco_critico"": ""O maior risco estrutural é a concorrência predatória, pois gigantes globais de tecnologia e aplicativos P2P já dominam o mercado e podem replicar facilmente a gamificação como um diferencial."",
  ""analise_equipe"": ""A equipe é tecnicamente competente, mas carece de experiência em gestão de negócios, marketing e regulamentação financeira, o que pode ser um obstáculo significativo para a escalabilidade e sustentabilidade."",
  ""categoria_risco_principal"": ""Concorrência predatória"",
  ""probabilidade_sucesso_0_a_100"": 30,
  ""veredito_final"": ""Necessita Pivotagem"",
  ""nivel_rigor_diagnostico"": 8
}",Equipe inadequada,20.0,Rejeitada,10.0,"{
  ""analise_problema_mercado"": ""O problema identificado é a necessidade de uma solução de pagamentos móveis gamificada para o público jovem. No entanto, em 2015, o mercado já estava saturado com diversas opções de carteiras digitais e aplicativos de transferência de dinheiro, como PayPal, Venmo e outros. A gamificação pode ser um diferencial, mas não é um problema grave o suficiente para justificar a criação de uma nova solução, especialmente considerando a existência de alternativas já estabelecidas e bem-sucedidas."",
  ""analise_solucao_proposta"": ""A solução proposta é um aplicativo de pagamentos móveis gamificado. No entanto, a gamificação pode não ser suficiente para superar a adesão já existente a outras plataformas estabelecidas. Além disso, a adoção de novas tecnologias por usuários jovens é uma tarefa desafiadora, especialmente quando a solução proposta não oferece uma vantagem significativa em relação às alternativas existentes."",
  ""analise_receitas_custos"": ""O modelo de receita baseia-se em taxas sobre transações e serviços financeiros adjacentes. No entanto, a concorrência já estabelecida pode oferecer taxas mais competitivas ou até mesmo gratuitas, dificultando a captação de usuários. Além disso, a necessidade de adesão em massa de usuários e lojistas para monetizar o modelo de negócio é um desafio significativo, especialmente em um mercado já saturado."",
  ""vantagem_injusta"": ""A vantagem competitiva proposta é a gamificação e a experiência do usuário. No entanto, a gamificação pode não ser suficiente para superar a adesão já existente a outras plataformas estabelecidas. Além disso, a experiência do usuário pode não ser um diferencial significativo em um mercado altamente competitivo."",
  ""risco_critico"": ""O maior risco é a dificuldade de adesão em massa de usuários e lojistas para monetizar o modelo de negócio. A concorrência já estabelecida pode oferecer taxas mais competitivas ou até mesmo gratuitas, dificultando a captação de usuários. Além disso, a necessidade de adesão em massa de usuários e lojistas para monetizar o modelo de negócio é um desafio significativo, especialmente em um mercado já saturado."",
  ""analise_equipe"": ""A equipe é composta inteiramente por estudantes de graduação em computação de uma universidade de elite, sem experiência corporativa prévia, histórico de gestão de pessoas ou vivência técnica no mercado financeiro e de segurança bancária. Isso pode ser um grande desafio para a startup, especialmente considerando a complexidade do setor financeiro e a necessidade de lidar com questões regulatórias e de segurança."",
  ""categoria_risco_principal"": ""Equipe inadequada"",
  ""probabilidade_sucesso_0_a_100"": 20,
  ""veredito_final"": ""Rejeitada"",
  ""nivel_rigor_diagnostico"": 10
}",Equipe inadequada,20.0,Rejeitada,10.0,"{
  ""analise_problema_mercado"": ""O mercado de carteiras digitais e transferências financeiras móveis em 2015 já estava altamente saturado, com gigantes globais de tecnologia e aplicativos P2P dominando o espaço. A adesão em massa de usuários e lojistas é um desafio significativo devido à forte presença de concorrentes estabelecidos e à necessidade de confiança e segurança."",
  ""analise_solucao_proposta"": ""A solução proposta de gamificação e incentivos sociais para transações financeiras é inovadora, mas a complexidade logística e técnica de implementar uma carteira digital segura e escalável é significativa. A falta de experiência da equipe em segurança bancária e regulamentação financeira pode comprometer a implementação eficaz da solução."",
  ""analise_receitas_custos"": ""A monetização através de taxas sobre transações e serviços financeiros adjacentes é uma abordagem comum, mas a obtenção de uma base de usuários suficiente para gerar receita significativa é um desafio dado a forte competição. Os custos de desenvolvimento e aquisição de usuários podem ser elevados, especialmente em um mercado já saturado."",
  ""vantagem_injusta"": ""N/A - Evidência Insuficiente"",
  ""risco_critico"": ""A falta de experiência da equipe em segurança bancária e regulamentação financeira é um risco significativo. Além disso, a necessidade de adesão em massa de usuários e lojistas para criar um mercado de duas pontas é um desafio significativo em um mercado já saturado."",
  ""analise_equipe"": ""A equipe fundadora, composta inteiramente por estudantes de graduação em computação, carece de experiência corporativa, histórico de gestão de pessoas e vivência técnica no mercado financeiro. Isso pode comprometer a implementação eficaz da solução e a captação de investidores e parceiros estratégicos."",
  ""categoria_risco_principal"": ""Equipe inadequada"",
  ""probabilidade_sucesso_0_a_100"": 20,
  ""veredito_final"": ""Rejeitada"",
  ""nivel_rigor_diagnostico"": 10
}",Concorrência predatória,20.0,Rejeitada,10.0,"{
  ""analise_problema_mercado"": ""O problema de facilitar pagamentos móveis e incentivar o uso de carteiras digitais é relevante, especialmente para o público jovem. No entanto, em 2015, o mercado já estava bastante saturado com soluções concorrentes, incluindo gigantes globais e aplicativos P2P bem estabelecidos. A urgência e a frequência da dor do cliente são questionáveis, pois existem alternativas robustas e amplamente adotadas."",
  ""analise_solucao_proposta"": ""A ideia de gamificação para incentivar o uso de carteiras digitais é criativa, mas a implementação em um mercado já saturado é um desafio significativo. A solução proposta não parece suficientemente simples para ser validada com recursos limitados de seed, dada a complexidade de atrair tanto usuários quanto lojistas."",
  ""analise_receitas_custos"": ""O caminho para a primeira receita é longo e incerto, especialmente considerando a necessidade de adoção em massa de usuários e lojistas. A economia unitária do primeiro cliente é questionável, pois a concorrência já oferece soluções gratuitas ou com taxas muito baixas."",
  ""vantagem_injusta"": ""Não há evidências claras de uma vantagem injusta que a equipe possa aproveitar nos primeiros 18 meses. A gamificação é uma ideia interessante, mas não parece ser um diferencial exclusivo ou inovador o suficiente para superar a forte concorrência existente."",
  ""risco_critico"": ""O maior risco é a dificuldade de atrair usuários e lojistas em um mercado já saturado, especialmente com a forte presença de gigantes globais e aplicativos P2P estabelecidos. A falta de uma vantagem competitiva clara torna a tarefa de conquistar uma fatia significativa do mercado extremamente difícil."",
  ""analise_equipe"": ""A equipe é composta por estudantes de graduação sem experiência relevante em finanças, gestão de pessoas ou em um mercado altamente regulado. A falta de experiência e conhecimento técnico é um grande desafio, especialmente considerando a complexidade do setor financeiro."",
  ""categoria_risco_principal"": ""Concorrência predatória"",
  ""probabilidade_sucesso_0_a_100"": 20,
  ""veredito_final"": ""Rejeitada"",
  ""nivel_rigor_diagnostico"": 10
}",Equipe inadequada,20.0,Rejeitada,10.0,"{
  ""analise_problema_mercado"": ""A definição do problema de mercado é coerente, identificando corretamente a necessidade de adoção em massa de usuários e lojistas para criar um ecossistema viável. No entanto, há um salto lógico não fundamentado na suposição de que o público jovem está disposto a adotar um novo aplicativo de pagamentos em um mercado já saturado por gigantes globais e aplicativos P2P consolidados."",
  ""analise_solucao_proposta"": ""A solução proposta de gamificação e incentivos sociais para transações financeiras é criativa e potencialmente atraente para o público jovem. No entanto, a solução não aborda de forma eficaz o problema de duas pontas (two-sided market) e a necessidade de adesão de lojistas para sustentar a adoção de usuários. Há uma suposição não fundamentada de que a gamificação será suficiente para superar a resistência de lojistas em adotar um novo método de pagamento."",
  ""analise_receitas_custos"": ""A lógica de monetização através de taxas sobre transações e serviços financeiros adjacentes é coerente com o modelo de negócio. No entanto, a hipótese de que o público jovem pagará taxas por transações financeiras em um mercado saturado por alternativas gratuitas ou com taxas muito baixas não é bem fundamentada. Além disso, a necessidade de adesão de lojistas para gerar receita através de taxas sobre transações não é abordada adequadamente."",
  ""vantagem_injusta"": ""A vantagem injusta não é claramente fundamentada. A equipe não possui experiência relevante no mercado financeiro e de segurança bancária, o que é um desafio significativo para a implementação de uma carteira digital. A suposição de que a gamificação e a experiência técnica da equipe serão suficientes para superar esses desafios não é bem fundamentada."",
  ""risco_critico"": ""O risco crítico é a falta de experiência da equipe no mercado financeiro e de segurança bancária, o que pode levar a falhas graves na implementação da carteira digital e na conformidade com regulamentações."",
  ""analise_equipe"": ""A equipe é tecnicamente competente, mas carece de experiência relevante no mercado financeiro e de segurança bancária. A falta de experiência em gestão de pessoas e em negócios de alto risco é um grande desafio para a implementação bem-sucedida do produto."",
  ""categoria_risco_principal"": ""Equipe inadequada"",
  ""probabilidade_sucesso_0_a_100"": 20,
  ""veredito_final"": ""Rejeitada"",
  ""nivel_rigor_diagnostico"": 10
}",Problema regulatório ou legal,20.0,Rejeitada,10.0,"{
  ""analise_problema_mercado"": ""O problema de mercado é claramente identificado, mas o setor de pagamentos móveis é altamente regulado e possui forte presença de incumbentes. A necessidade de adotar uma solução de duas pontas (two-sided market) aumenta a complexidade e a necessidade de escala para viabilizar o modelo de negócio."",
  ""analise_solucao_proposta"": ""A solução proposta de gamificação e incentivos sociais é inovadora, mas o setor financeiro é altamente regulado, o que pode criar obstáculos significativos para a implementação e escalabilidade da solução. A falta de experiência da equipe em questões regulatórias pode ser um desafio."",
  ""analise_receitas_custos"": ""O modelo de receita baseado em taxas sobre transações e serviços financeiros adjacentes está sujeito a regulamentações rigorosas e potenciais contestações de órgãos reguladores. A viabilidade financeira pode ser comprometida se a startup não conseguir cumprir as exigências regulatórias."",
  ""vantagem_injusta"": ""A vantagem competitiva baseada em gamificação pode ser temporária, pois incumbentes poderiam replicar a ideia rapidamente. Além disso, a equipe fundadora carece de experiência em lidar com a concorrência predatória de grandes players do setor."",
  ""risco_critico"": ""O risco crítico é a ação de um regulador ou incumbente que pode inviabilizar o modelo de negócio em menos de 24 meses. Um regulador pode impor restrições que dificultem a implementação da solução, enquanto incumbentes poderiam lançar soluções semelhantes rapidamente, desvalorizando a proposta da startup."",
  ""analise_equipe"": ""A equipe fundadora carece de experiência em questões regulatórias e no mercado financeiro. A falta de experiência corporativa e de gestão pode ser um obstáculo significativo para lidar com os desafios regulatórios e competitivos."",
  ""categoria_risco_principal"": ""Problema regulatório ou legal"",
  ""probabilidade_sucesso_0_a_100"": 20,
  ""veredito_final"": ""Rejeitada"",
  ""nivel_rigor_diagnostico"": 10
}"
F10,Beepi,Marketplace C2C de veículos seminovos com logística integrada,2013,2017.0,Marketplace C2C,"Marketplace digital para compra e venda de veículos de alto valor. A proposta de valor é eliminar o intermediário físico (concessionária tradicional) ao centralizar digitalmente a vistoria presencial, precificação, garantia e entrega door-to-door (porta a porta). A monetização ocorre via spread e taxas sobre as transações. Apesar da interface digital, é um modelo altamente dependente de operações no mundo físico, exigindo exércitos de inspetores qualificados e transporte pesado constante para que a promessa de conveniência se sustente.",Falha,A empresa enfrentou dificuldades para equilibrar crescimento com custos operacionais elevados em um modelo altamente intensivo em logística. A necessidade de controlar qualidade e experiência ponta a ponta pressionou margens e aumentou a queima de caixa. A incapacidade de ajustar unit economics e captar novos recursos levou ao encerramento.,Fim do caixa,Problema de preço ou custo;Modelo de negócios falho,Fracasso em levantar nova rodada de investimento após sucessivas tentativas de venda ou fusão,Fim do caixa,2017,"A companhia captou mais de uma centena de milhões de dólares em financiamento de risco. A liderança é formada por empreendedores com MBAs em universidades americanas de elite, com backgrounds em ciência da computação e fundação prévia de e-commerces genéricos e startups de educação. O ambiente competitivo é brutal: a plataforma tenta disruptar redes tradicionais de concessionárias físicas gigantescas e, simultaneamente, enfrenta uma guerra de queima de caixa contra outros novos unicórnios do comércio eletrônico automotivo que lutam por domínio regional.",https://techcrunch.com/2017/02/15/beepi-shuts-down/;https://www.wsj.com/articles/used-car-startup-beepi-closes-1487185203;https://www.businessinsider.com/beepi-shutting-down-2017-2;https://www.failory.com/startups/web-app-failures;https://www.cio.com/article/236945/cio-cmo-partner-to-drive-used-car-sales.html;https://static1.squarespace.com/static/55c4e9aae4b05eaf17ef79ff/t/5dda940ca46d122f382872d1/1574605837793/Beepi_EStrategyCase.pdf;https://www.innovatorsunder35.com/the-list/alejandro-resnik/,Concorrência predatória,55.0,Necessita Pivotagem,8.0,"{
  ""analise_problema_mercado"": ""O problema do mercado é relevante, pois a compra e venda de veículos seminovos é um processo complexo e burocrático que envolve muitos intermediários. A demanda por uma solução mais conveniente e transparente é clara, especialmente entre consumidores que buscam economizar tempo e dinheiro. No entanto, o setor automotivo é altamente regulamentado e competitivo, o que pode dificultar a entrada de novos players."",
  ""analise_solucao_proposta"": ""A solução proposta é adequada e clara, oferecendo uma plataforma digital que elimina intermediários e centraliza serviços como vistoria, precificação e entrega. A proposta de valor é a conveniência e a transparência, mas a implementação requer uma logística complexa e um alto nível de qualificação para os inspetores."",
  ""analise_receitas_custos"": ""A estrutura de custos é significativa devido à necessidade de contratar inspetores qualificados e manter uma logística robusta. As receitas são geradas através de spreads e taxas sobre as transações, mas a margem pode ser apertada devido aos custos operacionais elevados. A monetização é viável, mas a sustentabilidade a longo prazo depende da escala e eficiência."",
  ""vantagem_injusta"": ""A vantagem competitiva potencial é a integração de serviços e a capacidade de oferecer uma experiência de compra e venda de veículos seminovos totalmente digital e conveniente. A logística integrada e a vistoria presencial centralizada podem ser pontos de diferenciação."",
  ""risco_critico"": ""O maior risco é a necessidade de escala para tornar a operação lucrativa. A concorrência é intensa, com grandes players tradicionais e novos unicórnios do comércio eletrônico. Além disso, a regulamentação do setor automotivo pode ser um desafio significativo."",
  ""analise_equipe"": ""A equipe tem um forte background em negócios e tecnologia, com experiência em e-commerce e startups. No entanto, a experiência específica no setor automotivo e na logística de veículos pode ser limitada, o que pode ser um desafio para a implementação da solução proposta."",
  ""categoria_risco_principal"": ""Concorrência predatória"",
  ""probabilidade_sucesso_0_a_100"": 55,
  ""veredito_final"": ""Necessita Pivotagem"",
  ""nivel_rigor_diagnostico"": 8
}",Produto ruim,55.0,Necessita Pivotagem,8.0,"{
  ""analise_problema_mercado"": ""O problema do mercado é real e relevante, pois a compra e venda de veículos seminovos ainda dependem muito de intermediários físicos, como concessionárias, que podem ser ineficientes e caros. O segmento de clientes é bem definido, incluindo compradores e vendedores de veículos usados que buscam maior conveniência e transparência."",
  ""analise_solucao_proposta"": ""A solução proposta é inovadora e promissora, pois visa eliminar intermediários físicos e oferecer um serviço completo de vistoria, precificação e entrega door-to-door. No entanto, a execução depende de uma logística complexa e de um grande número de inspetores qualificados, o que pode ser desafiador."",
  ""analise_receitas_custos"": ""O modelo econômico é viável em teoria, com receitas provenientes de spreads e taxas sobre as transações. No entanto, os custos operacionais são significativos devido à necessidade de uma logística robusta e de um grande número de inspetores qualificados. A concorrência é intensa, o que pode pressionar margens."",
  ""vantagem_injusta"": ""A vantagem injusta é a capacidade de centralizar a vistoria presencial, precificação e entrega em um único marketplace digital, oferecendo maior conveniência e transparência aos clientes."",
  ""risco_critico"": ""O maior risco estrutural é a necessidade de uma logística complexa e de um grande número de inspetores qualificados, o que pode ser desafiador e caro de implementar."",
  ""analise_equipe"": ""A equipe é bem qualificada, com fundadores com MBAs de universidades americanas de elite e experiência em e-commerces e startups de educação. No entanto, a experiência em logística e operações de veículos usados pode ser limitada."",
  ""categoria_risco_principal"": ""Produto ruim"",
  ""probabilidade_sucesso_0_a_100"": 55,
  ""veredito_final"": ""Necessita Pivotagem"",
  ""nivel_rigor_diagnostico"": 8
}",Produto ruim,30.0,Necessita Pivotagem,10.0,"{
  ""analise_problema_mercado"": ""O problema identificado é a necessidade de intermediários físicos na compra e venda de veículos seminovos, que podem ser custosos e ineficientes. No entanto, a existência de concessionárias tradicionais e a presença de outras plataformas digitais sugere que o mercado já tem alternativas disponíveis. Além disso, a conveniência e a confiança que as concessionárias trazem aos consumidores podem ser fatores importantes que dificultam a adoção de uma nova plataforma."",
  ""analise_solucao_proposta"": ""A solução proposta é um marketplace digital que centraliza a vistoria presencial, precificação, garantia e entrega door-to-door. No entanto, a solução depende fortemente de operações físicas, como a contratação de inspetores qualificados e a logística de transporte pesado. Isso pode ser um desafio significativo, pois a empresa precisa construir uma infraestrutura física robusta para atender a demanda, o que pode ser caro e demorado."",
  ""analise_receitas_custos"": ""A monetização ocorre via spread e taxas sobre as transações. No entanto, a empresa precisa investir significativamente em infraestrutura física e contratar pessoal qualificado para realizar as vistorias e garantir a entrega dos veículos. Além disso, a concorrência intensa pode levar a uma guerra de preços, o que pode comprometer a margem de lucro da empresa."",
  ""vantagem_injusta"": ""A vantagem competitiva proposta é a centralização digital de vistoria presencial, precificação, garantia e entrega door-to-door. No entanto, outras plataformas digitais também podem oferecer esses serviços, e a empresa precisa construir uma infraestrutura física robusta para competir com as concessionárias tradicionais. Além disFacade, a concorrência intensa pode levar a uma guerra de preços, o que pode comprometer a vantagem competitiva da empresa."",
  ""risco_critico"": ""O risco crítico é a necessidade de investir significativamente em infraestrutura física e contratar pessoal qualificado para realizar as vistorias e garantir a entrega dos veículos. Além disso, a concorrência intensa pode levar a uma guerra de preços, o que pode comprometer a margem de lucro da empresa."",
  ""analise_equipe"": ""A equipe é formada por empreendedores com MBAs em universidades americanas de elite, com backgrounds em ciência da computação e fundação prévia de e-commerces genéricos e startups de educação. No entanto, a experiência em operações físicas de vistoria e entrega de veículos pode ser limitada, o que pode ser um desafio significativo para a empresa."",
  ""categoria_risco_principal"": ""Produto ruim"",
  ""probabilidade_sucesso_0_a_100"": 30,
  ""veredito_final"": ""Necessita Pivotagem"",
  ""nivel_rigor_diagnostico"": 10
}",Modelo de negócios falho,40.0,Necessita Pivotagem,8.0,"{
  ""analise_problema_mercado"": ""O mercado de veículos seminovos é significativo, mas altamente fragmentado e dependente de intermediários físicos. A fricção mecânica para aquisição de clientes neste setor é alta devido à necessidade de confiança e garantia, especialmente em transações de alto valor como veículos. A presença de grandes concessionárias físicas e novos concorrentes digitais aumenta a competição."",
  ""analise_solucao_proposta"": ""A solução proposta visa eliminar intermediários físicos e centralizar a vistoria, precificação e entrega de veículos em um modelo digital. No entanto, a solução requer uma infraestrutura robusta de inspetores e logística, o que pode ser complexo e caro. A integração de operações físicas com um modelo digital exige uma gestão eficiente e escalável."",
  ""analise_receitas_custos"": ""A monetização ocorre através de spreads e taxas sobre as transações, mas a estrutura de custos é significativa devido à necessidade de operações físicas. A eficiência e a escalabilidade da logística e da vistoria são cruciais para manter margens saudáveis. A falta de dados específicos sobre CAC, LTV e margens torna difícil avaliar a viabilidade financeira."",
  ""vantagem_injusta"": ""A vantagem mais evidente é a escala e a infraestrutura logística bem estabelecida, que pode ser uma barreira de entrada para novos concorrentes. A capacidade de oferecer entrega door-to-door e garantia pode ser um diferencial."",
  ""risco_critico"": ""A falta de dados específicos sobre a estrutura de custos, receitas e métricas como CAC e LTV torna difícil avaliar a viabilidade financeira da plataforma. A dependência de operações físicas e a necessidade de escalar rapidamente podem ser desafios significativos."",
  ""analise_equipe"": ""A equipe tem experiência em e-commerce e fundação de startups, mas a experiência específica em operações físicas e logística de alto valor pode ser limitada. A capacidade de gerir eficientemente a integração de operações físicas com um modelo digital é crucial."",
  ""categoria_risco_principal"": ""Modelo de negócios falho"",
  ""probabilidade_sucesso_0_a_100"": 40,
  ""veredito_final"": ""Necessita Pivotagem"",
  ""nivel_rigor_diagnostico"": 8
}",Problema de preço ou custo,30.0,Necessita Pivotagem,8.0,"{
  ""analise_problema_mercado"": ""O problema de comprar e vender veículos seminovos é real e doloroso, especialmente devido à falta de transparência e confiança entre comprador e vendedor. No entanto, o mercado já possui várias alternativas, incluindo concessionárias e outros marketplaces online, o que diminui a urgência e a frequência da dor do cliente para mudar de comportamento."",
  ""analise_solucao_proposta"": ""A solução proposta é inovadora e visa resolver problemas significativos no mercado de veículos seminovos. No entanto, a complexidade operacional e a necessidade de uma infraestrutura física robusta para vistoria, garantia e entrega tornam a solução difícil de validar com recursos limitados de seed."",
  ""analise_receitas_custos"": ""A monetização via spread e taxas sobre as transações é uma abordagem comum para marketplaces, mas a necessidade de investimentos significativos em logística e pessoal especializado pode tornar o caminho para a primeira receita longo e incerto. Além disso, a economia unitária do primeiro cliente pode não ser suficiente para sustentar a operação sem escala."",
  ""vantagem_injusta"": ""A equipe possui experiência em e-commerce e fundação de startups, o que é uma vantagem. No entanto, a proposta de valor é difícil de replicar devido à necessidade de uma infraestrutura física robusta, o que pode ser uma vantagem inesperada."",
  ""risco_critico"": ""O maior risco é a necessidade de investimentos significativos em infraestrutura física e pessoal especializado para viabilizar a operação, o que pode esgotar rapidamente os recursos financeiros disponíveis."",
  ""analise_equipe"": ""A equipe é bem qualificada e tem experiência em e-commerce e fundação de startups, o que é positivo. No entanto, a experiência em operações de alto valor e complexidade física pode ser limitada."",
  ""categoria_risco_principal"": ""Problema de preço ou custo"",
  ""probabilidade_sucesso_0_a_100"": 30,
  ""veredito_final"": ""Necessita Pivotagem"",
  ""nivel_rigor_diagnostico"": 8
}",Produto ruim,30.0,Necessita Pivotagem,8.0,"{
  ""analise_problema_mercado"": ""A proposta de valor do marketplace é eliminar intermediários físicos e oferecer conveniência ao cliente através de uma plataforma digital. A dor identificada é a necessidade de uma experiência mais conveniente e transparente na compra e venda de veículos seminovos, eliminando a necessidade de visitar concessionárias físicas. A hipótese de que os clientes valorizariam uma plataforma que centraliza a vistoria, precificação, garantia e entrega é internamente consistente, mas há um salto lógico na suposição de que todos os clientes de alto valor estão dispostos a abandonar completamente a interação física."",
  ""analise_solucao_proposta"": ""A solução proposta é uma plataforma digital que centraliza todas as operações necessárias para a compra e venda de veículos seminovos, incluindo vistoria, precificação e entrega door-to-door. A solução é coerente com o problema descrito, mas há uma dependência significativa de operações físicas, como a necessidade de inspetores qualificados e logística de transporte pesado, o que pode ser um desafio de escalabilidade."",
  ""analise_receitas_custos"": ""A monetização ocorre via spread e taxas sobre as transações, o que é coerente com o modelo de negócio proposto. No entanto, a plataforma é altamente dependente de custos operacionais significativos para manter a qualidade da vistoria e a logística de entrega, o que pode comprometer a viabilidade financeira se não for gerenciado adequadamente."",
  ""vantagem_injusta"": ""A vantagem injusta é a capacidade de oferecer uma experiência de compra e venda de veículos seminovos mais conveniente e transparente, eliminando intermediários físicos. No entanto, a afirmação de que a plataforma pode sustentar essa vantagem de forma escalável e lucrativa sem comprometer a qualidade das operações físicas é uma suposição não fundamentada."",
  ""risco_critico"": ""O risco crítico é a dependência de operações físicas significativas para manter a qualidade da vistoria e a logística de entrega, o que pode ser um desafio de escalabilidade e custos operacionais."",
  ""analise_equipe"": ""A equipe é composta por empreendedores com MBAs em universidades americanas de elite e backgrounds em ciência da computação e fundação de e-commerces genéricos e startups de educação. Embora a experiência em e-commerce e educação seja relevante, a experiência em operações físicas de vistoria e logística de veículos é crucial para o sucesso deste modelo de negócio e não está claramente evidenciada na descrição da equipe."",
  ""categoria_risco_principal"": ""Produto ruim"",
  ""probabilidade_sucesso_0_a_100"": 30,
  ""veredito_final"": ""Necessita Pivotagem"",
  ""nivel_rigor_diagnostico"": 8
}",Problema regulatório ou legal,30.0,Necessita Pivotagem,9.0,"{
  ""analise_problema_mercado"": ""O mercado de veículos seminovos é altamente regulado e possui atores incumbentes com forte poder de mercado, como concessionárias tradicionais e grandes players do setor automotivo. A entrada de uma nova plataforma digital pode enfrentar resistência significativa devido à necessidade de conformidade com regulamentações específicas e à capacidade dos incumbentes de retaliar através de estratégias de preços e marketing."",
  ""analise_solucao_proposta"": ""A solução proposta de centralizar a vistoria presencial, precificação, garantia e entrega door-to-door é inovadora, mas depende de uma infraestrutura física robusta e de pessoal altamente qualificado. A necessidade de inspetores e logística especializada pode criar passivos regulatórios e custos operacionais significativos que a startup pode não ser capaz de suportar inicialmente."",
  ""analise_receitas_custos"": ""O modelo de receita baseado em spread e taxas sobre as transações pode ser contestado por reguladores, especialmente se a plataforma for vista como uma intermediária que está removendo valor do mercado sem oferecer benefícios significativos aos consumidores. Além disso, a concorrência predatória pode levar a uma guerra de preços que comprometeria a sustentabilidade financeira da startup."",
  ""vantagem_injusta"": ""A vantagem competitiva da plataforma é baseada em uma infraestrutura física e em conhecimento especializado que pode ser difícil de replicar, mas a capacidade dos incumbentes de retaliar através de lobby político e estratégias de preços pode neutralizar essa vantagem."",
  ""risco_critico"": ""O risco mais letal é a retaliação competitiva de incumbentes que podem usar seu poder de mercado para oferecer incentivos aos consumidores para evitar a plataforma, além de lobby político para criar regulamentações que dificultem a operação da startup."",
  ""analise_equipe"": ""A equipe tem um forte background em e-commerce e educação, mas a experiência em um setor altamente regulado e com atores incumbentes poderosos pode ser limitada. A capacidade de lidar com reguladores e competir com incumbentes pode ser um desafio significativo."",
  ""categoria_risco_principal"": ""Problema regulatório ou legal"",
  ""probabilidade_sucesso_0_a_100"": 30,
  ""veredito_final"": ""Necessita Pivotagem"",
  ""nivel_rigor_diagnostico"": 9
}"
S01,Airbnb,Plataforma P2P de acomodações e hospitalidade alternativa,2008,,TravelTech Marketplace,"Marketplace peer-to-peer (P2P) de dupla face conectando proprietários com capacidade ociosa em suas residências a viajantes em busca de estadias não convencionais. O modelo monetiza através de um take-rate (comissão) cobrado de ambas as pontas na transação. Operando de forma estritamente 'asset-light' (sem possuir os imóveis), a escalabilidade depende criticamente de efeitos de rede globais cruzados e de um sistema de avaliação rigoroso para transpor a barreira de confiança (convencer as pessoas a dormirem na casa de estranhos).",Ativa,,,,"Colapso global do turismo e restrições drásticas de mobilidade devido a uma crise sanitária (pandemia), exigindo reestruturação de custos e teste de resiliência de receita",Sem necessidade de mercado,2020,"A startup captou sua primeira rodada seed de US$ 600 mil em 2009, liderada pelo Y Combinator (US$ 20 mil de programa + investidores anjo). O mercado atacado é o de hospedagem alternativa de curta duração, com tese de que proprietários de imóveis têm capacidade ociosa não monetizada e viajantes buscam alternativas mais autênticas e econômicas que hotéis tradicionais. A equipe de três fundadores (dois designers e um engenheiro) opera sem histórico anterior em hospitalidade ou marketplaces. O desafio crítico é construir confiança bilateral entre anfitriões e hóspedes desconhecidos — problema de reputação em mercado de experiências de alto risco percebido. O contexto econômico da Grande Recessão (2008-2009) cria pressão de demanda por alternativas de renda complementar entre proprietários.",https://www.slideshare.net/slideshow/airbnb-first-pitch-deck-editable/45768374;https://hbr.org/2021/05/how-airbnb-survived-the-pandemic;https://techcrunch.com/2009/08/05/exclusive-behind-the-scenes-of-airbnbs-funding;https://www.crunchbase.com/organization/airbnb;https://en.wikipedia.org/wiki/Airbnb,Produto ruim,30.0,Necessita Pivotagem,8.0,"{
  ""analise_problema_mercado"": ""O problema de capacidade ociosa em residências e a busca por hospedagem alternativa é relevante, especialmente durante a recessão econômica de 2008-2009, quando as pessoas buscam alternativas de renda complementar e viajantes procuram experiências mais autênticas e econômicas. No entanto, o mercado de hospedagem alternativa já estava saturado com concorrentes estabelecidos como Airbnb, o que pode dificultar a entrada de novos players."",
  ""analise_solucao_proposta"": ""A solução proposta de um marketplace P2P para hospedagem alternativa é clara e alinha-se com a demanda por experiências autênticas e econômicas. A plataforma visa conectar proprietários com capacidade ociosa a viajantes, mas a necessidade de construir confiança entre anfitriões e hóspedes desconhecidos é um desafio significativo."",
  ""analise_receitas_custos"": ""O modelo de negócios baseado em take-rate é adequado para um marketplace, mas a escalabilidade depende de efeitos de rede globais, o que pode ser desafiador. A estrutura de custos é leve, mas a startup precisa investir significativamente em marketing e confiança para superar a barreira de entrada."",
  ""vantagem_injusta"": ""A vantagem competitiva potencial é a capacidade de oferecer uma experiência única e autêntica, além de ser 'asset-light', o que permite maior flexibilidade e escalabilidade. No entanto, a startup precisa construir uma reputação sólida para competir com estabelecimentos como Airbnb."",
  ""risco_critico"": ""O maior risco é a construção de confiança entre anfitriões e hóspedes desconhecidos, que é crucial para o sucesso de um marketplace de hospedagem alternativa. A falta de histórico em hospitalidade e marketplaces pode dificultar a implementação de um sistema de avaliação rigoroso."",
  ""analise_equipe"": ""A equipe de três fundadores (dois designers e um engenheiro) é limitada em termos de experiência em hospitalidade e marketplaces, o que pode ser um desafio para implementar um sistema de avaliação rigoroso e construir confiança entre os usuários."",
  ""categoria_risco_principal"": ""Produto ruim"",
  ""probabilidade_sucesso_0_a_100"": 30,
  ""veredito_final"": ""Necessita Pivotagem"",
  ""nivel_rigor_diagnostico"": 8
}",Produto ruim,55.0,Necessita Pivotagem,8.0,"{
  ""analise_problema_mercado"": ""O problema do mercado é real e relevante, pois há uma demanda crescente por hospedagem alternativa e econômica, especialmente durante a recessão econômica de 2008-2009. O segmento de clientes está bem definido, incluindo proprietários de imóveis com capacidade ociosa e viajantes em busca de experiências autênticas e econômicas."",
  ""analise_solucao_proposta"": ""A solução proposta é eficaz e executável, pois conecta diretamente proprietários e viajantes, permitindo a monetização de capacidade ociosa. No entanto, a construção de confiança entre as partes é um desafio significativo que requer um sistema de avaliação rigoroso e eficaz."",
  ""analise_receitas_custos"": ""O modelo econômico é viável, com receitas geradas através de um take-rate em ambas as pontas da plataforma. No entanto, a estrutura de custos é significativa, especialmente para marketing e construção de confiança inicial. A concorrência é intensa, com grandes players como Airbnb já estabelecidos."",
  ""vantagem_injusta"": ""A vantagem injusta é a capacidade de capturar a demanda por hospedagem alternativa em um momento de recessão econômica, quando a necessidade de renda complementar é alta para proprietários de imóveis e a busca por alternativas econômicas é alta para viajantes."",
  ""risco_critico"": ""O maior risco estrutural é a construção de confiança entre anfitriões e hóspedes desconhecidos. A falta de confiança pode levar a uma taxa de cancelamento alta e a um baixo engajamento inicial."",
  ""analise_equipe"": ""A equipe de fundadores tem experiência técnica, mas não tem histórico em hospitalidade ou marketplaces. Isso pode ser um desafio para a implementação eficaz da solução proposta."",
  ""categoria_risco_principal"": ""Produto ruim"",
  ""probabilidade_sucesso_0_a_100"": 55,
  ""veredito_final"": ""Necessita Pivotagem"",
  ""nivel_rigor_diagnostico"": 8
}",Problema de preço ou custo,20.0,Rejeitada,10.0,"{
  ""analise_problema_mercado"": ""O problema de capacidade ociosa em residências e a busca por alternativas de hospedagem econômicas e autênticas é relevante, mas a Grande Recessão de 2008-2009 já estava em andamento quando a startup foi fundada em 2009. Isso pode ter criado uma pressão temporária, mas não necessariamente uma demanda duradoura. Além disso, a solução proposta depende de um mercado de viajantes que valoriza experiências autênticas, o que pode não ser suficiente para sustentar um modelo de negócios lucrativo a longo prazo."",
  ""analise_solucao_proposta"": ""A solução proposta de um marketplace P2P para acomodações alternativas enfrenta desafios significativos de adoção. A confiança entre anfitriões e hóspedes desconhecidos é um problema crítico que requer um sistema de avaliação rigoroso e uma forte presença de marca para superar. Além disso, a concorrência de plataformas estabelecidas como Airbnb pode ser um obstáculo significativo para a adoção da solução proposta."",
  ""analise_receitas_custos"": ""O modelo de negócios baseado em take-rate (comissão) é vulnerável a pressões de preços, especialmente se a concorrência for agressiva. Além disso, a startup opera sem experiência em hospitalidade ou marketplaces, o que pode levar a subestimação de custos operacionais e de marketing necessários para construir confiança e escala."",
  ""vantagem_injusta"": ""A vantagem competitiva da startup é baseada em um sistema de avaliação rigoroso e uma forte presença de marca, mas essas são áreas onde a concorrência estabelecida como Airbnb tem uma vantagem significativa. Além disso, a startup opera sem experiência em hospitalidade ou marketplaces, o que pode limitar sua capacidade de desenvolver uma vantagem competitiva duradoura."",
  ""risco_critico"": ""O risco crítico é a dificuldade de construir confiança entre anfitriões e hóspedes desconhecidos, que é um problema de reputação em um mercado de experiências de alto risco percebido. Além disso, a concorrência de plataformas estabelecidas como Airbnb pode ser um obstáculo significativo para a adoção da solução proposta."",
  ""analise_equipe"": ""A equipe de três fundadores (dois designers e um engenheiro) opera sem histórico anterior em hospitalidade ou marketplaces, o que pode limitar sua capacidade de desenvolver uma vantagem competitiva duradoura. Além disso, a falta de experiência em hospitalidade pode levar a subestimação de custos operacionais e de marketing necessários para construir confiança e escala."",
  ""categoria_risco_principal"": ""Problema de preço ou custo"",
  ""probabilidade_sucesso_0_a_100"": 20,
  ""veredito_final"": ""Rejeitada"",
  ""nivel_rigor_diagnostico"": 10
}",Problema de preço ou custo,30.0,Necessita Pivotagem,8.0,"{
  ""analise_problema_mercado"": ""O mercado de hospedagem alternativa tem potencial significativo, especialmente durante a recessão econômica de 2008-2009, quando proprietários de imóveis buscam alternativas de renda complementar e viajantes procuram opções econômicas e autênticas. No entanto, o problema de confiança é significativo, pois envolve acomodações residenciais, o que pode ser um desafio para a aquisição de clientes."",
  ""analise_solucao_proposta"": ""A solução proposta é um marketplace peer-to-peer que conecta proprietários com capacidade ociosa em suas residências a viajantes. A plataforma deve ter um sistema de avaliação rigoroso para transpor a barreira de confiança. A escalabilidade depende de efeitos de rede globais cruzados, o que é um desafio dado a natureza complexa da confiança em um mercado de alto risco percebido."",
  ""analise_receitas_custos"": ""A plataforma monetiza através de um take-rate cobrado de ambas as pontas na transação. No entanto, a estrutura de custos não é detalhada, e não há dados sobre a taxa de conversão de usuários em transações ou o custo de aquisição de clientes (CAC). Sem esses dados, é difícil avaliar a viabilidade financeira da plataforma."",
  ""vantagem_injusta"": ""A vantagem mais quantificável é a barreira de confiança que a plataforma deve superar para criar um mercado de confiança entre proprietários e hóspedes. No entanto, isso não é facilmente escalável e requer um sistema de avaliação robusto."",
  ""risco_critico"": ""O risco crítico é a falta de dados sobre a estrutura de custos e receitas, bem como a falta de histórico da equipe em marketplaces e hospitalidade. Além disso, a confiança é um desafio significativo em um mercado de alto risco percebido."",
  ""analise_equipe"": ""A equipe é composta por três fundadores sem histórico em hospitalidade ou marketplaces, o que pode ser um desafio para a implementação bem-sucedida da plataforma. A experiência em design e engenharia é relevante, mas não suficiente para lidar com os desafios específicos deste mercado."",
  ""categoria_risco_principal"": ""Problema de preço ou custo"",
  ""probabilidade_sucesso_0_a_100"": 30,
  ""veredito_final"": ""Necessita Pivotagem"",
  ""nivel_rigor_diagnostico"": 8
}",Produto ruim,40.0,Necessita Pivotagem,8.0,"{
  ""analise_problema_mercado"": ""O problema de capacidade ociosa em residências e a busca por experiências de hospedagem alternativas é relevante, especialmente durante a recessão econômica. A urgência e frequência do problema são aparentes, pois proprietários buscam formas de gerar renda adicional e viajantes procuram experiências mais autênticas e econômicas. No entanto, a confiança entre anfitriões e hóspedes é um desafio significativo."",
  ""analise_solucao_proposta"": ""A solução proposta é um marketplace P2P que conecta proprietários com viajantes, cobrando uma comissão em cada transação. A simplicidade da solução é adequada para ser construída e validada com recursos limitados, mas a escalabilidade depende de um sistema de avaliação rigoroso e efeitos de rede globais, o que pode ser um desafio."",
  ""analise_receitas_custos"": ""O caminho para a primeira receita é claro, com a possibilidade de monetização através de comissões em cada transação. No entanto, os custos iniciais de desenvolvimento e marketing podem ser significativos, especialmente para construir confiança entre os usuários."",
  ""vantagem_injusta"": ""A equipe não tem experiência prévia em hospitalidade ou marketplaces, o que pode ser um desafio para entender completamente o problema e a solução. No entanto, a capacidade de desenvolver um sistema de avaliação rigoroso pode ser uma vantagem se bem executada."",
  ""risco_critico"": ""O maior risco é a construção de confiança entre anfitriões e hóspedes. Sem um sistema de avaliação robusto e uma forte presença de marca, a startup pode não conseguir atrair usuários suficientes para criar um efeito de rede crítico."",
  ""analise_equipe"": ""A equipe é composta por três fundadores com habilidades técnicas, mas sem experiência em hospitalidade ou marketplaces. Isso pode ser um desafio para entender completamente o problema e a solução, mas a equipe tem a capacidade técnica para desenvolver a plataforma."",
  ""categoria_risco_principal"": ""Produto ruim"",
  ""probabilidade_sucesso_0_a_100"": 40,
  ""veredito_final"": ""Necessita Pivotagem"",
  ""nivel_rigor_diagnostico"": 8
}",Problema de preço ou custo,20.0,Rejeitada,8.0,"{
  ""analise_problema_mercado"": ""A definição do problema e do segmento de clientes é internamente consistente. A startup identifica corretamente a necessidade de alternativas econômicas e autênticas para hospedagem e a capacidade ociosa de proprietários de imóveis. No entanto, há um salto lógico não fundamentado na hipótese de que a pressão econômica da Grande Recessão levaria tanto proprietários quanto viajantes a aceitar uma nova forma de hospedagem P2P."",
  ""analise_solucao_proposta"": ""A solução proposta de um marketplace P2P é coerente com o problema identificado, mas a eficácia da solução depende de um sistema de avaliação rigoroso e de efeitos de rede globais. A hipótese de que proprietários e viajantes confiarão em um sistema de avaliação não fundamentado é um ponto fraco."",
  ""analise_receitas_custos"": ""A lógica de monetização através de um take-rate é coerente com o modelo de negócio, mas a hipótese de que proprietários e viajantes pagarão uma comissão por uma experiência de hospedagem não convencional não é fundamentada. Há um risco de que a comissão seja considerada excessiva ou desnecessária."",
  ""vantagem_injusta"": ""A vantagem injusta não é claramente fundamentada. A startup não possui um histórico em hospitalidade ou marketplaces, e a equipe carece de experiência relevante. A hipótese de que a startup pode construir confiança e reputação rapidamente em um mercado altamente competitivo é questionável."",
  ""risco_critico"": ""O risco crítico é a hipótese de que proprietários e viajantes confiarão em um sistema de avaliação não fundamentado e pagarão uma comissão por uma experiência de hospedagem não convencional. Se essa hipótese for falsa, o modelo de negócio não será viável."",
  ""analise_equipe"": ""A equipe de três fundadores (dois designers e um engenheiro) carece de experiência relevante em hospitalidade ou marketplaces. A falta de experiência em um mercado altamente competitivo e regulado é um ponto fraco."",
  ""categoria_risco_principal"": ""Problema de preço ou custo"",
  ""probabilidade_sucesso_0_a_100"": 20,
  ""veredito_final"": ""Rejeitada"",
  ""nivel_rigor_diagnostico"": 8
}",Problema regulatório ou legal,20.0,Rejeitada,9.0,"{
  ""analise_problema_mercado"": ""O mercado de hospedagem alternativa é altamente regulado, especialmente após a popularização de plataformas como Airbnb, que enfrentaram uma série de desafios legais e regulatórios em várias cidades e países. A startup enfrenta a possibilidade de ser confrontada com regulamentações semelhantes que podem limitar sua capacidade de operar em certas localidades ou até mesmo proibir a prática de aluguel de curta duração em residências."",
  ""analise_solucao_proposta"": ""A solução proposta, um marketplace P2P para acomodações alternativas, cria potenciais passivos regulatórios. A startup pode enfrentar exigências de licenciamento, conformidade com leis locais de habitação e hotelaria, e questões de privacidade e proteção de dados, especialmente se a plataforma crescer globalmente."",
  ""analise_receitas_custos"": ""O modelo de receita baseado em take-rate pode ser contestado por reguladores, especialmente em mercados onde a prática de aluguel de curta duração é vista como uma atividade comercial sujeita a taxas e impostos. Além disso, a startup pode enfrentar pressão para reduzir suas comissões em face de regulamentações que buscam proteger os consumidores."",
  ""vantagem_injusta"": ""A vantagem competitiva da startup pode não ser defensável frente a uma resposta coordenada de incumbentes. Grandes players do setor de hotelaria e plataformas de viagens estabelecidas têm recursos significativos para criar ofertas concorrentes ou pressionar reguladores para criar barreiras de entrada."",
  ""risco_critico"": ""O risco regulatório é o mais letal. Um regulador poderia impor restrições significativas sobre a operação da plataforma, como exigências de licenciamento, limitações geográficas ou até mesmo proibir a prática de aluguel de curta duração em residências, o que poderia extinguir o modelo de negócio em menos de 24 meses."",
  ""analise_equipe"": ""A equipe de fundadores, embora com experiência em design e engenharia, não tem histórico em hospitalidade ou marketplaces, o que pode ser um desafio significativo ao enfrentar questões regulatórias complexas e competitivas."",
  ""categoria_risco_principal"": ""Problema regulatório ou legal"",
  ""probabilidade_sucesso_0_a_100"": 20,
  ""veredito_final"": ""Rejeitada"",
  ""nivel_rigor_diagnostico"": 9
}"
S02,Uber,Plataforma global de despacho algorítmico e transporte on-demand,2009,,Mobility / Marketplace,"Marketplace de dupla face focado em mobilidade urbana. Utiliza despacho algorítmico, precificação dinâmica e geolocalização para conectar usuários a uma rede descentralizada de prestadores de serviço independentes. A monetização ocorre via comissão (take-rate) por transação. O modelo exige capital inicial maciço para subsidiar ambas as pontas da rede até atingir liquidez hiperlocal, visando dominar a conveniência e minimizar o tempo de espera.",Ativa,,,,"Graves crises de compliance, cultura corporativa controversa e embates regulatórios culminando em forte pressão do conselho para a renúncia do CEO e reestruturação da governança",Problema regulatório ou legal,2017,"A startup captou rodada seed de US$ 200 mil em 2009 e Série A de US$ 1,25 milhão em 2010 com investidores anjo. Opera em São Francisco como prova de conceito de um aplicativo de despacho de táxis pretos (black cars) via smartphone. A equipe fundadora tem background em startups anteriores de tecnologia, sem histórico em transporte ou mobilidade. O modelo depende de licenças de motoristas profissionais existentes — a tese de 'qualquer pessoa como motorista' ainda não está no horizonte imediato. O risco regulatório é real: o segmento de táxis é altamente regulado em todos os mercados urbanos, com corporações de taxistas com influência política consolidada para bloquear novos entrantes.",https://www.uber.com/newsroom/our-story/;https://techcrunch.com/2010/12/22/uber-officially-accepts-1-25m-in-funding-from-lowercase-capital;https://hbr.org/2017/07/ubers-leadership-crisis-what-comes-next;https://www.crunchbase.com/organization/uber;https://en.wikipedia.org/wiki/Uber,Problema regulatório ou legal,30.0,Necessita Pivotagem,8.0,"{
  ""analise_problema_mercado"": ""O problema de mobilidade urbana é relevante, com demanda crescente por soluções de transporte on-demand. No entanto, o setor de táxis é altamente regulado e competitivo, o que pode dificultar a entrada de novos players."",
  ""analise_solucao_proposta"": ""A solução proposta de despacho algorítmico e precificação dinâmica é inovadora e pode oferecer vantagens sobre os serviços tradicionais de táxi. No entanto, a necessidade de licenças de motoristas profissionais pode limitar a escala inicial."",
  ""analise_receitas_custos"": ""O modelo de comissão por transação é comum em marketplaces de transporte, mas a necessidade de capital inicial maciço para subsidiar ambas as pontas da rede pode ser um desafio. A captura de valor depende da escala e da liquidez hiperlocal, o que pode levar tempo para ser alcançada."",
  ""vantagem_injusta"": ""A vantagem competitiva potencial é a tecnologia de despacho algorítmico e a precificação dinâmica, que podem melhorar a eficiência e a conveniência para os usuários."",
  ""risco_critico"": ""O risco regulatório é crítico, pois o setor de táxis é altamente regulado e as corporações de taxistas podem ter influência política para bloquear novos entrantes."",
  ""analise_equipe"": ""A equipe tem experiência em startups de tecnologia, mas falta experiência específica em transporte e mobilidade, o que pode ser um desafio para navegar em um setor altamente regulado."",
  ""categoria_risco_principal"": ""Problema regulatório ou legal"",
  ""probabilidade_sucesso_0_a_100"": 30,
  ""veredito_final"": ""Necessita Pivotagem"",
  ""nivel_rigor_diagnostico"": 8
}",Problema regulatório ou legal,40.0,Necessita Pivotagem,8.0,"{
  ""analise_problema_mercado"": ""O problema do mercado é real e relevante, pois a mobilidade urbana é um desafio crescente em cidades densamente povoadas. A necessidade de uma solução eficiente e conveniente para o transporte on-demand é clara. No entanto, o segmento de clientes está bem definido, mas a saturação da concorrência em 2017 é significativa, com empresas como Uber e Lyft já estabelecidas."",
  ""analise_solucao_proposta"": ""A solução proposta é inovadora e utiliza tecnologia avançada para despacho algorítmico e precificação dinâmica. No entanto, a execução depende de uma rede descentralizada de prestadores de serviço independentes, o que pode ser desafiador em termos de escalabilidade e qualidade do serviço."",
  ""analise_receitas_custos"": ""O modelo econômico baseado em comissão por transação é comum no setor de marketplace, mas a necessidade de capital inicial maciço para subsidiar ambas as pontas da rede pode ser um desafio. Além disso, a concorrência já estabelecida pode dificultar a captação de usuários e prestadores de serviço."",
  ""vantagem_injusta"": ""A vantagem injusta pode ser a capacidade de utilizar tecnologia avançada para despacho algorítmico e precificação dinâmica, bem como a experiência da equipe em startups anteriores de tecnologia."",
  ""risco_critico"": ""O maior risco estrutural é o risco regulatório. O segmento de táxis é altamente regulado, e a startup precisa de licenças de motoristas profissionais existentes, o que pode ser um obstáculo significativo."",
  ""analise_equipe"": ""A equipe fundadora tem experiência em startups de tecnologia, mas não tem histórico em transporte ou mobilidade. Isso pode ser um desafio, pois o setor requer conhecimento específico e experiência em lidar com questões regulatórias."",
  ""categoria_risco_principal"": ""Problema regulatório ou legal"",
  ""probabilidade_sucesso_0_a_100"": 40,
  ""veredito_final"": ""Necessita Pivotagem"",
  ""nivel_rigor_diagnostico"": 8
}",Problema regulatório ou legal,20.0,Rejeitada,10.0,"{
  ""analise_problema_mercado"": ""O problema de mobilidade urbana é real, mas o mercado já possui soluções existentes como táxis tradicionais e serviços de transporte público. A necessidade de uma nova plataforma de despacho algorítmico e transporte on-demand não é clara, especialmente em 2017, quando serviços como Uber e Lyft já dominavam o mercado de transporte on-demand. A startup precisa demonstrar que o problema é grave o suficiente para justificar a criação de uma nova plataforma."",
  ""analise_solucao_proposta"": ""A solução proposta de um marketplace de dupla face com despacho algorítmico e precificação dinâmica é inovadora, mas a adoção pode ser difícil devido à presença de concorrentes estabelecidos como Uber e Lyft. Além disso, a necessidade de licenças de motoristas profissionais pode limitar a escala e a flexibilidade da plataforma, tornando-a menos atraente para os usuários em comparação com serviços que permitem que qualquer pessoa se torne um motorista."",
  ""analise_receitas_custos"": ""O modelo de negócios depende de uma rede descentralizada de prestadores de serviço independentes, mas a captura inicial de ambas as pontas da rede exige um grande investimento inicial. A startup precisa demonstrar que a captura inicial de usuários e prestadores de serviço é viável e que a comissão por transação é suficiente para cobrir os custos e gerar lucro. A subvenção inicial pode ser um risco significativo se não for gerenciada adequadamente."",
  ""vantagem_injusta"": ""A vantagem competitiva da startup é a capacidade de conectar usuários a uma rede descentralizada de prestadores de serviço independentes através de um aplicativo de despacho algorítmico. No entanto, a presença de concorrentes estabelecidos e a necessidade de licenças de motoristas profissionais podem limitar essa vantagem. Além disso, a precificação dinâmica pode ser replicada por concorrentes, tornando a vantagem competitiva menos duradoura."",
  ""risco_critico"": ""O risco regulatório é significativo, pois o segmento de táxis é altamente regulado em todos os mercados urbanos. A startup precisa lidar com a resistência das corporações de taxistas e obter as licenças necessárias para operar. A falta de experiência da equipe em transporte e mobilidade pode dificultar a navegação nesse ambiente regulatório."",
  ""analise_equipe"": ""A equipe fundadora tem experiência em startups de tecnologia, mas não tem histórico em transporte ou mobilidade. Isso pode ser um desafio significativo, pois o segmento de táxis é altamente regulado e requer conhecimento especializado. A falta de experiência pode dificultar a navegação nesse ambiente regulatório e a captação de usuários e prestadores de serviço."",
  ""categoria_risco_principal"": ""Problema regulatório ou legal"",
  ""probabilidade_sucesso_0_a_100"": 20,
  ""veredito_final"": ""Rejeitada"",
  ""nivel_rigor_diagnostico"": 10
}",Problema regulatório ou legal,30.0,Rejeitada,10.0,"{
  ""analise_problema_mercado"": ""O mercado de mobilidade urbana é significativo, com demanda crescente por serviços de transporte on-demand. No entanto, a fricção mecânica e os custos de aquisição de clientes são altos devido à necessidade de licenças e regulamentações estritas. A saturação da concorrência e a influência política das corporações de taxistas também aumentam a dificuldade de entrada."",
  ""analise_solucao_proposta"": ""A solução proposta utiliza tecnologia avançada de despacho algorítmico e geolocalização para conectar usuários a uma rede descentralizada de prestadores de serviço independentes. No entanto, a complexidade logística e de infraestrutura é significativa, especialmente em relação às licenças e regulamentações necessárias para operar."",
  ""analise_receitas_custos"": ""O modelo de negócios baseia-se em comissões por transação, mas a plataforma precisa de um grande capital inicial para subsidiar ambas as pontas da rede até atingir a liquidez hiperlocal. A estrutura de custos é elevada devido à necessidade de investimento em tecnologia e regulamentação, além de marketing intenso para captar usuários e prestadores de serviço. A monetização é incerta devido à necessidade de subsídios iniciais e à concorrência."",
  ""vantagem_injusta"": ""A vantagem mais quantificável é a tecnologia de despacho algorítmico e geolocalização, que pode ser escalável e fornecer uma vantagem competitiva em termos de eficiência e conveniência."",
  ""risco_critico"": ""O risco regulatório é significativo, pois o segmento de táxis é altamente regulado e as corporações de taxistas têm influência política para bloquear novos entrantes. Além disso, a necessidade de licenças e regulamentações adicionais aumenta os custos e a complexidade operacional."",
  ""analise_equipe"": ""A equipe fundadora tem experiência em startups de tecnologia, mas não tem histórico em transporte ou mobilidade. Isso pode ser um desafio significativo para enfrentar os desafios regulatórios e operacionais do setor de táxis."",
  ""categoria_risco_principal"": ""Problema regulatório ou legal"",
  ""probabilidade_sucesso_0_a_100"": 30,
  ""veredito_final"": ""Rejeitada"",
  ""nivel_rigor_diagnostico"": 10
}",Problema regulatório ou legal,30.0,Rejeitada,8.0,"{
  ""analise_problema_mercado"": ""O problema de mobilidade urbana é real e urgente, especialmente em grandes cidades como São Francisco, onde o trânsito e a falta de opções de transporte eficientes são constantes. No entanto, o mercado de táxis já é altamente saturado e regulado, com entrantes enfrentando resistência significativa de corporações estabelecidas e reguladores. A dor do cliente é real, mas a solução proposta enfrenta desafios regulatórios e de aceitação do mercado."",
  ""analise_solucao_proposta"": ""A solução proposta é inovadora e utiliza tecnologia avançada para despacho e precificação dinâmica. No entanto, a implementação em um mercado altamente regulado e competitivo é um desafio significativo. A solução depende de uma rede descentralizada de prestadores de serviço independentes, o que pode ser difícil de estabelecer devido às restrições regulatórias e à necessidade de licenças profissionais."",
  ""analise_receitas_custos"": ""O modelo de negócios depende de uma rede hiperlocal com liquidez suficiente para gerar receitas consistentes. No entanto, o custo inicial de estabelecer essa rede e atrair usuários é alto, especialmente em um mercado altamente regulado. A necessidade de capital inicial maciço para subsidiar ambas as pontas da rede pode ser um obstáculo significativo."",
  ""vantagem_injusta"": ""A equipe tem experiência em tecnologia, mas não em transporte ou mobilidade urbana. A falta de conhecimento específico sobre o setor pode ser um desafio. No entanto, a proposta de valor inovadora e a tecnologia avançada podem fornecer uma vantagem competitiva, mesmo que temporária."",
  ""risco_critico"": ""O maior risco é a resistência regulatória e de mercado. A necessidade de licenças profissionais e a oposição de corporações estabelecidas podem dificultar significativamente a implementação e a escala da solução."",
  ""analise_equipe"": ""A equipe tem experiência em tecnologia e startups, mas não em transporte ou mobilidade urbana. A falta de conhecimento específico sobre o setor pode ser um desafio, especialmente em um mercado altamente regulado e competitivo."",
  ""categoria_risco_principal"": ""Problema regulatório ou legal"",
  ""probabilidade_sucesso_0_a_100"": 30,
  ""veredito_final"": ""Rejeitada"",
  ""nivel_rigor_diagnostico"": 8
}",Problema regulatório ou legal,30.0,Necessita Pivotagem,9.0,"{
  ""analise_problema_mercado"": ""A definição do problema de mobilidade urbana é coerente, identificando a necessidade de um sistema mais eficiente e conveniente para conectar usuários a prestadores de serviço de transporte. No entanto, há um salto lógico na premissa de que a solução pode ser implementada em um mercado altamente regulado sem enfrentar obstáculos significativos devido à regulamentação existente e à influência política das corporações de táxis."",
  ""analise_solucao_proposta"": ""A solução proposta, que utiliza despacho algorítmico e precificação dinâmica, é coerente com o problema identificado. No entanto, a solução depende de uma rede descentralizada de prestadores de serviço independentes, o que pode ser um desafio em mercados altamente regulados onde a licença de motoristas profissionais é necessária."",
  ""analise_receitas_custos"": ""A lógica de monetização via comissão por transação é coerente com o modelo de negócio. No entanto, a necessidade de capital inicial maciço para subsidiar ambas as pontas da rede até atingir liquidez hiperlocal pode ser um desafio significativo, especialmente em mercados altamente regulados onde a atração de motoristas independentes pode ser difícil."",
  ""vantagem_injusta"": ""A vantagem injusta não é claramente fundamentada internamente. A startup depende de uma rede descentralizada de prestadores de serviço independentes, mas a regulamentação existente pode dificultar a atração e a manutenção de uma rede de motoristas."",
  ""risco_critico"": ""O risco crítico é a dependência de uma rede descentralizada de prestadores de serviço independentes em mercados altamente regulados, onde a licença de motoristas profissionais é necessária e a influência política das corporações de táxis pode bloquear novos entrantes."",
  ""analise_equipe"": ""A equipe fundadora tem experiência em startups de tecnologia, mas não tem histórico em transporte ou mobilidade. Isso pode ser um desafio significativo, pois o segmento de táxis é altamente regulado e requer conhecimento especializado em transporte e mobilidade."",
  ""categoria_risco_principal"": ""Problema regulatório ou legal"",
  ""probabilidade_sucesso_0_a_100"": 30,
  ""veredito_final"": ""Necessita Pivotagem"",
  ""nivel_rigor_diagnostico"": 9
}",Problema regulatório ou legal,20.0,Rejeitada,10.0,"{
  ""analise_problema_mercado"": ""O mercado de mobilidade urbana é altamente regulado, com barreiras significativas para novos entrantes devido à influência política das corporações de taxistas. A existência de um problema real é evidente, mas a solução proposta enfrenta desafios regulatórios significativos."",
  ""analise_solucao_proposta"": ""A solução proposta de despacho algorítmico e transporte on-demand depende de licenças de motoristas profissionais, o que cria um passivo regulatório significativo. A startup precisa lidar com a conformidade setorial e potenciais restrições legais que podem dificultar a escala."",
  ""analise_receitas_custos"": ""O modelo de negócio baseado em comissão por transação está sujeito a contestação regulatória, especialmente em mercados altamente regulados como o de táxis. Além disso, a necessidade de capital inicial maciço para subsidiar ambas as pontas da rede pode comprometer a sustentabilidade financeira se a receita não se materializar conforme esperado."",
  ""vantagem_injusta"": ""A vantagem competitiva da startup é questionável, dada a presença de incumbentes com maior poder de mercado e influência política. A capacidade de esmagar a startup antes que ela atinja escala crítica é alta, especialmente em mercados altamente regulados."",
  ""risco_critico"": ""O risco crítico é a ação coordenada de corporações de taxistas e reguladores para bloquear a entrada da startup no mercado. Isso pode incluir a introdução de regulamentações que dificultem a operação da plataforma ou a criação de barreiras legais que inviabilizem o modelo de negócio."",
  ""analise_equipe"": ""A equipe fundadora tem experiência em startups de tecnologia, mas não tem histórico em transporte ou mobilidade. Isso pode ser um desafio significativo, especialmente em um setor altamente regulado e com atores incumbentes politicamente influentes."",
  ""categoria_risco_principal"": ""Problema regulatório ou legal"",
  ""probabilidade_sucesso_0_a_100"": 20,
  ""veredito_final"": ""Rejeitada"",
  ""nivel_rigor_diagnostico"": 10
}"
S03,Nubank,Neobanco mobile-first focado em desburocratização,2013,,FinTech / Digital Banking,"Instituição financeira 100% digital (branchless), operando exclusivamente via aplicativo móvel. A estratégia de go-to-market foca em um produto isento de anuidades (cartão de crédito com aprovação algorítmica e UX premium) para reduzir radicalmente o CAC (Custo de Aquisição de Clientes) via crescimento orgânico (boca a boca). A receita é gerada através de taxas de intercâmbio (interchange) pagas por lojistas, spread de juros em linhas de crédito de varejo (rotativo e empréstimos pessoais) e expansão do Life Time Value (LTV) via cross-sell de investimentos e seguros no próprio app.",Ativa,,,,Aumento da inadimplência e deterioração macroeconômica do portfólio de crédito durante um severo ciclo de alta de juros e inflação no mercado emergente de atuação,Problema de preço ou custo,2022,"A fintech captou alguns bilhões de dólares em equity ao longo de sua trajetória. O mercado atacado é um oligopólio financeiro em uma economia emergente, historicamente dominado por meia dúzia de conglomerados intocáveis que cobram alguns dos maiores spreads bancários do mundo e oferecem péssima experiência ao consumidor. A equipe fundadora é altamente tática e complementar: o CEO é ex-sócio de um grande fundo global de Venture Capital (conhece o jogo de captação); a líder de negócios é uma ex-executiva da divisão de cartões de crédito justamente de um dos bancos incumbentes que estão atacando (conhece as ineficiências do sistema por dentro); e o CTO é um cientista da computação de uma universidade americana de elite capaz de construir o banco do zero nativo em nuvem.",https://www.reuters.com/article/us-brazil-nubank-idUSKBN1WQ26C;https://techcrunch.com/2013/09/10/nubank-series-a-kaszek;https://www.ft.com/content/0c9f0d5a-1cbb-4f2c-9c5a-9c9c9b6c6e5f;https://www.crunchbase.com/organization/nubank;https://en.wikipedia.org/wiki/Nubank,Concorrência predatória,75.0,Necessita Pivotagem,8.0,"{
  ""analise_problema_mercado"": ""O mercado financeiro em economias emergentes é caracterizado por spreads bancários elevados e uma experiência ruim para o consumidor. A proposta de desburocratização e redução de custos para o cliente é relevante e há uma clara demanda por serviços financeiros mais acessíveis e eficientes."",
  ""analise_solucao_proposta"": ""A solução proposta é um neobanco mobile-first que visa reduzir o CAC através de um produto isento de anuidades e uma experiência de usuário premium. A estratégia de go-to-market é sólida, com foco em crescimento orgânico e cross-sell de produtos financeiros adicionais."",
  ""analise_receitas_custos"": ""A receita é gerada através de taxas de intercâmbio, spread de juros e cross-sell de investimentos e seguros. A estrutura de custos é otimizada por ser uma instituição financeira 100% digital, o que pode resultar em uma vantagem competitiva em termos de eficiência operacional."",
  ""vantagem_injusta"": ""A vantagem competitiva principal é a capacidade de oferecer serviços financeiros mais acessíveis e eficientes através de uma plataforma digital 100% nativa em nuvem, com uma experiência de usuário premium e uma estratégia de go-to-market focada em crescimento orgânico."",
  ""risco_critico"": ""O maior risco estrutural é a concorrência predatória de bancos incumbentes que podem retaliar com ofertas mais agressivas ou através de aquisições de startups concorrentes."",
  ""analise_equipe"": ""A equipe fundadora é altamente qualificada e complementar, com experiência em captação de investimentos, conhecimento interno das ineficiências do sistema financeiro e habilidades técnicas para construir uma plataforma digital de ponta."",
  ""categoria_risco_principal"": ""Concorrência predatória"",
  ""probabilidade_sucesso_0_a_100"": 75,
  ""veredito_final"": ""Necessita Pivotagem"",
  ""nivel_rigor_diagnostico"": 8
}",Concorrência predatória,75.0,Necessita Pivotagem,9.0,"{
  ""analise_problema_mercado"": ""O problema do mercado é real e relevante, pois a existência de um oligopólio financeiro em uma economia emergente com spreads bancários elevados e experiência ruim para o consumidor cria uma oportunidade clara para uma fintech disruptiva. O segmento de clientes é bem definido, focando em consumidores que buscam uma experiência digital melhor e mais econômica."",
  ""analise_solucao_proposta"": ""A solução proposta é eficaz e executável, com um modelo de go-to-market que utiliza um produto isento de anuidades para atrair clientes organicamente. A proposta de valor única é a desburocratização e a experiência premium via aplicativo móvel, que pode ser escalável e atrair um público significativo."",
  ""analise_receitas_custos"": ""O modelo econômico faz sentido, com receitas geradas através de taxas de intercâmbio, spread de juros e cross-sell de investimentos e seguros. No entanto, o risco de concorrência predatória e a necessidade de escalar rapidamente para manter o CAC baixo são fatores importantes a considerar."",
  ""vantagem_injusta"": ""A vantagem injusta é a combinação de experiência da equipe fundadora em captar capital, conhecer as ineficiências do sistema bancário e construir um banco nativo em nuvem. Isso permite uma vantagem significativa em termos de custos operacionais e eficiência."",
  ""risco_critico"": ""O maior risco estrutural é a concorrência predatória, pois os bancos incumbentes podem reagir rapidamente com ofertas semelhantes ou adquirir startups concorrentes. Além disso, a necessidade de escalar rapidamente para manter o CAC baixo é um gargalo potencial."",
  ""analise_equipe"": ""A equipe fundadora é altamente qualificada e complementar, com experiência em captar capital, conhecer as ineficiências do sistema bancário e construir soluções tecnológicas avançadas. Isso é um forte indicador de sucesso."",
  ""categoria_risco_principal"": ""Concorrência predatória"",
  ""probabilidade_sucesso_0_a_100"": 75,
  ""veredito_final"": ""Necessita Pivotagem"",
  ""nivel_rigor_diagnostico"": 9
}",Sem necessidade de mercado,30.0,Necessita Pivotagem,10.0,"{
  ""analise_problema_mercado"": ""O problema de desburocratização no setor financeiro é real, mas o mercado emergente analisado pode não estar suficientemente maduro para valorizar uma solução 100% digital e mobile-first. A presença de conglomerados financeiros intocáveis pode indicar que o consumidor ainda valoriza a presença física e a credibilidade associada a bancos tradicionais, o que pode limitar a adoção de um neobanco."",
  ""analise_solucao_proposta"": ""A solução proposta de um cartão de crédito isento de anuidade com aprovação algorítmica e UX premium é atraente, mas pode enfrentar desafios de adoção se o mercado não estiver preparado para uma experiência 100% digital. Além disso, a concorrência de bancos tradicionais pode oferecer benefícios adicionais (como pontos de milhagem) que podem ser mais atraentes para o consumidor."",
  ""analise_receitas_custos"": ""A receita gerada através de taxas de intercâmbio e spread de juros pode ser volátil e dependente de uma base de clientes significativa para ser lucrativa. Além disso, a expansão do LTV via cross-sell de investimentos e seguros pode enfrentar desafios de regulamentação e confiança do cliente. Os custos de desenvolvimento e manutenção de um aplicativo nativo em nuvem também podem ser significativos."",
  ""vantagem_injusta"": ""A vantagem competitiva de ser um banco 100% digital pode ser facilmente replicada por bancos incumbentes que já possuem infraestrutura digital. Além disso, a vantagem de conhecer as ineficiências do sistema por dentro pode ser superada por bancos incumbentes que já estão investindo em inovação e digitalização."",
  ""risco_critico"": ""O maior risco é a resistência do mercado a adotar uma solução 100% digital e mobile-first. A presença de conglomerados financeiros intocáveis pode dificultar a adoção de um neobanco, mesmo com uma solução inovadora e atraente."",
  ""analise_equipe"": ""A equipe fundadora é altamente tática e complementar, com experiência em captação de investimentos, conhecimento do sistema financeiro e habilidades técnicas para construir um banco do zero. No entanto, a experiência em marketing e engajamento do cliente pode ser limitada, o que pode ser um desafio para a adoção de uma solução 100% digital."",
  ""categoria_risco_principal"": ""Sem necessidade de mercado"",
  ""probabilidade_sucesso_0_a_100"": 30,
  ""veredito_final"": ""Necessita Pivotagem"",
  ""nivel_rigor_diagnostico"": 10
}",Concorrência predatória,70.0,Necessita Pivotagem,10.0,"{
  ""analise_problema_mercado"": ""O mercado financeiro em uma economia emergente é dominado por grandes conglomerados que cobram altos spreads e oferecem baixa qualidade de serviço ao consumidor. Isso cria uma oportunidade significativa para um neobanco que ofereça uma experiência de usuário superior e taxas mais competitivas. A fricção mecânica para a aquisição de clientes é alta devido à forte presença dos bancos tradicionais, mas a proposta de valor do neobanco pode ser suficiente para atrair um público descontente com os serviços atuais."",
  ""analise_solucao_proposta"": ""A solução proposta é um neobanco 100% digital com foco em desburocratização e experiência de usuário premium. O uso de aprovação algorítmica para cartões de crédito sem anuidade pode reduzir significativamente o CAC e atrair clientes através de recomendações boca a boca. A infraestrutura tecnológica é robusta, com um CTO experiente em desenvolvimento de sistemas nativos em nuvem."",
  ""analise_receitas_custos"": ""A receita é gerada através de taxas de intercâmbio, spread de juros em linhas de crédito de varejo e cross-sell de investimentos e seguros. A estrutura de custos é reduzida devido à natureza branchless do negócio, mas a concorrência com bancos tradicionais pode pressionar margens. A estratégia de reduzir o CAC através de um produto isento de anuidade é lógica, mas a sustentabilidade a longo prazo depende da capacidade de expandir o LTV via cross-sell."",
  ""vantagem_injusta"": ""A vantagem injusta é a combinação de experiência em captação de recursos, conhecimento interno sobre as ineficiências do sistema financeiro e habilidades técnicas para construir uma infraestrutura de banco nativa em nuvem."",
  ""risco_critico"": ""O maior risco é a capacidade de atrair e reter clientes em um mercado dominado por grandes bancos tradicionais. A estratégia de reduzir o CAC através de um produto isento de anuidade é válida, mas a sustentabilidade a longo prazo depende da capacidade de expandir o LTV via cross-sell de produtos financeiros adicionais."",
  ""analise_equipe"": ""A equipe fundadora é altamente complementar e experiente, com um fundador que conhece o jogo de captação de recursos, outro que entende as ineficiências do sistema financeiro e um CTO com habilidades técnicas robustas. Isso é um ponto forte para a startup."",
  ""categoria_risco_principal"": ""Concorrência predatória"",
  ""probabilidade_sucesso_0_a_100"": 70,
  ""veredito_final"": ""Necessita Pivotagem"",
  ""nivel_rigor_diagnostico"": 10
}",Concorrência predatória,75.0,Necessita Pivotagem,9.0,"{
  ""analise_problema_mercado"": ""O problema de desburocratização e má experiência do consumidor em um mercado financeiro oligopolizado é real e urgente, especialmente em uma economia emergente. A dor do cliente é clara e justifica uma mudança de comportamento para uma solução alternativa que ofereça melhor experiência e taxas mais competitivas."",
  ""analise_solucao_proposta"": ""A solução proposta é direcionada e simples de entender: um neobanco mobile-first com um produto-chave (cartão de crédito isento de anuidade) que visa reduzir o CAC e atrair clientes através de uma experiência premium e aprovação algorítmica. A proposta de valor é clara e atraente para o público-alvo."",
  ""analise_receitas_custos"": ""O caminho para a primeira receita é claro, com receitas geradas através de taxas de intercâmbio e spread de juros. A economia unitária do primeiro cliente faz sentido, especialmente com a estratégia de reduzir o CAC através de crescimento orgânico e cross-sell de produtos financeiros adicionais."",
  ""vantagem_injusta"": ""A equipe fundadora possui um conjunto de habilidades e experiências únicas que lhes permite entender o mercado financeiro oligopolizado, captar capital e construir uma solução tecnológica de ponta. A liderança de negócios com conhecimento interno sobre as ineficiências do sistema incumbente é um diferencial significativo."",
  ""risco_critico"": ""O maior risco é a concorrência predatória dos grandes conglomerados financeiros que podem retaliar com ofertas mais agressivas ou através de aquisições de startups menores. A escala e recursos desses players podem dificultar a escalabilidade da startup."",
  ""analise_equipe"": ""A equipe fundadora é altamente qualificada e complementar, com um CEO experiente em captação de capital, uma líder de negócios com conhecimento interno sobre as ineficiências do sistema incumbente e um CTO capaz de construir a solução tecnológica de ponta necessária. A experiência e habilidades da equipe são adequadas para o desafio."",
  ""categoria_risco_principal"": ""Concorrência predatória"",
  ""probabilidade_sucesso_0_a_100"": 75,
  ""veredito_final"": ""Necessita Pivotagem"",
  ""nivel_rigor_diagnostico"": 9
}",Problema de preço ou custo,75.0,Necessita Pivotagem,8.0,"{
  ""analise_problema_mercado"": ""A definição do problema de mercado é coerente e bem fundamentada. O segmento de clientes alvo é claramente identificado como consumidores que buscam uma experiência bancária mais desburocratizada e eficiente, especialmente em um mercado onde os bancos tradicionais são dominantes e oferecem serviços de baixa qualidade. A hipótese de que um banco digital pode desafiar essa situação é lógica e consistente."",
  ""analise_solucao_proposta"": ""A solução proposta é coerente com o problema identificado. A estratégia de oferecer um cartão de crédito isento de anuidade e com aprovação algorítmica é uma abordagem lógica para atrair clientes e reduzir o CAC. A monetização através de taxas de intercâmbio, spread de juros e cross-sell de produtos financeiros adicionais é uma estratégia comum e lógica para bancos digitais."",
  ""analise_receitas_custos"": ""A lógica de monetização é coerente com o perfil do cliente. Os clientes que buscam uma experiência bancária mais desburocratizada e eficiente são provavelmente os mesmos que estão dispostos a pagar por serviços financeiros que oferecem valor adicional, como taxas de intercâmbio e produtos de investimento e seguro."",
  ""vantagem_injusta"": ""A vantagem injusta é fundamentada internamente. A equipe fundadora tem uma combinação única de habilidades e experiência que lhes permite entender as ineficiências do sistema bancário atual e desenvolver uma solução que atende às necessidades dos clientes de forma eficiente."",
  ""risco_critico"": ""O risco crítico é a capacidade de atrair e reter clientes em um mercado dominado por bancos tradicionais. Se a equipe não conseguir demonstrar que seu modelo de negócio é significativamente melhor e mais atraente para os clientes do que os bancos tradicionais, o modelo de negócio pode falhar."",
  ""analise_equipe"": ""A equipe fundadora é altamente qualificada e complementar, com experiência em captar investimentos, entender as ineficiências do sistema bancário e desenvolver soluções tecnológicas avançadas. Isso é adequado para o desafio de entrar em um mercado dominado por bancos tradicionais."",
  ""categoria_risco_principal"": ""Problema de preço ou custo"",
  ""probabilidade_sucesso_0_a_100"": 75,
  ""veredito_final"": ""Necessita Pivotagem"",
  ""nivel_rigor_diagnostico"": 8
}",Problema regulatório ou legal,30.0,Necessita Pivotagem,10.0,"{
  ""analise_problema_mercado"": ""O mercado financeiro é altamente regulado e oligopolizado, com grandes bancos incumbentes que têm acesso a recursos significativos e influência política. A existência de um oligopólio financeiro em uma economia emergente aumenta a probabilidade de resistência regulatória e de retaliação competitiva."",
  ""analise_solucao_proposta"": ""A solução proposta, um neobanco mobile-first, enfrenta riscos regulatórios significativos, pois a operação de uma instituição financeira digital requer licenças e conformidade rigorosas. Além disso, a oferta de cartões de crédito e serviços de crédito pessoal está sujeita a regulamentações específicas que podem ser onerosas para uma startup."",
  ""analise_receitas_custos"": ""A receita é gerada principalmente através de taxas de intercâmbio e spread de juros, que podem ser alvo de regulamentações futuras, como taxas máximas de juros ou limitações sobre taxas de intercâmbio. A sustentabilidade financeira pode ser comprometida se houver mudanças regulatórias que reduzam essas fontes de receita."",
  ""vantagem_injusta"": ""A vantagem competitiva baseada em um produto isento de anuidade e UX premium pode ser rapidamente replicada por incumbentes com recursos ilimitados. Além disso, a resposta coordenada de bancos incumbentes pode incluir lobby para mudar as regras regulatórias ou oferecer incentivos para clientes migrarem."",
  ""risco_critico"": ""O risco crítico é a retaliação competitiva e a resistência regulatória. Bancos incumbentes podem usar seu poder político e de mercado para dificultar a operação da fintech, enquanto reguladores podem impor restrições que inviabilizam o modelo de negócio."",
  ""analise_equipe"": ""A equipe fundadora é altamente qualificada e complementar, com experiência em captação de recursos, conhecimento do sistema financeiro e habilidades técnicas avançadas. No entanto, a experiência em lidar com reguladores e resistência de incumbentes é limitada."",
  ""categoria_risco_principal"": ""Problema regulatório ou legal"",
  ""probabilidade_sucesso_0_a_100"": 30,
  ""veredito_final"": ""Necessita Pivotagem"",
  ""nivel_rigor_diagnostico"": 10
}"
S04,Stripe,Plataforma developer-first de infraestrutura de pagamentos via API,2010,,FinTech B2B,"Fornecedora de infraestrutura financeira B2B. A inovação central é uma arquitetura 'developer-first' (poucas linhas de código para integrar de forma limpa), eliminando a fricção burocrática histórica de conectar um negócio à rede bancária. A receita primária provém de um 'take-rate' (comissão percentual + taxa fixa) sobre o Volume Total de Pagamentos (TPV) transacionado pelos clientes. O modelo foca em adoção bottom-up (conquistar o desenvolvedor primeiro) e escala conforme os clientes crescem, abrindo caminho para up-sell de serviços como billing, prevenção de fraude e emissão de cartões.",Ativa,,,,Redução severa de valuation privado e rodadas de demissões (layoffs) preventivas para ajustar a queima de caixa diante do colapso no volume transacional de empresas de tecnologia (seus principais clientes) num ciclo de alta de juros,Fim do caixa,2022,"A empresa alcançou status de decacórnio privado, captando alguns bilhões de dólares de grandes fundos de tecnologia. A equipe fundadora é composta por jovens prodígios que abandonaram universidades americanas de elite, mas que trazem um histórico de execução raro: ainda na adolescência, construíram e venderam uma ferramenta de software B2B para plataformas de e-commerce por milhões. O setor atacado é um negócio altamente comoditizado (margens finas de processamento) dominado por bancos adquirentes arcaicos e gateways globais pioneiros da internet inicial que possuem volumes transacionais esmagadores.",https://stripe.com/customers/figma;https://www.wsj.com/articles/stripe-cuts-internal-valuation-11667431838;https://techcrunch.com/2022/11/03/stripe-layoffs/;https://www.crunchbase.com/organization/stripe;https://en.wikipedia.org/wiki/Stripe_(company),Concorrência predatória,75.0,Necessita Pivotagem,8.0,"{
  ""analise_problema_mercado"": ""O problema de burocracia e complexidade na integração de pagamentos para empresas é relevante, especialmente para startups e pequenas empresas que buscam escalabilidade. A demanda por soluções mais eficientes e flexíveis é clara, especialmente em um mercado cada vez mais digital."",
  ""analise_solucao_proposta"": ""A solução proposta de uma plataforma 'developer-first' com integração simplificada via API é adequada e apresenta uma proposta de valor única, facilitando a integração de pagamentos para desenvolvedores e empresas."",
  ""analise_receitas_custos"": ""O modelo de receita baseado em 'take-rate' é sólido e escalável, permitindo que a empresa gere receita conforme o volume de transações aumenta. No entanto, os custos iniciais de desenvolvimento e infraestrutura podem ser significativos, especialmente para atender a requisitos regulatórios e de segurança."",
  ""vantagem_injusta"": ""A vantagem competitiva principal é a arquitetura 'developer-first', que simplifica significativamente a integração de pagamentos para desenvolvedores e empresas, reduzindo a barreira de entrada e o tempo de implementação."",
  ""risco_critico"": ""O maior risco estrutural é a concorrência predatória de grandes players estabelecidos no mercado, como bancos adquirentes e gateways de pagamento tradicionais, que podem rapidamente replicar ou adquirir soluções similares."",
  ""analise_equipe"": ""A equipe fundadora tem um histórico impressionante de execução e inovação, o que é um forte indicador de sucesso. No entanto, a experiência em um setor altamente regulado e competitivo como o de pagamentos financeiros pode ser limitada."",
  ""categoria_risco_principal"": ""Concorrência predatória"",
  ""probabilidade_sucesso_0_a_100"": 75,
  ""veredito_final"": ""Necessita Pivotagem"",
  ""nivel_rigor_diagnostico"": 8
}",Concorrência predatória,70.0,Necessita Pivotagem,9.0,"{
  ""analise_problema_mercado"": ""O problema do mercado é real e relevante, pois a burocracia e a complexidade associadas à integração de pagamentos bancários são obstáculos significativos para empresas que buscam inovar em serviços financeiros. O segmento de clientes é bem definido, focando em desenvolvedores e empresas que buscam soluções de pagamento eficientes e escaláveis."",
  ""analise_solucao_proposta"": ""A solução proposta é inovadora e eficaz, oferecendo uma arquitetura 'developer-first' que simplifica a integração de pagamentos via API. A proposta de valor única é a facilidade e a eficiência na integração, eliminando a burocracia tradicional. No entanto, a execução depende de uma adoção rápida e aderência à promessa de ser 'developer-first'."",
  ""analise_receitas_custos"": ""O modelo econômico parece viável, com receitas baseadas em um 'take-rate' sobre o TPV transacionado. No entanto, a concorrência é intensa, com gigantes estabelecidos como bancos adquirentes e gateways de pagamento. A sustentabilidade financeira dependerá de uma rápida adoção e escala para compensar os custos iniciais de desenvolvimento e aquisição de clientes."",
  ""vantagem_injusta"": ""A vantagem injusta é a arquitetura 'developer-first', que simplifica significativamente a integração de pagamentos para desenvolvedores. Isso cria uma barreira à entrada para novos competidores e permite uma rápida adoção e escala."",
  ""risco_critico"": ""O maior risco estrutural é a concorrência predatória de gigantes estabelecidos no setor, que podem replicar a arquitetura 'developer-first' ou oferecer incentivos para adotar suas soluções existentes. Além disso, a escalabilidade e a sustentabilidade financeira dependem de uma rápida adoção e escala, o que pode ser desafiador em um mercado altamente saturado."",
  ""analise_equipe"": ""A equipe fundadora é impressionante, com um histórico de execução de sucesso e uma compreensão profunda do mercado. No entanto, a experiência em finanças e serviços financeiros pode ser limitada, o que pode ser um desafio ao navegar em regulamentações e desafios específicos do setor financeiro."",
  ""categoria_risco_principal"": ""Concorrência predatória"",
  ""probabilidade_sucesso_0_a_100"": 70,
  ""veredito_final"": ""Necessita Pivotagem"",
  ""nivel_rigor_diagnostico"": 9
}",Concorrência predatória,30.0,Necessita Pivotagem,10.0,"{
  ""analise_problema_mercado"": ""O problema identificado é a burocracia e a complexidade associadas à integração de pagamentos em APIs para negócios. No entanto, é questionável se isso é um problema grave o suficiente para justificar a criação de uma nova plataforma, especialmente em 2022, quando existem várias soluções estabelecidas e bem aceitas no mercado. Além disso, a maturidade do setor de pagamentos digitais em 2022 sugere que muitos desenvolvedores já estão familiarizados com as soluções existentes e podem não ver a necessidade de uma nova plataforma."",
  ""analise_solucao_proposta"": ""A solução proposta é uma plataforma 'developer-first' que simplifica a integração de pagamentos via API. No entanto, a solução parece ser uma evolução incremental de soluções já existentes, e não há evidências claras de que ela ofereça uma vantagem significativa sobre as alternativas disponíveis no mercado. Além disso, a adoção bottom-up pode ser difícil de alcançar em um mercado altamente competitivo e comoditizado, onde os desenvolvedores podem estar satisfeitos com as soluções existentes."",
  ""analise_receitas_custos"": ""O modelo de receita baseado em 'take-rate' é comum no setor de pagamentos, mas a margem de lucro pode ser fina devido à natureza comoditizada do mercado. Além disso, a plataforma precisa lidar com custos significativos de desenvolvimento e manutenção de uma infraestrutura robusta de pagamentos, o que pode ser um desafio em um mercado com margens apertadas."",
  ""vantagem_injusta"": ""A vantagem competitiva proposta é a simplicidade e a facilidade de integração da plataforma. No entanto, é improvável que essa vantagem seja suficiente para superar as barreiras de entrada existentes e a lealdade dos clientes às soluções estabelecidas. Além disso, a concorrência pode rapidamente replicar ou superar essa vantagem, especialmente considerando a presença de gigantes do setor como bancos adquirentes e gateways de pagamento estabelecidos."",
  ""risco_critico"": ""O risco crítico é a saturação do mercado e a dificuldade de se destacar em um setor altamente competitivo e comoditizado. A presença de gigantes do setor pode dificultar a escalabilidade e a monetização da plataforma, especialmente considerando as margens finas de processamento de pagamentos."",
  ""analise_equipe"": ""A equipe fundadora é composta por jovens talentos com um histórico de execução impressionante, mas é questionável se essa experiência é suficiente para lidar com os desafios específicos do setor de pagamentos. Além disso, a equipe precisa lidar com a concorrência de gigantes do setor que possuem recursos significativamente maiores e uma presença estabelecida."",
  ""categoria_risco_principal"": ""Concorrência predatória"",
  ""probabilidade_sucesso_0_a_100"": 30,
  ""veredito_final"": ""Necessita Pivotagem"",
  ""nivel_rigor_diagnostico"": 10
}",Concorrência predatória,65.0,Necessita Pivotagem,10.0,"{
  ""analise_problema_mercado"": ""O mercado de infraestrutura financeira B2B é altamente saturado e comoditizado, com grandes players estabelecidos como bancos adquirentes e gateways de pagamento. A fricção burocrática e a complexidade técnica são problemas significativos para os desenvolvedores e empresas que buscam integrar soluções de pagamento, mas a presença de gigantes do setor torna difícil para novas entradas ganharem participação de mercado."",
  ""analise_solucao_proposta"": ""A solução proposta, uma plataforma 'developer-first' com arquitetura simplificada, visa reduzir a fricção burocrática e a complexidade técnica associada à integração de soluções de pagamento. A proposta é inovadora e pode ser atraente para desenvolvedores e empresas que buscam soluções mais simples e eficientes. No entanto, a complexidade logística e técnica envolvida na implementação dessa solução é significativa, especialmente em um mercado altamente regulado como o financeiro."",
  ""analise_receitas_custos"": ""O modelo de receita baseado em 'take-rate' (comissão percentual + taxa fixa) sobre o TPV transacionado pelos clientes é lógico e comum no setor de pagamentos. No entanto, a margem de lucro pode ser fina devido à concorrência intensa e aos custos operacionais elevados associados à conformidade regulatória e à manutenção de infraestrutura robusta. Além disso, a escalabilidade do modelo de receita dependerá da capacidade da empresa de atrair e reter clientes em um mercado altamente competitivo."",
  ""vantagem_injusta"": ""A vantagem mais significativa é a capacidade de atrair desenvolvedores e empresas com uma solução de pagamento simplificada e eficiente, que pode ser um diferencial em um mercado altamente complexo e burocrático."",
  ""risco_critico"": ""O maior risco é a capacidade de competir com gigantes do setor que possuem volumes transacionais esmagadores e infraestrutura estabelecida. Além disso, a conformidade regulatória e a manutenção de uma infraestrutura robusta podem ser desafios significativos."",
  ""analise_equipe"": ""A equipe fundadora é composta por jovens talentos com um histórico de execução impressionante, o que é um forte indicador de potencial de sucesso. No entanto, o setor financeiro é altamente regulado e complexo, e a experiência em lidar com esses desafios pode ser limitada."",
  ""categoria_risco_principal"": ""Concorrência predatória"",
  ""probabilidade_sucesso_0_a_100"": 65,
  ""veredito_final"": ""Necessita Pivotagem"",
  ""nivel_rigor_diagnostico"": 10
}",Problema de preço ou custo,40.0,Necessita Pivotagem,9.0,"{
  ""analise_problema_mercado"": ""O problema do mercado é claramente identificado: a burocracia e a complexidade associadas à integração de pagamentos em produtos e serviços B2B. No entanto, o setor de pagamentos B2B é altamente comoditizado e a dor do cliente é mitigada por soluções existentes, mesmo que menos eficientes. A urgência e a frequência da dor do cliente são questionáveis, pois os clientes já têm opções disponíveis, mesmo que menos eficientes."",
  ""analise_solucao_proposta"": ""A solução proposta é inovadora e promissora, oferecendo uma arquitetura 'developer-first' que simplifica a integração de pagamentos. No entanto, a implementação de uma solução tão disruptiva em um mercado altamente estabelecido e comoditizado pode ser um desafio significativo. A solução precisa ser claramente superior às opções existentes para justificar a mudança de comportamento dos clientes."",
  ""analise_receitas_custos"": ""O modelo de receita baseado em 'take-rate' é sólido e escalável, mas a obtenção da primeira receita pode ser difícil em um mercado altamente competitivo. O custo de aquisição do cliente (CAC) pode ser alto devido à necessidade de educação e convencimento dos clientes sobre a superioridade da solução proposta."",
  ""vantagem_injusta"": ""A equipe fundadora tem um histórico impressionante de execução e inovação, o que pode ser uma vantagem significativa. No entanto, a natureza disruptiva da solução proposta pode ser replicada por concorrentes com recursos significativamente menores, especialmente em um mercado altamente comoditizado."",
  ""risco_critico"": ""O maior risco é a capacidade de convencer os clientes a mudar de comportamento para adotar uma solução tão disruptiva em um mercado altamente estabelecido. A concorrência existente, embora possa ser menos eficiente, é bem estabelecida e pode ser difícil de superar."",
  ""analise_equipe"": ""A equipe fundadora é excepcionalmente talentosa e tem um histórico de execução impressionante. No entanto, a natureza altamente competitiva e comoditizada do mercado de pagamentos B2B pode ser um desafio significativo para até mesmo uma equipe tão talentosa."",
  ""categoria_risco_principal"": ""Problema de preço ou custo"",
  ""probabilidade_sucesso_0_a_100"": 40,
  ""veredito_final"": ""Necessita Pivotagem"",
  ""nivel_rigor_diagnostico"": 9
}",Concorrência predatória,55.0,Necessita Pivotagem,8.0,"{
  ""analise_problema_mercado"": ""A definição do problema é coerente: a burocracia e a complexidade associadas à integração de pagamentos via API são problemas reais para desenvolvedores e empresas de tecnologia. A hipótese de que a solução 'developer-first' pode resolver esses problemas é lógica e fundamentada."",
  ""analise_solucao_proposta"": ""A solução proposta, uma arquitetura 'developer-first', é coerente com o problema identificado. A proposta de facilitar a integração de pagamentos via API com poucas linhas de código é uma abordagem lógica para resolver a dor do cliente."",
  ""analise_receitas_custos"": ""A lógica de monetização é coerente com o perfil de cliente descrito. A proposta de cobrar um 'take-rate' sobre o TPV transacionado pelos clientes é uma forma comum de monetização em serviços de infraestrutura de pagamentos. No entanto, a margem de lucro pode ser fina devido à natureza comoditizada do setor."",
  ""vantagem_injusta"": ""A vantagem injusta é fundamentada na capacidade da equipe de desenvolver uma solução 'developer-first' que elimina a fricção burocrática. A experiência da equipe em construir e vender uma ferramenta de software B2B indica que eles têm a capacidade técnica para implementar essa solução."",
  ""risco_critico"": ""O risco crítico é a capacidade de competir com bancos adquirentes e gateways globais pioneiros da internet inicial que possuem volumes transacionais esmagadores. A proposta de ser uma plataforma 'developer-first' pode não ser suficiente para superar a escala e a infraestrutura existente desses players."",
  ""analise_equipe"": ""A equipe fundadora tem um histórico de execução impressionante, tendo construído e vendido uma ferramenta de software B2B por milhões ainda na adolescência. No entanto, a experiência em finanças e em lidar com bancos adquirentes e gateways globais é limitada, o que pode ser um desafio."",
  ""categoria_risco_principal"": ""Concorrência predatória"",
  ""probabilidade_sucesso_0_a_100"": 55,
  ""veredito_final"": ""Necessita Pivotagem"",
  ""nivel_rigor_diagnostico"": 8
}",Problema regulatório ou legal,40.0,Necessita Pivotagem,9.0,"{
  ""analise_problema_mercado"": ""O setor de infraestrutura de pagamentos é altamente regulado e dominado por grandes players estabelecidos. A existência de um problema significativo é evidente, pois a burocracia e a complexidade associadas à integração de pagamentos têm sido um desafio para muitas empresas. No entanto, a presença de incumbentes fortes e altamente regulados aumenta significativamente o risco."",
  ""analise_solucao_proposta"": ""A solução proposta de uma arquitetura 'developer-first' é inovadora e tem o potencial de simplificar significativamente a integração de pagamentos. No entanto, a implementação dessa solução pode criar passivos regulatórios, especialmente em relação à conformidade com as regulamentações financeiras e de privacidade."",
  ""analise_receitas_custos"": ""O modelo de receita baseado em 'take-rate' é sujeito a contestação regulatória, especialmente em mercados altamente regulados como o de pagamentos. Além disso, a sustentabilidade financeira pode ser comprometida se os reguladores limitarem as comissões ou taxas que podem ser cobradas."",
  ""vantagem_injusta"": ""A vantagem competitiva da startup é significativa, especialmente em termos de simplicidade e eficiência. No entanto, a capacidade de incumbentes com mais recursos e acesso político para esmagar a startup antes que ela atinja escala crítica é alta. Isso torna a defensabilidade da vantagem competitiva questionável."",
  ""risco_critico"": ""O risco crítico mais letal é a ação coordenada de incumbentes e reguladores para limitar a capacidade da startup de cobrar comissões ou taxas, ou para impor regulamentações que tornem a conformidade onerosa."",
  ""analise_equipe"": ""A equipe fundadora é altamente qualificada e tem um histórico de execução impressionante. No entanto, a experiência em lidar com reguladores e incumbentes poderosos é limitada, o que pode ser um desafio significativo."",
  ""categoria_risco_principal"": ""Problema regulatório ou legal"",
  ""probabilidade_sucesso_0_a_100"": 40,
  ""veredito_final"": ""Necessita Pivotagem"",
  ""nivel_rigor_diagnostico"": 9
}"
S05,Slack,Hub de comunicação corporativa e integração de fluxos B2B,2009,,SaaS B2B,"Plataforma SaaS de colaboração baseada em tópicos (canais), que centraliza mensagens, arquivos e conecta APIs de ferramentas de trabalho de terceiros em um único ambiente. A estratégia comercial é um 'Product-Led Growth' (PLG) puramente bottom-up: as equipes começam a usar a ferramenta gratuitamente por conta própria e, ao atingirem os limites de busca ou necessitarem de segurança corporativa e integrações, forçam a diretoria a pagar a assinatura recorrente por usuário.",Ativa,,,,Aquisição multibilionária por uma gigante de software em nuvem (focada em vendas/CRM) como estratégia de sobrevivência e distribuição em resposta à pressão asfixiante de uma suíte de produtividade concorrente,Concorrência predatória,2020,"A startup captou mais de um bilhão de dólares em venture capital. A origem da tecnologia é um clássico pivot: o produto nasceu como uma ferramenta interna de chat construída pelos engenheiros para coordenar o desenvolvimento de um estúdio de videogames que acabou falindo. A equipe é liderada por um empreendedor atípico (com graduação em filosofia), mas que possui no currículo a fundação e venda de uma das primeiras e maiores plataformas de fotos da era Web 2.0. O desafio de mercado é letal: eles vendem um software avulso premium ('best-of-breed') concorrendo diretamente contra uma ferramenta semelhante empurrada de graça (bundled) pela maior Big Tech de infraestrutura corporativa e sistemas operacionais do mundo.",https://techcrunch.com/2014/02/12/slack-exits-beta/;https://www.nytimes.com/2020/12/01/technology/salesforce-slack-deal.html;https://hbr.org/2021/07/what-salesforces-acquisition-of-slack-means-for-the-future-of-work;https://tracxn.com/d/companies/slack/__1smzz0sCOc6tXojwiPrIG-8Pwh9_z7QN7cXxNCyA5VE;https://en.wikipedia.org/wiki/Slack_Technologies;https://en.wikipedia.org/wiki/Stewart_Butterfield,Concorrência predatória,65.0,Necessita Pivotagem,8.0,"{
  ""analise_problema_mercado"": ""O problema de mercado é relevante, pois as empresas enfrentam desafios significativos em termos de comunicação interna e integração de ferramentas de trabalho. A necessidade de uma solução centralizada é clara, mas a presença de uma ferramenta gratuita de uma grande empresa de tecnologia pode dificultar a adoção de uma solução premium."",
  ""analise_solucao_proposta"": ""A solução proposta é adequada e clara, oferecendo uma plataforma SaaS que centraliza a comunicação e integra ferramentas de terceiros. A estratégia de crescimento bottom-up é inteligente, permitindo que as equipes adotem a ferramenta gratuitamente e, posteriormente, impulsionem a adoção corporativa."",
  ""analise_receitas_custos"": ""A estrutura de custos é gerenciável, mas a receita depende fortemente da adoção corporativa e da escalabilidade do modelo de assinatura recorrente. A captura de um bilhão de dólares em venture capital indica um alto investimento inicial, mas também sugere uma forte confiança dos investidores na escalabilidade e viabilidade do modelo de negócios."",
  ""vantagem_injusta"": ""A vantagem competitiva reside na capacidade de integrar APIs de ferramentas de terceiros em um único ambiente, além da estratégia de crescimento bottom-up que força a adoção corporativa."",
  ""risco_critico"": ""O maior risco é a concorrência predatória da grande empresa de tecnologia que oferece uma solução semelhante gratuitamente. Isso pode dificultar a adoção de uma solução premium e criar uma barreira de entrada significativa."",
  ""analise_equipe"": ""A equipe é liderada por um empreendedor com experiência em fundar e vender uma plataforma de sucesso, o que é um forte indicativo de capacidade de liderança e inovação. No entanto, a experiência técnica do líder principal (graduação em filosofia) pode ser um ponto de preocupação em um setor altamente tecnológico."",
  ""categoria_risco_principal"": ""Concorrência predatória"",
  ""probabilidade_sucesso_0_a_100"": 65,
  ""veredito_final"": ""Necessita Pivotagem"",
  ""nivel_rigor_diagnostico"": 8
}",Concorrência predatória,65.0,Necessita Pivotagem,8.0,"{
  ""analise_problema_mercado"": ""O problema do mercado é real e relevante, pois as empresas enfrentam desafios significativos em termos de comunicação e integração de fluxos de trabalho. A necessidade de uma solução centralizada e eficiente é clara, especialmente em um cenário onde a colaboração remota se tornou cada vez mais crucial. No entanto, o segmento de clientes é amplamente saturado, com muitas opções disponíveis no mercado, o que pode dificultar a sustentação de uma demanda consistente."",
  ""analise_solucao_proposta"": ""A solução proposta é robusta e abrangente, oferecendo uma plataforma que centraliza a comunicação e integra APIs de ferramentas de trabalho de terceiros. A estratégia de 'Product-Led Growth' (PLG) é uma abordagem inteligente, permitindo que os usuários experimentem a ferramenta gratuitamente e, posteriormente, sejam convertidos em assinantes pagos quando atingirem limites de funcionalidade ou necessidades de segurança corporativa. No entanto, a concorrência é intensa, especialmente com a presença de uma solução gratuita de uma grande empresa de tecnologia."",
  ""analise_receitas_custos"": ""O modelo de negócios baseado em assinaturas recorrentes por usuário é sólido e comprovado, especialmente para produtos de SaaS. No entanto, a concorrência gratuita pode ser um desafio significativo, pois pode ser difícil convencer as empresas a pagar por uma solução quando uma alternativa gratuita está disponível. Além disso, os custos de aquisição de clientes (CAC) podem ser altos devido à necessidade de superar a resistência à mudança e a presença de uma solução gratuita."",
  ""vantagem_injusta"": ""A vantagem injusta da startup pode ser a experiência única do fundador em criar e escalar uma plataforma de sucesso, bem como a capacidade de oferecer uma solução robusta e escalável que pode superar as limitações de uma solução gratuita. A equipe também possui um forte histórico de inovação e execução."",
  ""risco_critico"": ""O maior risco estrutural é a concorrência predatória, especialmente com uma solução gratuita de uma grande empresa de tecnologia. Isso pode dificultar a atração e retenção de clientes, especialmente em um mercado saturado."",
  ""analise_equipe"": ""A equipe é liderada por um empreendedor com um forte histórico de sucesso em tecnologia e inovação, o que é um ponto positivo. No entanto, a concorrência é intensa e a presença de uma solução gratuita pode ser um desafio significativo, mesmo para uma equipe experiente."",
  ""categoria_risco_principal"": ""Concorrência predatória"",
  ""probabilidade_sucesso_0_a_100"": 65,
  ""veredito_final"": ""Necessita Pivotagem"",
  ""nivel_rigor_diagnostico"": 8
}",Concorrência predatória,20.0,Rejeitada,10.0,"{
  ""analise_problema_mercado"": ""O problema identificado é a necessidade de uma plataforma de comunicação corporativa e integração de fluxos B2B. No entanto, o mercado já possui soluções gratuitas robustas e amplamente adotadas, como a ferramenta oferecida pela Big Tech mencionada. Isso sugere que o problema pode não ser grave o suficiente para justificar o pagamento de uma solução premium, especialmente quando uma alternativa gratuita e confiável está disponível."",
  ""analise_solucao_proposta"": ""A solução proposta é uma plataforma SaaS que centraliza mensagens, arquivos e integra APIs de ferramentas de trabalho de terceiros. Embora seja uma solução inovadora, ela enfrenta a barreira de adoção de uma alternativa gratuita e amplamente adotada. Além disso, a estratégia de crescimento bottom-up pode ser desafiadora, pois as equipes podem não ter a autoridade para impulsionar a adoção de uma solução premium quando uma alternativa gratuita está disponível."",
  ""analise_receitas_custos"": ""A estratégia de monetização baseia-se no PLG, onde as equipes começam a usar a ferramenta gratuitamente e, ao atingirem os limites de busca ou necessitarem de segurança corporativa e integrações, forçam a diretoria a pagar a assinatura recorrente por usuário. No entanto, a concorrência gratuita pode dificultar a escalada de usuários gratuitos para assinantes pagos, resultando em uma subestimação dos custos de aquisição de clientes e uma sobreestimação das receitas recorrentes."",
  ""vantagem_injusta"": ""A startup alega ter uma vantagem competitiva em termos de funcionalidade e integração de APIs. No entanto, a concorrência gratuita pode facilmente replicar ou superar essas funcionalidades, tornando a vantagem competitiva menos defensável a longo prazo."",
  ""risco_critico"": ""O maior risco é a concorrência predatória da Big Tech, que oferece uma solução gratuita e amplamente adotada. Isso pode dificultar significativamente a escalada de usuários gratuitos para assinantes pagos, resultando em uma dificuldade para gerar receitas recorrentes e sustentar o modelo de negócios."",
  ""analise_equipe"": ""A equipe é liderada por um empreendedor com experiência em fundar e vender uma plataforma de fotos, mas a experiência em SaaS e comunicação corporativa pode ser questionável. Além disso, o desafio de mercado é extremamente competitivo, o que pode exigir uma equipe com mais experiência em vendas e marketing de SaaS."",
  ""categoria_risco_principal"": ""Concorrência predatória"",
  ""probabilidade_sucesso_0_a_100"": 20,
  ""veredito_final"": ""Rejeitada"",
  ""nivel_rigor_diagnostico"": 10
}",Concorrência predatória,30.0,Necessita Pivotagem,8.0,"{
  ""analise_problema_mercado"": ""O mercado de SaaS B2B para comunicação corporativa é significativo, mas altamente saturado, com a presença dominante de uma grande empresa de tecnologia que oferece ferramentas gratuitas ou integradas com outros serviços. Isso cria uma barreira significativa para novos entrantes, pois os clientes potenciais já estão familiarizados com soluções gratuitas e podem ter dificuldade em justificar a adoção de uma solução premium."",
  ""analise_solucao_proposta"": ""A solução proposta é uma plataforma SaaS que centraliza a comunicação e integra APIs de ferramentas de trabalho de terceiros. A abordagem de 'Product-Led Growth' (PLG) é uma estratégia comum para SaaS, mas a concorrência gratuita e integrada da Big Tech pode dificultar a aquisição de usuários e a escalabilidade."",
  ""analise_receitas_custos"": ""A estratégia de PLG pode ser eficaz para aquisição de usuários, mas a transição para uma assinatura recorrente pode ser difícil devido à concorrência gratuita. Sem dados específicos sobre CAC (Customer Acquisition Cost), LTV (Lifetime Value) e margens, é difícil avaliar a viabilidade financeira a longo prazo."",
  ""vantagem_injusta"": ""A startup captou mais de um bilhão de dólares em venture capital, o que pode fornecer uma vantagem financeira significativa para investir em marketing e desenvolvimento de produto."",
  ""risco_critico"": ""A concorrência gratuita e integrada da Big Tech é um risco significativo. Os clientes potenciais podem estar satisfeitos com as ferramentas gratuitas e ter dificuldade em justificar a adoção de uma solução premium. Além disso, a falta de dados financeiros específicos torna difícil avaliar a viabilidade a longo prazo."",
  ""analise_equipe"": ""A equipe é liderada por um empreendedor com experiência em fundar e vender uma plataforma de fotos, mas a experiência em SaaS e comunicação corporativa é menos clara. A origem da tecnologia como uma ferramenta interna de chat pode ser um ponto positivo, mas também pode indicar que a solução não foi projetada inicialmente para o mercado B2B."",
  ""categoria_risco_principal"": ""Concorrência predatória"",
  ""probabilidade_sucesso_0_a_100"": 30,
  ""veredito_final"": ""Necessita Pivotagem"",
  ""nivel_rigor_diagnostico"": 8
}",Concorrência predatória,40.0,Necessita Pivotagem,8.0,"{
  ""analise_problema_mercado"": ""O problema de comunicação e colaboração corporativa é real e crítico, especialmente em 2020 com o aumento do trabalho remoto devido à pandemia. No entanto, a existência de uma solução gratuita e amplamente adotada (da Big Tech) torna a dor do cliente menos urgente para justificar uma mudança para uma solução premium. A necessidade de integração de APIs e segurança corporativa é um diferencial, mas ainda assim, a adoção de uma solução paga pode ser lenta devido à prevalência da solução gratuita."",
  ""analise_solucao_proposta"": ""A solução proposta é simples e direta, mas enfrenta a barreira de entrada de uma solução gratuita e amplamente adotada. A estratégia de 'Product-Led Growth' é adequada para o mercado, mas a competição com uma solução gratuita da Big Tech pode dificultar a escalada."",
  ""analise_receitas_custos"": ""O caminho para a primeira receita é claro, mas a escalada pode ser difícil devido à competição com a solução gratuita. A economia unitária do primeiro cliente pode ser positiva, mas a escalada pode ser lenta devido à necessidade de superar a barreira de entrada da solução gratuita."",
  ""vantagem_injusta"": ""A equipe possui experiência em fundar e vender uma plataforma de sucesso, o que é uma vantagem significativa. Além disso, a origem da tecnologia como uma ferramenta interna pode fornecer insights únicos sobre as necessidades de comunicação corporativa."",
  ""risco_critico"": ""O maior risco é a capacidade de superar a barreira de entrada da solução gratuita da Big Tech e convencer as empresas a pagar por uma solução premium. A escalada pode ser lenta e o caixa pode acabar antes que a empresa consiga atingir a escala necessária para se tornar lucrativa."",
  ""analise_equipe"": ""A equipe liderada por um empreendedor com experiência em fundar e vender uma plataforma de sucesso é adequada para o desafio. A experiência em desenvolver uma ferramenta interna pode fornecer insights únicos sobre as necessidades de comunicação corporativa."",
  ""categoria_risco_principal"": ""Concorrência predatória"",
  ""probabilidade_sucesso_0_a_100"": 40,
  ""veredito_final"": ""Necessita Pivotagem"",
  ""nivel_rigor_diagnostico"": 8
}",Modelo de negócios falho,30.0,Necessita Pivotagem,8.0,"{
  ""analise_problema_mercado"": ""A definição do problema de mercado é coerente, identificando a necessidade de uma ferramenta de comunicação corporativa e integração de fluxos B2B. No entanto, há um salto lógico na hipótese de que as equipes começarão a usar a ferramenta gratuitamente e, ao atingirem os limites de busca ou necessidades de segurança corporativa, forçarão a diretoria a pagar por uma assinatura premium. Não há evidências claras de que a diretoria será forçada a pagar por essas funcionalidades."",
  ""analise_solucao_proposta"": ""A solução proposta é coerente com o problema identificado, oferecendo uma plataforma SaaS que centraliza mensagens, arquivos e conecta APIs de ferramentas de trabalho de terceiros. No entanto, a hipótese de que a diretoria será forçada a pagar por uma assinatura premium é questionável, pois não há garantia de que as equipes terão o poder de influenciar a decisão de compra da diretoria."",
  ""analise_receitas_custos"": ""A lógica de monetização é baseada na hipótese de que as equipes usarão a ferramenta gratuitamente e, ao atingirem os limites de busca ou necessidades de segurança corporativa, forçarão a diretoria a pagar por uma assinatura premium. No entanto, não há evidências claras de que a diretoria será forçada a pagar por essas funcionalidades, o que pode comprometer a viabilidade da receita."",
  ""vantagem_injusta"": ""A vantagem injusta é questionável, pois a hipótese de que a diretoria será forçada a pagar por uma assinatura premium não é fundamentada internamente. Não há evidências claras de que a diretoria será forçada a pagar por essas funcionalidades."",
  ""risco_critico"": ""A hipótese de que a diretoria será forçada a pagar por uma assinatura premium é o risco crítico. Se essa hipótese for falsa, a startup não terá uma receita sustentável."",
  ""analise_equipe"": ""A equipe é liderada por um empreendedor com experiência em fundar e vender uma plataforma de fotos, o que é relevante para o setor de SaaS. No entanto, a experiência em liderar uma startup de SaaS de comunicação corporativa é questionável, especialmente considerando a concorrência letal de uma Big Tech."",
  ""categoria_risco_principal"": ""Modelo de negócios falho"",
  ""probabilidade_sucesso_0_a_100"": 30,
  ""veredito_final"": ""Necessita Pivotagem"",
  ""nivel_rigor_diagnostico"": 8
}",Problema regulatório ou legal,30.0,Necessita Pivotagem,8.0,"{
  ""analise_problema_mercado"": ""O mercado de SaaS B2B é altamente regulado e competitivo, com grandes players estabelecidos que oferecem soluções gratuitas ou integradas com outros produtos. A startup enfrenta a barreira de entrar em um mercado já saturado por grandes empresas com recursos significativos."",
  ""analise_solucao_proposta"": ""A solução proposta é um hub de comunicação corporativa e integração de fluxos B2B, que centraliza mensagens, arquivos e conecta APIs de ferramentas de trabalho de terceiros. Embora seja uma solução inovadora, ela pode enfrentar desafios regulatórios, especialmente em relação à segurança de dados e conformidade com regulamentações específicas do setor."",
  ""analise_receitas_custos"": ""O modelo de receita baseado em assinaturas recorrentes por usuário pode ser contestado por reguladores, especialmente se a startup for considerada uma plataforma de comunicação essencial para negócios. Além disso, a concorrência de grandes empresas pode pressionar para que a startup ofereça suas soluções gratuitamente ou a preços muito baixos, comprometendo a sustentabilidade financeira."",
  ""vantagem_injusta"": ""A vantagem competitiva da startup é questionável, pois ela precisa superar a resistência de grandes empresas que oferecem soluções semelhantes gratuitamente ou integradas com outros produtos. A capacidade de lobby e poder de mercado dessas empresas pode dificultar a escalabilidade da startup."",
  ""risco_critico"": ""O risco mais letal é a retaliação competitiva de grandes empresas que podem oferecer soluções gratuitas ou a preços muito baixos para esmagar a startup antes que ela atinja escala crítica. Além disso, reguladores podem impor restrições que comprometem a sustentabilidade financeira da startup."",
  ""analise_equipe"": ""A equipe é liderada por um empreendedor com experiência em fundar e vender uma plataforma de fotos, mas sem experiência direta em SaaS B2B ou regulamentações específicas do setor. A falta de experiência em um setor altamente regulado pode ser um desafio."",
  ""categoria_risco_principal"": ""Problema regulatório ou legal"",
  ""probabilidade_sucesso_0_a_100"": 30,
  ""veredito_final"": ""Necessita Pivotagem"",
  ""nivel_rigor_diagnostico"": 8
}"
S06,Mercado Livre,Plataforma C2C de marketplace digital em mercado emergente,1999,,E-commerce / Marketplace / Fintech,"Marketplace peer-to-peer (C2C e B2C) de dois lados operando em mercados emergentes com infraestrutura de comércio eletrônico incipiente. A startup conecta vendedores individuais e pequenos comerciantes a compradores em uma região onde a penetração de internet é de aproximadamente 3%, a bancarização é limitada e o sistema logístico é fragmentado e pouco confiável. O modelo de receita baseia-se em comissões sobre transações finalizadas e em publicidade de listagem paga. A tese central é que o problema de confiança entre partes desconhecidas — endêmico em mercados sem reputação consolidada — pode ser resolvido por um sistema de escrow e reputação digital, desbloqueando um mercado endereçável de centenas de milhões de consumidores sem acesso ao varejo moderno.",Ativa,"Sobrevivência e liderança de mercado; única plataforma de e-commerce latino-americana a sobreviver ao estouro da bolha ponto-com em 2000-2002, graças a disciplina financeira extrema ('nuclear winter planning'), construção de infraestrutura própria de pagamentos (Mercado Pago) e logística (Mercado Envíos), e parceria estratégica com eBay (stake de 19,5% em 2001) que garantiu moratória competitiva e acesso a know-how operacional.",N/A - Empresa Sobrevivente,Vantagem de ser primeiro entrante; adaptação ao mercado local; expansão de ecossistema,Estouro da bolha ponto-com (2000) e crise econômica argentina (2001-2002): mais de 80 concorrentes regionais faliram; Mercado Livre sobreviveu cortando headcount pela metade e preservando $50M em caixa,Crise de mercado / Sobrevivência financeira,2001,"A startup captou rodada seed de US$ 7,6 milhões em outubro de 1999, liderada por Hicks, Muse, Tate & Furst, com participação de JPMorgan Partners, Goldman Sachs e GE Capital. O mercado endereçável imediato é a América Latina, com penetração de internet abaixo de 3% e ausência de infraestrutura confiável de pagamentos online e logística de última milha. A equipe fundadora é composta por três empreendedores com MBAs da Stanford Graduate School of Business, sem histórico anterior em varejo ou tecnologia de escala, operando a partir de um escritório em Buenos Aires. O principal risco competitivo é a possível entrada do eBay — líder global do segmento — diretamente no mercado regional, o que poderia sufocar a operação nascente antes de atingir escala crítica de liquidez bilateral (compradores e vendedores simultâneos).",https://en.wikipedia.org/wiki/MercadoLibre;https://www.crunchbase.com/organization/mercadolibre;https://investor.mercadolibre.com/node/7661/html;https://news.stanford.edu/stories/2019/06/marcos-galperin-mercadolibre;https://hbr.org/2021/07/mercadolibre-the-unlikely-unicorn,Concorrência predatória,30.0,Necessita Pivotagem,8.0,"{
  ""analise_problema_mercado"": ""O problema de acesso ao varejo moderno para consumidores e pequenos comerciantes em mercados emergentes é relevante, especialmente em regiões com baixa penetração de internet e infraestrutura de comércio eletrônico incipiente. A demanda por uma solução que conecte esses grupos é clara, mas o mercado ainda está em estágio inicial e a penetração de internet é muito baixa."",
  ""analise_solucao_proposta"": ""A solução proposta de um marketplace peer-to-peer com sistema de escrow e reputação digital é adequada para o problema identificado. No entanto, a implementação eficaz de um sistema de confiança em um mercado com baixa bancarização e infraestrutura de logística fragmentada é um desafio significativo."",
  ""analise_receitas_custos"": ""O modelo de receita baseado em comissões sobre transações finalizadas e publicidade de listagem paga é viável teoricamente, mas a infraestrutura de pagamento e logística limitada pode dificultar a captação de receita inicial. Os custos operacionais, incluindo desenvolvimento de plataforma, marketing e suporte ao cliente, podem ser altos em um mercado com baixa penetração de internet."",
  ""vantagem_injusta"": ""A vantagem competitiva potencial é a capacidade de entender e atender às necessidades específicas do mercado emergente, que é um ativo único em comparação com players globais como eBay."",
  ""risco_critico"": ""O maior risco é a possível entrada do eBay no mercado, que poderia sufocar a startup antes que ela atinja a escala crítica necessária para sustentar a liquidez bilateral."",
  ""analise_equipe"": ""A equipe fundadora, embora tenha experiência em negócios e captado investimento significativo, carece de experiência em varejo e tecnologia de escala. Isso pode ser um desafio significativo para implementar e escalar a plataforma."",
  ""categoria_risco_principal"": ""Concorrência predatória"",
  ""probabilidade_sucesso_0_a_100"": 30,
  ""veredito_final"": ""Necessita Pivotagem"",
  ""nivel_rigor_diagnostico"": 8
}",Concorrência predatória,45.0,Necessita Pivotagem,8.0,"{
  ""analise_problema_mercado"": ""O problema do mercado é real e relevante, pois a infraestrutura de comércio eletrônico é incipiente e a penetração de internet é muito baixa. No entanto, o segmento de clientes é vasto e emergente, com potencial para crescimento significativo à medida que a infraestrutura digital se desenvolve. A questão é se a startup pode se estabelecer antes que a infraestrutura e a concorrência se tornem mais robustas."",
  ""analise_solucao_proposta"": ""A solução proposta de marketplace peer-to-peer com sistema de escrow e reputação digital é inovadora e potencialmente eficaz para resolver o problema de confiança entre partes desconhecidas. No entanto, a execução depende de uma infraestrutura de pagamento e logística confiável, que ainda está em desenvolvimento na região."",
  ""analise_receitas_custos"": ""O modelo de receita baseado em comissões sobre transações finalizadas e publicidade de listagem paga é viável em teoria, mas a geração de receita depende de uma base crítica de usuários ativos. Os custos iniciais de desenvolvimento e marketing podem ser altos, e a startup precisa atingir uma escala crítica para tornar o modelo econômico sustentável."",
  ""vantagem_injusta"": ""A vantagem injusta potencial é a capacidade de estabelecer uma reputação consolidada e uma base de usuários ativos antes que a concorrência mais robusta entre no mercado. Isso poderia criar uma barreira à entrada significativa."",
  ""risco_critico"": ""O maior risco estrutural é a possível entrada do eBay no mercado regional, o que poderia sufocar a startup antes que ela atinja uma escala crítica de liquidez bilateral. Além disso, a infraestrutura de pagamento e logística incipiente pode dificultar a escalabilidade inicial."",
  ""analise_equipe"": ""A equipe fundadora tem um forte perfil de negócios, mas não tem experiência em varejo ou tecnologia de escala. Isso pode ser um desafio significativo, especialmente em um mercado emergente com infraestrutura digital incipiente."",
  ""categoria_risco_principal"": ""Concorrência predatória"",
  ""probabilidade_sucesso_0_a_100"": 45,
  ""veredito_final"": ""Necessita Pivotagem"",
  ""nivel_rigor_diagnostico"": 8
}",Problema de preço ou custo,20.0,Rejeitada,10.0,"{
  ""analise_problema_mercado"": ""O problema identificado é a falta de confiança entre compradores e vendedores em um mercado emergente com baixa penetração de internet e infraestrutura de comércio eletrônico incipiente. No entanto, em 2001, a penetração de internet era de apenas 3%, o que significa que a adesão ao uso de plataformas digitais era extremamente baixa. Além disso, a bancarização limitada e a falta de confiança em sistemas de pagamento online tornam a solução proposta de escrow e reputação digital insuficiente para superar essas barreiras."",
  ""analise_solucao_proposta"": ""A solução proposta é um sistema de escrow e reputação digital para resolver o problema de confiança entre compradores e vendedores. No entanto, em um mercado com baixa bancarização e infraestrutura de pagamento limitada, a implementação de um sistema de escrow digital é um desafio significativo. Além disso, a falta de confiança em sistemas de pagamento online pode ser um obstáculo maior do que a falta de reputação entre indivíduos desconhecidos."",
  ""analise_receitas_custos"": ""O modelo de receita baseia-se em comissões sobre transações finalizadas e publicidade de listagem paga. No entanto, com uma penetração de internet de apenas 3% e uma infraestrutura de comércio eletrônico incipiente, a geração de receita através desses meios é extremamente difícil. Além disso, os custos operacionais, incluindo a construção de uma infraestrutura de pagamento e logística, são significativamente altos, o que pode dificultar a geração de lucro."",
  ""vantagem_injusta"": ""A vantagem competitiva proposta é a resolução do problema de confiança através de um sistema de escrow e reputação digital. No entanto, essa vantagem pode ser facilmente superada por concorrentes que possam oferecer soluções mais robustas de infraestrutura de pagamento e logística, além de terem uma presença mais forte no mercado."",
  ""risco_critico"": ""O risco crítico é a possível entrada do eBay no mercado regional, o que poderia sufocar a operação nascente antes de atingir escala crítica de liquidez bilateral. O eBay, como líder global do segmento, possui uma infraestrutura de pagamento e logística robusta, além de uma forte reputação global, o que pode tornar a concorrência extremamente desafiadora para a startup."",
  ""analise_equipe"": ""A equipe fundadora é composta por três empreendedores com MBAs da Stanford Graduate School of Business, sem histórico anterior em varejo ou tecnologia de escala. Embora a equipe tenha um forte background acadêmico, a falta de experiência prática em varejo e tecnologia pode ser um desafio significativo, especialmente em um mercado emergente com infraestrutura de comércio eletrônico incipiente."",
  ""categoria_risco_principal"": ""Problema de preço ou custo"",
  ""probabilidade_sucesso_0_a_100"": 20,
  ""veredito_final"": ""Rejeitada"",
  ""nivel_rigor_diagnostico"": 10
}",Problema de preço ou custo,20.0,Rejeitada,10.0,"{
  ""analise_problema_mercado"": ""O mercado alvo é emergente com uma penetração de internet muito baixa (3%) e uma infraestrutura de comércio eletrônico incipiente. A falta de bancarização e a fragmentação do sistema logístico são desafios significativos. O problema de confiança entre partes desconhecidas é endêmico neste mercado, o que pode dificultar a atração de usuários."",
  ""analise_solucao_proposta"": ""A solução proposta é um marketplace peer-to-peer (C2C e B2C) que utiliza um sistema de escrow e reputação digital para resolver o problema de confiança. No entanto, a complexidade logística e a necessidade de infraestrutura de pagamento e logística confiável são desafios significativos que podem dificultar a implementação e escalabilidade da solução."",
  ""analise_receitas_custos"": ""O modelo de receita baseia-se em comissões sobre transações finalizadas e publicidade de listagem paga. No entanto, a falta de dados específicos sobre as comissões, o custo de aquisição de clientes (CAC), o Lifetime Value (LTV) e a margem de lucro torna difícil avaliar a viabilidade financeira do modelo de receita. Além disso, os custos operacionais e de infraestrutura necessários para estabelecer um sistema de pagamento e logística confiável podem ser elevados."",
  ""vantagem_injusta"": ""A startup não possui uma vantagem inerente ou uma barreira de entrada clara que possa impedir a entrada de concorrentes, especialmente considerando a possível entrada do eBay no mercado."",
  ""risco_critico"": ""O principal risco é a possível entrada do eBay no mercado, o que poderia sufocar a operação nascente antes de atingir escala crítica. Além disso, a falta de dados financeiros específicos torna difícil avaliar a viabilidade do modelo de negócios."",
  ""analise_equipe"": ""A equipe fundadora é composta por três empreendedores com MBAs da Stanford Graduate School of Business, mas sem histórico anterior em varejo ou tecnologia de escala. Isso pode ser um desafio significativo, pois a implementação de um marketplace digital em um mercado emergente requer experiência em tecnologia e varejo."",
  ""categoria_risco_principal"": ""Problema de preço ou custo"",
  ""probabilidade_sucesso_0_a_100"": 20,
  ""veredito_final"": ""Rejeitada"",
  ""nivel_rigor_diagnostico"": 10
}",Concorrência predatória,30.0,Necessita Pivotagem,8.0,"{
  ""analise_problema_mercado"": ""O problema de acesso limitado a produtos e serviços de qualidade em mercados emergentes é real e urgente. No entanto, em 2001, a penetração de internet e bancarização limitadas tornam a adoção de uma plataforma digital complexa e desafiadora. A dor do cliente é clara, mas a urgência e a frequência de mudança comportamental são questionáveis devido à infraestrutura tecnológica e financeira incipiente."",
  ""analise_solucao_proposta"": ""A solução proposta de um marketplace peer-to-peer com sistema de escrow e reputação digital é inovadora e potencialmente útil. No entanto, a complexidade da implementação e a necessidade de confiança em um ambiente de baixa bancarização e infraestrutura limitada podem dificultar a adoção inicial."",
  ""analise_receitas_custos"": ""O modelo de receita baseado em comissões e publicidade de listagem paga é viável, mas a geração de receita inicial pode ser lenta dada a baixa penetração de internet e a necessidade de construir confiança entre compradores e vendedores. Os custos operacionais, incluindo desenvolvimento de tecnologia e marketing, podem ser significativos no início."",
  ""vantagem_injusta"": ""A equipe fundadora possui MBAs de Stanford, o que é um indicador de habilidades de gestão e estratégia. No entanto, a falta de experiência prática em varejo e tecnologia de escala pode ser um desafio significativo, especialmente em um mercado emergente."",
  ""risco_critico"": ""O maior risco é a possível entrada do eBay no mercado, que poderia sufocar a startup antes que ela atinja a escala crítica necessária para sustentar uma plataforma de marketplace."",
  ""analise_equipe"": ""A equipe fundadora é altamente qualificada com MBAs de Stanford, mas carece de experiência prática em varejo e tecnologia de escala. Isso pode ser um desafio significativo na implementação e escala da plataforma."",
  ""categoria_risco_principal"": ""Concorrência predatória"",
  ""probabilidade_sucesso_0_a_100"": 30,
  ""veredito_final"": ""Necessita Pivotagem"",
  ""nivel_rigor_diagnostico"": 8
}",Concorrência predatória,20.0,Rejeitada,10.0,"{
  ""analise_problema_mercado"": ""A definição do problema de mercado é coerente com o cenário descrito. A falta de infraestrutura de comércio eletrônico, baixa bancarização e fragmentação do sistema logístico são problemas genuínos em mercados emergentes. No entanto, a hipótese de que um sistema de escrow e reputação digital pode resolver o problema de confiança entre partes desconhecidas é um salto lógico não fundamentado, pois não há detalhes sobre como tal sistema seria implementado e se seria suficiente para superar a falta de confiança em um mercado com baixa penetração de internet e bancarização."",
  ""analise_solucao_proposta"": ""A solução proposta de um marketplace peer-to-peer conectando vendedores individuais e pequenos comerciantes a compradores é coerente com o problema identificado. No entanto, a solução depende de um sistema de escrow e reputação digital que não é detalhado, o que torna a solução proposta incompleta e potencialmente inconsistente com a realidade do mercado."",
  ""analise_receitas_custos"": ""A lógica de monetização baseada em comissões sobre transações finalizadas e publicidade de listagem paga é coerente com o modelo de negócio. No entanto, a viabilidade dessas receitas depende da escala crítica de liquidez bilateral, que é um risco significativo em mercados emergentes com baixa penetração de internet e bancarização."",
  ""vantagem_injusta"": ""A vantagem injusta não é claramente fundamentada. A equipe não tem experiência relevante em varejo ou tecnologia de escala, e a entrada de um concorrente como o eBay poderia deslocar a startup antes que ela atinja a escala crítica necessária para sustentar o modelo de negócio."",
  ""risco_critico"": ""O risco crítico é a possível entrada do eBay no mercado regional, que poderia sufocar a operação nascente antes de atingir a escala crítica de liquidez bilateral. Isso é um risco significativo que poderia derrubar toda a tese do negócio."",
  ""analise_equipe"": ""A equipe fundadora, embora tenha formação em negócios de prestígio, não tem experiência relevante em varejo ou tecnologia de escala. Isso é um risco significativo, pois a implementação de um marketplace digital em um mercado emergente com baixa infraestrutura de comércio eletrônico requer conhecimento especializado."",
  ""categoria_risco_principal"": ""Concorrência predatória"",
  ""probabilidade_sucesso_0_a_100"": 20,
  ""veredito_final"": ""Rejeitada"",
  ""nivel_rigor_diagnostico"": 10
}",Concorrência predatória,20.0,Rejeitada,8.0,"{
  ""analise_problema_mercado"": ""O problema de confiança entre vendedores e compradores em um mercado emergente com baixa penetração de internet e infraestrutura de comércio eletrônico incipiente é real. No entanto, a maturidade tecnológica e a infraestrutura de pagamentos e logística limitadas em 2001 podem tornar a implementação de uma plataforma C2C desafiadora. Além disso, a presença de atores incumbentes com acesso a recursos significativos e influência política pode dificultar a entrada de novos players."",
  ""analise_solucao_proposta"": ""A solução proposta de um sistema de escrow e reputação digital é relevante para o problema identificado. No entanto, a conformidade com regulamentações locais de pagamentos e proteção de dados pode ser um desafio, especialmente em um contexto de infraestrutura de comércio eletrônico incipiente. A startup pode enfrentar dificuldades em cumprir requisitos legais e regulatórios sem o suporte de uma infraestrutura robusta."",
  ""analise_receitas_custos"": ""O modelo de receita baseado em comissões sobre transações e publicidade de listagem paga pode ser contestado por reguladores locais, especialmente se a plataforma for considerada uma intermediária financeira ou uma bolsa de valores. Além disso, a falta de infraestrutura de pagamentos confiável pode aumentar os custos operacionais e dificultar a escalabilidade da plataforma."",
  ""vantagem_injusta"": ""A vantagem competitiva da startup é questionável, dada a ausência de experiência em varejo e tecnologia de escala da equipe fundadora. Além disso, a entrada de um ator incumbente como o eBay pode deslocar a startup antes que ela atinja escala crítica, especialmente em um mercado emergente com baixa penetração de internet e infraestrutura de comércio eletrônico incipiente."",
  ""risco_critico"": ""O risco mais letal é a entrada de um ator incumbente como o eBay, que pode sufocar a startup antes que ela atinja escala crítica. A capacidade de um ator incumbente com recursos significativos e influência política entrar no mercado e deslocar a startup é um risco real."",
  ""analise_equipe"": ""A equipe fundadora, embora bem qualificada com MBAs da Stanford Graduate School of Business, não tem experiência em varejo ou tecnologia de escala. Isso pode ser um desafio significativo, especialmente em um contexto de infraestrutura de comércio eletrônico incipiente e regulamentações locais complexas."",
  ""categoria_risco_principal"": ""Concorrência predatória"",
  ""probabilidade_sucesso_0_a_100"": 20,
  ""veredito_final"": ""Rejeitada"",
  ""nivel_rigor_diagnostico"": 8
}"
S07,Canva,Plataforma SaaS freemium de criação visual e editoração,2013,,Creative SaaS,"Plataforma em nuvem focada em democratizar a editoração visual. Substitui o uso de softwares complexos de instalação local por um sistema de templates pré-montados e interface drag-and-drop nativa diretamente no navegador. A estratégia de go-to-market é fortemente ancorada no modelo Freemium: atrai tráfego massivo com ferramentas gratuitas de alta qualidade e gera receita através de assinaturas recorrentes (SaaS) que desbloqueiam ativos visuais premium, ferramentas de marca e recursos de colaboração multijogador para equipes corporativas.",Ativa,,,,Pressão competitiva extrema gerada pela entrada agressiva de grandes players e pela expansão de ferramentas de design embutidas em plataformas amplas de sistemas operacionais e pacotes de escritório,Concorrência predatória,2023,"A startup levantou mais de meio bilhão de dólares em venture capital. A equipe fundadora possui forte adequação ao problema: dois fundadores operaram com sucesso (bootstrap) uma plataforma rentável de nicho para publicações educacionais impressas enquanto ainda estavam na faculdade; o terceiro cofundador (CTO) traz o rigor técnico de engenharia e design de produto, tendo atuado previamente em uma das maiores Big Techs de busca e publicidade do mundo. O desafio competitivo é letal: a startup ataca frontalmente o modelo de negócios da corporação monopolista histórica de softwares criativos para profissionais, ao mesmo tempo em que precisa se defender de Big Techs de produtividade corporativa que passaram a embutir ferramentas clonadas de design dentro de seus pacotes tradicionais de escritório.",https://www.canva.com/newsroom/news/canva-story/;https://techcrunch.com/2013/07/19/canva-raises-3m-for-its-platform-that-lets-anyone-design-anything;https://techcrunch.com/2023/03/23/canva-ai-features-visual-worksuite/;https://www.crunchbase.com/organization/canva;https://en.wikipedia.org/wiki/Canva,Concorrência predatória,65.0,Necessita Pivotagem,8.0,"{
  ""analise_problema_mercado"": ""O problema de acessibilidade e complexidade de softwares de criação visual é relevante, especialmente para usuários não especializados. A demanda por ferramentas intuitivas e de fácil acesso é clara, especialmente em um cenário onde a produção de conteúdo visual é cada vez mais necessária."",
  ""analise_solucao_proposta"": ""A solução proposta é adequada e clara, oferecendo uma plataforma SaaS freemium que democratiza a criação visual. A proposta de valor única é a facilidade de uso e a disponibilidade de templates pré-montados, além de recursos premium para equipes corporativas."",
  ""analise_receitas_custos"": ""A estrutura de custos é gerenciável, com receitas potencialmente sustentáveis através do modelo freemium. No entanto, a necessidade de investimento em marketing e desenvolvimento de produto para competir com grandes players pode ser significativa."",
  ""vantagem_injusta"": ""A vantagem competitiva potencial é a facilidade de uso e a capacidade de oferecer uma solução completa e acessível, tanto para usuários individuais quanto para equipes corporativas."",
  ""risco_critico"": ""O maior risco é a concorrência predatória de grandes empresas de tecnologia que já oferecem ferramentas semelhantes ou estão desenvolvendo soluções concorrentes."",
  ""analise_equipe"": ""A equipe fundadora é experiente e bem qualificada, com fundadores que já demonstraram sucesso em negócios relacionados e um CTO com experiência em grandes empresas de tecnologia."",
  ""categoria_risco_principal"": ""Concorrência predatória"",
  ""probabilidade_sucesso_0_a_100"": 65,
  ""veredito_final"": ""Necessita Pivotagem"",
  ""nivel_rigor_diagnostico"": 8
}",Concorrência predatória,65.0,Necessita Pivotagem,9.0,"{
  ""analise_problema_mercado"": ""O problema do mercado é real e relevante, pois há uma demanda crescente por ferramentas de criação visual intuitivas e acessíveis. A necessidade de substituir softwares complexos e caros por soluções mais simples e acessíveis é clara, especialmente para pequenas e médias empresas e freelancers. No entanto, o segmento de mercado é altamente saturado, com grandes players estabelecidos e novos concorrentes emergindo constantemente."",
  ""analise_solucao_proposta"": ""A solução proposta é eficaz e executável, oferecendo uma plataforma SaaS freemium que democratiza a editoração visual. A interface drag-and-drop e os templates pré-montados são recursos valiosos que atendem bem ao público-alvo. No entanto, a concorrência é intensa, e a startup precisa se diferenciar significativamente para se destacar."",
  ""analise_receitas_custos"": ""O modelo econômico é promissor, com receitas recorrentes através de assinaturas SaaS e monetização de ativos visuais premium. No entanto, a aquisição de usuários e a manutenção de uma plataforma escalável podem ser desafios financeiros significativos, especialmente em um mercado altamente competitivo."",
  ""vantagem_injusta"": ""A vantagem injusta da startup é a combinação de experiência em negócios de nicho rentáveis e expertise técnica de engenharia e design de produto. A equipe fundadora tem um histórico comprovado de sucesso em plataformas de criação visual e a capacidade técnica para desenvolver uma plataforma robusta e escalável."",
  ""risco_critico"": ""O maior risco estrutural é a concorrência predatória, especialmente de grandes empresas de tecnologia que podem incorporar ferramentas semelhantes em seus pacotes existentes, desvalorizando a proposta de valor da startup."",
  ""analise_equipe"": ""A equipe fundadora é altamente qualificada e experiente, com fundadores que já demonstraram sucesso em negócios de nicho e um CTO com experiência em grandes empresas de tecnologia. No entanto, a equipe precisa ser capaz de navegar em um mercado altamente competitivo e enfrentar desafios regulatórios e de concorrência."",
  ""categoria_risco_principal"": ""Concorrência predatória"",
  ""probabilidade_sucesso_0_a_100"": 65,
  ""veredito_final"": ""Necessita Pivotagem"",
  ""nivel_rigor_diagnostico"": 9
}",Concorrência predatória,30.0,Necessita Pivotagem,10.0,"{
  ""analise_problema_mercado"": ""O problema identificado é a complexidade e o custo associados a softwares de editoração visual. No entanto, muitos profissionais e equipes corporativas já utilizam ferramentas existentes e estão acostumados com essas soluções. A adoção de uma nova plataforma, mesmo que seja freemium, pode ser difícil devido à familiaridade e à resistência à mudança. Além disso, o mercado já possui soluções robustas e estabelecidas, o que pode tornar a necessidade de uma nova plataforma questionável."",
  ""analise_solucao_proposta"": ""A solução proposta é uma plataforma SaaS freemium com templates pré-montados e uma interface drag-and-drop. Embora seja uma abordagem inovadora, a concorrência já oferece soluções semelhantes, como Google Workspace e Microsoft 365, que incluem ferramentas de design e colaboração. A adoção de uma nova plataforma pode ser limitada devido à presença de alternativas estabelecidas e integradas com outras ferramentas de produtividade."",
  ""analise_receitas_custos"": ""A estratégia de monetização baseia-se em assinaturas recorrentes para acesso a recursos premium. No entanto, a concorrência oferece soluções gratuitas ou com custos muito baixos, o que pode dificultar a captação de receita. Além disso, a manutenção e a expansão da plataforma podem ser custosas, especialmente em termos de desenvolvimento de novos recursos e aquisição de usuários."",
  ""vantagem_injusta"": ""A vantagem competitiva proposta é a facilidade de uso e a integração de recursos premium. No entanto, a concorrência já oferece soluções semelhantes e pode rapidamente replicar ou melhorar as funcionalidades da plataforma. A barreira à entrada é relativamente baixa, permitindo que novos players entrem facilmente no mercado."",
  ""risco_critico"": ""O risco crítico é a concorrência predatória de Big Techs que já oferecem soluções semelhantes e podem expandir suas ofertas para competir diretamente com a startup. Além disso, a startup enfrenta o desafio de convencer usuários a mudar para uma nova plataforma quando já existem soluções estabelecidas e integradas."",
  ""analise_equipe"": ""A equipe fundadora tem experiência relevante em plataformas de editoração visual e design de produto. No entanto, a concorrência é formada por grandes empresas com recursos significativamente maiores, o que pode dificultar a sobrevivência e o crescimento da startup."",
  ""categoria_risco_principal"": ""Concorrência predatória"",
  ""probabilidade_sucesso_0_a_100"": 30,
  ""veredito_final"": ""Necessita Pivotagem"",
  ""nivel_rigor_diagnostico"": 10
}",Concorrência predatória,55.0,Necessita Pivotagem,10.0,"{
  ""analise_problema_mercado"": ""O mercado de ferramentas de criação visual e editoração é significativo e em constante crescimento, especialmente com a crescente demanda por conteúdo digital. No entanto, a concorrência é intensa, com gigantes tecnológicos oferecendo soluções semelhantes e até mesmo gratuitas. A barreira de entrada para novos players é alta devido à necessidade de investimento em infraestrutura e desenvolvimento de produto."",
  ""analise_solucao_proposta"": ""A solução proposta de uma plataforma SaaS freemium com templates pré-montados e interface intuitiva é atraente e alinha-se com as tendências do mercado. No entanto, a complexidade logística e técnica envolvida na criação e manutenção de uma plataforma robusta e escalável é significativa."",
  ""analise_receitas_custos"": ""A estratégia de monetização através de assinaturas recorrentes para recursos premium é comum no setor SaaS, mas a margem de lucratividade dependerá da capacidade de atrair e reter usuários pagantes. A estrutura de custos envolve investimentos significativos em desenvolvimento de produto, infraestrutura de nuvem e marketing para aquisição de usuários."",
  ""vantagem_injusta"": ""A equipe fundadora possui experiência comprovada em criar e monetizar soluções de criação visual, o que pode ser uma vantagem competitiva."",
  ""risco_critico"": ""A concorrência é extremamente intensa, com gigantes tecnológicos oferecendo soluções semelhantes e até mesmo gratuitas. Além disso, a barreira de entrada para novos players é alta, o que pode dificultar a escalabilidade e a monetização."",
  ""analise_equipe"": ""A equipe fundadora é bem qualificada, com experiência em desenvolvimento de produto e marketing de soluções de criação visual. No entanto, a competição é letal, e a equipe precisa demonstrar capacidade de inovar e se destacar em um mercado altamente saturado."",
  ""categoria_risco_principal"": ""Concorrência predatória"",
  ""probabilidade_sucesso_0_a_100"": 55,
  ""veredito_final"": ""Necessita Pivotagem"",
  ""nivel_rigor_diagnostico"": 10
}",Concorrência predatória,45.0,Necessita Pivotagem,9.0,"{
  ""analise_problema_mercado"": ""O problema de democratizar a editoração visual é relevante e urgente, especialmente para pequenas empresas e indivíduos que não podem pagar por softwares caros e complexos. A dor do cliente é clara: a necessidade de ferramentas de design acessíveis e intuitivas. No entanto, a saturação do mercado e a presença de gigantes tecnológicos tornam a competição extremamente acirrada."",
  ""analise_solucao_proposta"": ""A solução proposta é inovadora e simples, oferecendo uma alternativa freemium que democratiza o acesso a ferramentas de design. A interface drag-and-drop e os templates pré-montados são recursos valiosos que podem atrair um grande número de usuários. No entanto, a complexidade de superar a concorrência de gigantes tecnológicos é significativa."",
  ""analise_receitas_custos"": ""O modelo freemium é um caminho claro para a primeira receita, permitindo que a startup construa uma base de usuários antes de começar a gerar receita. No entanto, a escalabilidade e a rentabilidade a longo prazo são incertas devido à forte competição e ao alto custo de aquisição de usuários premium."",
  ""vantagem_injusta"": ""A equipe fundadora tem uma forte adequação ao problema, com experiência em negócios de nicho e conhecimento técnico. No entanto, a vantagem competitiva em relação a gigantes tecnológicos é limitada, especialmente no curto prazo."",
  ""risco_critico"": ""O maior risco é a concorrência predatória de gigantes tecnológicos que podem clonar e integrar ferramentas de design em seus pacotes existentes, dificultando a escalabilidade e a rentabilidade da startup."",
  ""analise_equipe"": ""A equipe fundadora é experiente e bem qualificada, com um histórico de sucesso em negócios de nicho e conhecimento técnico robusto. No entanto, a competição com gigantes tecnológicos é desafiadora e requer uma estratégia de defesa e crescimento bem definida."",
  ""categoria_risco_principal"": ""Concorrência predatória"",
  ""probabilidade_sucesso_0_a_100"": 45,
  ""veredito_final"": ""Necessita Pivotagem"",
  ""nivel_rigor_diagnostico"": 9
}",Problema de preço ou custo,70.0,Necessita Pivotagem,8.0,"{
  ""analise_problema_mercado"": ""A definição do problema de mercado é coerente e bem fundamentada. A proposta de democratizar a editoração visual através de uma plataforma SaaS freemium é clara e direcionada a um público-alvo que busca soluções mais acessíveis e intuitivas do que os softwares complexos tradicionais. A hipótese de que as pessoas e equipes corporativas buscam ferramentas mais fáceis de usar e que não requerem instalação local é consistente com a tendência atual de preferência por serviços em nuvem."",
  ""analise_solucao_proposta"": ""A solução proposta é coerente com o problema identificado. A plataforma SaaS freemium com templates pré-montados e interface drag-and-drop é uma abordagem lógica para atender à demanda por ferramentas de criação visual mais acessíveis e intuitivas. A estratégia de monetização através de assinaturas recorrentes para recursos premium também é consistente com o modelo de negócio."",
  ""analise_receitas_custos"": ""A lógica de monetização é coerente com o perfil do cliente. A estratégia de atrair usuários gratuitos e converter uma parcela deles em assinantes pagos é uma abordagem comum e eficaz para plataformas SaaS. No entanto, é necessário que a plataforma ofereça valor suficiente aos usuários gratuitos para mantê-los engajados e converter uma porcentagem significativa em assinantes."",
  ""vantagem_injusta"": ""A vantagem injusta é fundamentada nas capacidades da equipe e do produto. A experiência dos fundadores em plataformas de criação visual e a expertise técnica do CTO em Big Techs de produtividade corporativa fornecem uma base sólida para desenvolver uma plataforma robusta e escalável. A proposta de oferecer uma solução mais acessível e intuitiva do que os softwares tradicionais é uma vantagem competitiva clara."",
  ""risco_critico"": ""O risco crítico é a capacidade de converter usuários gratuitos em assinantes pagos. Se a plataforma não oferecer suficiente valor aos usuários gratuitos para mantê-los engajados e converter uma porcentagem significativa em assinantes, a receita recorrente não será suficiente para sustentar o negócio."",
  ""analise_equipe"": ""A equipe fundadora é adequada para o desafio técnico e competitivo. Os fundadores têm experiência em desenvolver e operar plataformas de criação visual e o CTO traz expertise técnica de uma Big Tech. No entanto, é importante que a equipe tenha experiência em marketing e go-to-market para converter usuários gratuitos em assinantes."",
  ""categoria_risco_principal"": ""Problema de preço ou custo"",
  ""probabilidade_sucesso_0_a_100"": 70,
  ""veredito_final"": ""Necessita Pivotagem"",
  ""nivel_rigor_diagnostico"": 8
}",Problema regulatório ou legal,30.0,Necessita Pivotagem,9.0,"{
  ""analise_problema_mercado"": ""O setor de Creative SaaS é altamente regulado e competitivo, com atores incumbentes como grandes empresas de software e Big Techs que possuem forte poder de mercado e acesso político. A existência de um problema de mercado é clara, mas a entrada de novos players enfrenta barreiras significativas devido à presença desses atores estabelecidos."",
  ""analise_solucao_proposta"": ""A solução proposta, uma plataforma SaaS freemium, cria passivos regulatórios potenciais, como conformidade com leis de privacidade de dados e proteção de informações pessoais. Além disso, a plataforma pode ser alvo de regulamentações futuras sobre o uso de templates e ferramentas de criação visual."",
  ""analise_receitas_custos"": ""O modelo de receita baseado em assinaturas recorrentes pode ser contestado por reguladores, especialmente se a plataforma for considerada uma 'plataforma de mídia social' ou 'plataforma de publicação', o que poderia levar a taxações ou limitações de comissões. A sustentabilidade financeira pode ser comprometida se a startup não puder gerar receitas suficientes para cobrir custos operacionais e investimentos em tecnologia."",
  ""vantagem_injusta"": ""A vantagem competitiva da startup é questionável, pois a corporação monopolista de softwares criativos e Big Techs têm recursos significativamente maiores para replicar ou bloquear a solução proposta. Além disso, a resposta coordenada desses atores pode resultar em uma pressão regulatória que dificulta a escalabilidade da startup."",
  ""risco_critico"": ""O risco crítico é a retaliação competitiva de incumbentes, que podem lançar produtos semelhantes ou adquirir startups menores que oferecem soluções similares. Além disso, a pressão regulatória pode ser usada como uma ferramenta para desestabilizar a startup, especialmente se ela for vista como uma ameaça significativa aos interesses dos atores estabelecidos."",
  ""analise_equipe"": ""A equipe fundadora tem um forte histórico de sucesso em negócios de nicho e experiência técnica relevante, o que é positivo. No entanto, enfrentar atores estabelecidos com acesso político e recursos significativamente maiores é um desafio significativo que requer uma estratégia robusta de defesa regulatória e lobby."",
  ""categoria_risco_principal"": ""Problema regulatório ou legal"",
  ""probabilidade_sucesso_0_a_100"": 30,
  ""veredito_final"": ""Necessita Pivotagem"",
  ""nivel_rigor_diagnostico"": 9
}"
S08,Spotify,Plataforma global de streaming de áudio on-demand,2006,,MediaTech SaaS,"Serviço de streaming de mídia operando sob modelo Freemium. A monetização ocorre por meio de publicidade (no tier gratuito para aquisição massiva de usuários no topo de funil) e assinaturas mensais recorrentes (tier premium). A estrutura econômica possui uma vulnerabilidade crítica: as margens brutas são estruturalmente limitadas pelo pagamento contínuo de royalties atrelados ao consumo (custo variável puro), devidos a um oligopólio de detentores de direitos autorais que controlam os catálogos indispensáveis para o serviço funcionar.",Ativa,,,,"Forte pressão estrutural sobre as margens de lucro devido aos altíssimos custos de licenciamento atrelados ao volume de uso, gerando dependência crônica de renegociações com detentores de direitos",Problema de preço ou custo,2022,A companhia levantou alguns bilhões de dólares em capital de risco e dívida corporativa. A equipe fundadora é formada por dois experientes empreendedores europeus: um prodígio técnico que atuou como CEO de uma célebre e controversa rede global de compartilhamento descentralizado de arquivos P2P (trazendo profunda expertise em arquitetura de distribuição em rede) e fundou negócios de ad-tech; e um executivo que construiu e levou uma gigante do marketing de afiliados ao IPO. O cenário competitivo é predatório: a startup enfrenta megacorporações globais fabricantes de smartphones e gigantes do e-commerce que oferecem serviços de áudio concorrentes como 'loss leaders' (produtos subsidiados intencionalmente no prejuízo) apenas para reter consumidores em seus próprios ecossistemas trilionários.,https://newsroom.spotify.com/company-info/;https://techcrunch.com/2011/02/22/spotify-raises-100m-from-dst-and-others;https://www.wsj.com/articles/spotify-profit-margins-music-royalties-11670958002;https://www.crunchbase.com/organization/spotify;https://en.wikipedia.org/wiki/Spotify,Problema de preço ou custo,30.0,Necessita Pivotagem,9.0,"{
  ""analise_problema_mercado"": ""O problema do mercado é relevante, pois o streaming de áudio on-demand é uma tendência crescente. No entanto, a saturação do mercado por grandes players como gigantes do e-commerce e fabricantes de smartphones torna a competição extremamente acirrada."",
  ""analise_solucao_proposta"": ""A solução proposta é uma plataforma de streaming de áudio on-demand com modelo Freemium. A proposta de valor única é a experiência de usuário e a arquitetura de distribuição em rede, mas a presença de concorrentes predatórios pode dificultar a diferenciação."",
  ""analise_receitas_custos"": ""O modelo de receita Freemium com monetização por publicidade e assinaturas parece sólido, mas a estrutura de custos é vulnerável devido aos royalties pagos a um oligopólio de detentores de direitos autorais, limitando as margens brutas."",
  ""vantagem_injusta"": ""A vantagem competitiva potencial é a experiência técnica em arquitetura de distribuição em rede e expertise em ad-tech, que podem oferecer uma plataforma mais eficiente e escalável."",
  ""risco_critico"": ""O maior risco estrutural é a dependência de royalties, que limita as margens brutas e pode tornar o modelo de negócios economicamente inviável a longo prazo."",
  ""analise_equipe"": ""A equipe fundadora é experiente e possui um histórico de sucesso em negócios relacionados, o que é positivo. No entanto, a competição predatória e a estrutura de custos podem ser desafios significativos."",
  ""categoria_risco_principal"": ""Problema de preço ou custo"",
  ""probabilidade_sucesso_0_a_100"": 30,
  ""veredito_final"": ""Necessita Pivotagem"",
  ""nivel_rigor_diagnostico"": 9
}",Concorrência predatória,40.0,Necessita Pivotagem,9.0,"{
  ""analise_problema_mercado"": ""O problema do mercado é real e relevante, pois a demanda por conteúdo de áudio on-demand é crescente. No entanto, o segmento de clientes está saturado com grandes players que já dominam o mercado, tornando difícil para uma nova startup se estabelecer."",
  ""analise_solucao_proposta"": ""A solução proposta é uma plataforma de streaming de áudio on-demand com um modelo freemium. A proposta de valor única é a combinação de um serviço gratuito com publicidade e um tier premium pago. No entanto, a solução enfrenta desafios significativos, como a necessidade de pagar royalties a um oligopólio de detentores de direitos autorais, o que limita as margens de lucro."",
  ""analise_receitas_custos"": ""O modelo econômico é baseado em receitas de publicidade e assinaturas, mas os custos de royalties são altos e variáveis, o que pode comprometer a sustentabilidade financeira a longo prazo. A concorrência predatória de grandes empresas também dificulta a captação de usuários e a monetização."",
  ""vantagem_injusta"": ""A vantagem injusta pode ser a expertise técnica em distribuição de conteúdo e experiência em ad-tech, que podem ser usadas para criar uma plataforma eficiente e escalável. Além disso, a capacidade de atrair investimento significativo pode fornecer recursos para investir em marketing e desenvolvimento de produto."",
  ""risco_critico"": ""O maior risco estrutural é a concorrência predatória de grandes empresas que oferecem serviços de áudio como 'loss leaders'. Isso torna difícil para a startup captar usuários e monetizar adequadamente."",
  ""analise_equipe"": ""A equipe fundadora é experiente e tem um histórico de sucesso em negócios relacionados, o que é positivo. No entanto, a concorrência de gigantes do setor pode ser um desafio significativo mesmo para uma equipe experiente."",
  ""categoria_risco_principal"": ""Concorrência predatória"",
  ""probabilidade_sucesso_0_a_100"": 40,
  ""veredito_final"": ""Necessita Pivotagem"",
  ""nivel_rigor_diagnostico"": 9
}",Concorrência predatória,20.0,Rejeitada,10.0,"{
  ""analise_problema_mercado"": ""O problema do mercado é a necessidade de um serviço de streaming de áudio on-demand. No entanto, a existência de muitos players no mercado, incluindo grandes empresas como fabricantes de smartphones e gigantes do e-commerce, pode sugerir que o problema não é tão crítico ou único para justificar um novo entrante. Além disso, a saturação do mercado pode levar a uma indiferença do consumidor para novas ofertas."",
  ""analise_solucao_proposta"": ""A solução proposta é uma plataforma de streaming de áudio on-demand com um modelo freemium. No entanto, a concorrência predatória de grandes empresas que oferecem serviços semelhantes como 'loss leaders' pode dificultar a adoção da solução proposta, especialmente se essas empresas oferecerem serviços gratuitos ou com descontos significativos para reter consumidores em seus ecossistemas."",
  ""analise_receitas_custos"": ""O modelo de receita baseado em publicidade e assinaturas mensais recorrentes é vulnerável devido às margens brutas limitadas pelo pagamento contínuo de royalties atrelados ao consumo. Além disso, a concorrência predatória pode dificultar a captação de assinaturas premium, especialmente se os concorrentes oferecerem serviços gratuitos ou com descontos significativos."",
  ""vantagem_injusta"": ""A vantagem competitiva da startup é a experiência técnica e de negócios da equipe fundadora. No entanto, a concorrência predatória de grandes empresas pode superar essa vantagem, especialmente se essas empresas tiverem recursos significativamente maiores para investir em marketing e desenvolvimento de produtos."",
  ""risco_critico"": ""O risco crítico é a concorrência predatória de grandes empresas que oferecem serviços de streaming de áudio como 'loss leaders'. Isso pode dificultar a captação de usuários e assinaturas premium, além de pressionar as margens brutas devido aos royalties atrelados ao consumo."",
  ""analise_equipe"": ""A equipe fundadora é formada por dois experientes empreendedores europeus com profunda expertise em arquitetura de distribuição em rede e marketing de afiliados. No entanto, a concorrência predatória de grandes empresas pode superar essa vantagem, especialmente se essas empresas tiverem recursos significativamente maiores para investir em marketing e desenvolvimento de produtos."",
  ""categoria_risco_principal"": ""Concorrência predatória"",
  ""probabilidade_sucesso_0_a_100"": 20,
  ""veredito_final"": ""Rejeitada"",
  ""nivel_rigor_diagnostico"": 10
}",Produto ruim,30.0,Necessita Pivotagem,10.0,"{
  ""analise_problema_mercado"": ""O mercado de streaming de áudio on-demand é significativo e em expansão, com milhões de usuários potenciais. No entanto, a aquisição de usuários em massa é desafiadora devido à necessidade de superar a concorrência predatória de grandes players que oferecem serviços semelhantes como 'loss leaders'."",
  ""analise_solucao_proposta"": ""A solução proposta é uma plataforma de streaming de áudio on-demand com modelo freemium, que combina publicidade e assinaturas para monetização. A equipe técnica tem experiência relevante em distribuição de conteúdo e arquitetura de rede, o que é um ponto positivo. No entanto, a solução enfrenta desafios significativos devido à necessidade de lidar com royalties e a concorrência predatória."",
  ""analise_receitas_custos"": ""A estrutura de receitas é baseada em publicidade e assinaturas, com custos variáveis significativos relacionados a royalties. A margem bruta é limitada devido aos custos de royalties, o que pode dificultar a escalabilidade e a sustentabilidade financeira a longo prazo."",
  ""vantagem_injusta"": ""A experiência da equipe em distribuição de conteúdo e arquitetura de rede pode ser uma vantagem competitiva, especialmente em relação à entrega eficiente de conteúdo em larga escala."",
  ""risco_critico"": ""O maior risco é a estrutura de custos, especialmente os royalties, que são um custo variável significativo e podem limitar a margem bruta e a escalabilidade financeira."",
  ""analise_equipe"": ""A equipe fundadora é composta por dois profissionais com experiência significativa em tecnologia e negócios, o que é um ponto positivo. No entanto, a concorrência predatória e a necessidade de lidar com royalties são desafios significativos que podem exigir habilidades adicionais não mencionadas na equipe."",
  ""categoria_risco_principal"": ""Produto ruim"",
  ""probabilidade_sucesso_0_a_100"": 30,
  ""veredito_final"": ""Necessita Pivotagem"",
  ""nivel_rigor_diagnostico"": 10
}",Concorrência predatória,30.0,Rejeitada,10.0,"{
  ""analise_problema_mercado"": ""O problema de fornecer conteúdo de áudio on-demand é relevante e urgente para o público, especialmente com o aumento do consumo de mídia digital. No entanto, a presença de grandes players que oferecem serviços similares como 'loss leaders' dificulta a criação de uma base de usuários fiel e lucrativa."",
  ""analise_solucao_proposta"": ""A solução proposta é uma plataforma de streaming de áudio on-demand com modelo freemium. A arquitetura de distribuição em rede e a experiência em ad-tech do fundador podem ser pontos fortes, mas a concorrência predatória e a necessidade de pagar royalties limitam a viabilidade da solução."",
  ""analise_receitas_custos"": ""As receitas são geradas através de publicidade e assinaturas mensais, mas os custos de royalties são altos e variáveis, o que pode comprometer a sustentabilidade financeira da empresa. O caminho para a primeira receita é claro, mas a economia unitária do primeiro cliente é questionável devido aos custos de royalties."",
  ""vantagem_injusta"": ""A equipe fundadora tem experiência relevante em tecnologia e marketing, mas a concorrência predatória e a necessidade de pagar royalties a um oligopólio de detentores de direitos autorais limitam a vantagem competitiva."",
  ""risco_critico"": ""O maior risco é a concorrência predatória de gigantes do e-commerce e fabricantes de smartphones que oferecem serviços de áudio concorrentes como 'loss leaders'. Isso dificulta a criação de uma base de usuários lucrativa e pode matar a startup antes de chegar à Série A."",
  ""analise_equipe"": ""A equipe fundadora é experiente e tem um histórico de sucesso em negócios relacionados, mas a concorrência predatória e a necessidade de pagar royalties a um oligopólio de detentores de direitos autorais podem ser desafios significativos."",
  ""categoria_risco_principal"": ""Concorrência predatória"",
  ""probabilidade_sucesso_0_a_100"": 30,
  ""veredito_final"": ""Rejeitada"",
  ""nivel_rigor_diagnostico"": 10
}",Modelo de negócios falho,30.0,Necessita Pivotagem,9.0,"{
  ""analise_problema_mercado"": ""A definição do problema de mercado é coerente, identificando corretamente a necessidade de um serviço de streaming de áudio on-demand e a existência de um oligopólio de detentores de direitos autorais que impõe custos significativos. O segmento de clientes é bem definido, com o público-alvo sendo usuários de streaming de áudio que buscam conteúdo variado e de alta qualidade."",
  ""analise_solucao_proposta"": ""A solução proposta é coerente com o problema identificado, oferecendo uma plataforma de streaming de áudio on-demand com um modelo freemium que permite a aquisição massiva de usuários e a monetização através de publicidade e assinaturas premium. A solução visa atender a demanda por conteúdo de áudio on-demand, mas depende de um ecossistema de conteúdo robusto, o que é limitado pela necessidade de pagar royalties aos detentores de direitos autorais."",
  ""analise_receitas_custos"": ""A lógica de monetização é coerente com o perfil de cliente descrito, pois a plataforma oferece um tier gratuito com publicidade e um tier premium com assinaturas recorrentes. No entanto, a estrutura de custos é um problema, pois os royalties pagos aos detentores de direitos autorais são um custo variável significativo que pode limitar as margens brutas da empresa."",
  ""vantagem_injusta"": ""A vantagem injusta é questionável, pois a empresa não possui uma vantagem competitiva única que possa superar a concorrência predatória de megacorporações globais que oferecem serviços de áudio como 'loss leaders'. A equipe tem experiência relevante, mas a concorrência é extremamente forte."",
  ""risco_critico"": ""O risco crítico é a estrutura de custos, especificamente os royalties pagos aos detentores de direitos autorais. Esses custos variáveis podem limitar significativamente as margens brutas da empresa, tornando difícil a sustentabilidade financeira a longo prazo."",
  ""analise_equipe"": ""A equipe fundadora é experiente e possui expertise relevante em arquitetura de distribuição em rede e marketing de afiliados, o que é positivo. No entanto, a concorrência é extremamente forte, e a equipe precisa de uma estratégia robusta para superar as megacorporações globais que oferecem serviços de áudio como 'loss leaders'."",
  ""categoria_risco_principal"": ""Modelo de negócios falho"",
  ""probabilidade_sucesso_0_a_100"": 30,
  ""veredito_final"": ""Necessita Pivotagem"",
  ""nivel_rigor_diagnostico"": 9
}",Concorrência predatória,20.0,Rejeitada,10.0,"{
  ""analise_problema_mercado"": ""O mercado de streaming de áudio é altamente regulado e possui atores incumbentes com grande poder de mercado e influência política. A presença de megacorporações globais que oferecem serviços de áudio como 'loss leaders' para reter consumidores em seus ecossistemas trilionários cria uma barreira significativa para novos entrantes."",
  ""analise_solucao_proposta"": ""A solução proposta, uma plataforma de streaming de áudio on-demand, depende de um catálogo de conteúdo que é controlado por um oligopólio de detentores de direitos autorais. Isso cria um risco regulatório significativo, pois a startup pode enfrentar dificuldades em negociar licenças e royalties de forma viável, especialmente em um mercado altamente competitivo."",
  ""analise_receitas_custos"": ""O modelo de receita é baseado em publicidade e assinaturas mensais recorrentes, mas as margens brutas são limitadas pelo pagamento contínuo de royalties atrelados ao consumo. Isso cria um risco regulatório significativo, pois a startup pode enfrentar dificuldades em sustentar suas margens e lucratividade em um mercado altamente competitivo."",
  ""vantagem_injusta"": ""A vantagem competitiva da startup é frágil, pois depende de um catálogo de conteúdo controlado por um oligopólio de detentores de direitos autorais. Além disso, a presença de megacorporações globais que oferecem serviços de áudio como 'loss leaders' para reter consumidores em seus ecossistemas trilionários cria uma barreira significativa para novos entrantes."",
  ""risco_critico"": ""O risco mais letal é a retaliação competitiva de megacorporações globais que oferecem serviços de áudio como 'loss leaders' para reter consumidores em seus ecossistemas trilionários. Isso poderia esmagar a startup antes que ela atinja escala crítica."",
  ""analise_equipe"": ""A equipe fundadora é formada por dois experientes empreendedores europeus com profunda expertise em arquitetura de distribuição em rede e marketing de afiliados. No entanto, a equipe pode não ter a experiência necessária para lidar com os desafios regulatórios e competitivos do mercado de streaming de áudio."",
  ""categoria_risco_principal"": ""Concorrência predatória"",
  ""probabilidade_sucesso_0_a_100"": 20,
  ""veredito_final"": ""Rejeitada"",
  ""nivel_rigor_diagnostico"": 10
}"
S09,Shopify,Plataforma SaaS de infraestrutura (OS) para comércio eletrônico,2006,,SaaS / Commerce Infrastructure,Plataforma em nuvem que fornece a infraestrutura completa para lojistas criarem e gerenciarem suas próprias lojas virtuais independentes. A monetização possui um mecanismo duplo altamente escalável: uma base previsível de assinaturas mensais recorrentes (SaaS) combinada a um 'take-rate' (comissão percentual) sobre o volume transacionado (GMV) através de serviços financeiros e logísticos embutidos nativamente. A proposta central é 'armar' pequenos e médios lojistas para operarem suas próprias marcas diretas ao consumidor (D2C) sem depender da infraestrutura de marketplaces centralizados.,Ativa,,,,"Queda abrupta de crescimento após o arrefecimento do boom do varejo digital gerado por uma crise global, levando a demissões estruturais e revisão estratégica devido a projeções de expansão superestimadas",Sem necessidade de mercado,2022,"A empresa levantou mais de uma centena de milhões de dólares em sua fase privada. A origem da tecnologia é um caso clássico de 'resolver a própria dor': o CEO, um programador técnico, codificou a base do sistema do zero unicamente para conseguir operar o seu próprio e-commerce de nicho esportivo, após constatar que as soluções da época eram lentas, caras ou inflexíveis, unindo-se depois a sócios complementares de design e operações. A concorrência abrange provedores de código aberto (que exigem manutenção técnica profunda), plataformas de sites institucionais genéricos e as megacorporações globais de marketplace (as 'lojas de tudo') que priorizam o cliente final e tendem a espremer as margens dos vendedores terceirizados.",https://www.shopify.com/about;https://www.wsj.com/articles/shopify-layoffs-ecommerce-slowdown-11658874012;https://www.ft.com/content/2f6b9c3a-3b2d-4d6f-9f1c-8c7a1b2e5d4f;https://www.crunchbase.com/organization/shopify;https://en.wikipedia.org/wiki/Shopify;https://en.wikipedia.org/wiki/Tobias_L%C3%BCtke,Concorrência predatória,65.0,Necessita Pivotagem,8.0,"{
  ""analise_problema_mercado"": ""O problema identificado é relevante, pois muitos pequenos e médios lojistas enfrentam dificuldades para criar e gerir suas próprias lojas virtuais devido à falta de infraestrutura adequada e custos elevados. A demanda clara por uma solução que permita a criação de lojas virtuais independentes sem depender de marketplaces centralizados é evidente."",
  ""analise_solucao_proposta"": ""A solução proposta é adequada e clara, oferecendo uma plataforma SaaS completa que permite a criação e gestão de lojas virtuais independentes. A proposta de valor única é a combinação de um modelo de assinatura mensal com uma comissão sobre o volume transacionado, o que oferece uma monetização escalável."",
  ""analise_receitas_custos"": ""A estrutura de custos e receitas parece bem equilibrada, com receitas recorrentes de assinaturas e comissões sobre transações. No entanto, a necessidade de investimento inicial em desenvolvimento e infraestrutura pode ser significativa."",
  ""vantagem_injusta"": ""A vantagem competitiva pode ser a experiência prática do CEO em resolver a própria dor, resultando em uma solução altamente personalizada e eficiente para o mercado de e-commerce."",
  ""risco_critico"": ""O maior risco é a concorrência de plataformas existentes e megacorporações de marketplace, que podem oferecer soluções mais baratas ou com mais recursos. Além disso, a necessidade de escalar rapidamente para manter a viabilidade financeira pode ser um desafio."",
  ""analise_equipe"": ""A equipe parece bem equilibrada, com um fundador técnico que resolveu a própria dor e sócios complementares em design e operações. No entanto, a experiência em marketing e vendas pode ser crucial para o sucesso no longo prazo."",
  ""categoria_risco_principal"": ""Concorrência predatória"",
  ""probabilidade_sucesso_0_a_100"": 65,
  ""veredito_final"": ""Necessita Pivotagem"",
  ""nivel_rigor_diagnostico"": 8
}",Concorrência predatória,70.0,Necessita Pivotagem,8.0,"{
  ""analise_problema_mercado"": ""O problema do mercado é real e relevante, pois muitos pequenos e médios lojistas enfrentam dificuldades para criar e gerir suas próprias lojas virtuais devido à falta de infraestrutura adequada e custos elevados. O segmento de clientes está bem definido, incluindo lojistas de nicho e marcas diretas ao consumidor (D2C) que buscam independência de marketplaces centralizados."",
  ""analise_solucao_proposta"": ""A solução proposta é eficaz e executável, oferecendo uma plataforma SaaS completa que permite a criação e gestão de lojas virtuais independentes. A proposta de valor única é a integração nativa de serviços financeiros e logísticos, além de um modelo de monetização escalável que combina assinaturas mensais e comissões sobre o volume transacionado."",
  ""analise_receitas_custos"": ""O modelo econômico faz sentido, pois combina receitas recorrentes de assinaturas com comissões sobre o volume transacionado, oferecendo uma base de receita previsível e escalável. No entanto, a concorrência é intensa, especialmente devido à presença de grandes players de marketplace que oferecem soluções gratuitas ou com baixo custo inicial."",
  ""vantagem_injusta"": ""A vantagem injusta é a experiência prática do CEO em resolver a própria dor, resultando em uma plataforma altamente personalizada e eficiente para lojistas de nicho. Além disso, a integração nativa de serviços financeiros e logísticos oferece um diferencial significativo."",
  ""risco_critico"": ""O maior risco estrutural é a concorrência predatória de grandes players de marketplace que oferecem soluções gratuitas ou com baixo custo inicial, o que pode dificultar a atração e retenção de clientes."",
  ""analise_equipe"": ""A equipe parece adequada para o desafio, com um CEO experiente em programação e uma equipe complementar de design e operações. No entanto, a experiência em marketing e vendas pode ser um ponto fraco, especialmente para competir com grandes players."",
  ""categoria_risco_principal"": ""Concorrência predatória"",
  ""probabilidade_sucesso_0_a_100"": 70,
  ""veredito_final"": ""Necessita Pivotagem"",
  ""nivel_rigor_diagnostico"": 8
}",Concorrência predatória,30.0,Necessita Pivotagem,10.0,"{
  ""analise_problema_mercado"": ""O problema identificado é a necessidade de uma infraestrutura de comércio eletrônico mais flexível e econômica para pequenos e médios lojistas. No entanto, a relevância deste problema pode ser questionada, pois muitos lojistas já utilizam soluções existentes, mesmo que estas sejam consideradas lentas ou caras. Além disso, a adoção de novas tecnologias pode ser lenta devido à resistência à mudança e à falta de conhecimento técnico."",
  ""analise_solucao_proposta"": ""A solução proposta é uma plataforma SaaS que oferece uma infraestrutura completa para lojas virtuais. Embora seja uma solução inovadora, pode haver um atrito significativo na adoção, pois os lojistas precisam aprender a usar uma nova plataforma e podem ter dificuldades em abandonar soluções estabelecidas. Além disso, a concorrência de provedores de código aberto pode ser uma alternativa mais atraente para lojistas que buscam reduzir custos."",
  ""analise_receitas_custos"": ""A monetização baseia-se em assinaturas mensais e uma comissão sobre o volume transacionado. No entanto, a margem de lucro pode ser afetada por custos operacionais elevados, especialmente se a plataforma precisar investir em marketing e suporte técnico para atrair e manter clientes. Além disso, a concorrência de marketplaces globais pode pressionar os preços e reduzir as margens."",
  ""vantagem_injusta"": ""A vantagem competitiva proposta é a integração nativa de serviços financeiros e logísticos. No entanto, outras plataformas podem rapidamente replicar essa funcionalidade, tornando a vantagem competitiva menos duradoura. Além disso, a concorrência de marketplaces globais pode oferecer serviços semelhantes ou melhores, o que pode desvalorizar a proposta de valor da plataforma."",
  ""risco_critico"": ""O maior risco é a concorrência predatória de marketplaces globais, que podem oferecer soluções semelhantes ou melhores a preços mais baixos, especialmente se estes já possuem uma base de clientes estabelecida. Além disso, a concorrência de provedores de código aberto pode ser uma alternativa mais atraente para lojistas que buscam reduzir custos."",
  ""analise_equipe"": ""A equipe tem uma forte base técnica, com o CEO sendo um programador experiente. No entanto, a equipe pode precisar de mais experiência em marketing e vendas para competir efetivamente com concorrentes estabelecidos. Além disso, a experiência em operações pode ser limitada, o que pode dificultar a escalabilidade da plataforma."",
  ""categoria_risco_principal"": ""Concorrência predatória"",
  ""probabilidade_sucesso_0_a_100"": 30,
  ""veredito_final"": ""Necessita Pivotagem"",
  ""nivel_rigor_diagnostico"": 10
}",Problema de preço ou custo,65.0,Necessita Pivotagem,8.0,"{
  ""analise_problema_mercado"": ""O mercado de infraestrutura para comércio eletrônico é significativo, com uma crescente demanda por soluções personalizadas e escaláveis para pequenas e médias empresas. A fricção mecânica para aquisição de clientes reside principalmente na necessidade de convencer essas empresas a abandonarem soluções existentes, muitas vezes fornecidas por grandes players como Amazon e Shopify, que têm uma forte presença e confiança estabelecida. A solução proposta visa atender a um nicho de mercado que busca maior controle e flexibilidade, mas a barreira de entrada é alta devido à necessidade de convencimento e mudança de hábitos."",
  ""analise_solucao_proposta"": ""A solução proposta é uma plataforma SaaS que oferece uma infraestrutura completa para criação e gestão de lojas virtuais. A complexidade logística e técnica é alta, dado que a solução precisa ser robusta, escalável e capaz de lidar com transações financeiras e logísticas. A solução também precisa ser altamente personalizável para atender às necessidades específicas de diferentes nichos de mercado. A origem da tecnologia como solução interna para um problema real é um ponto positivo, indicando um entendimento profundo do problema."",
  ""analise_receitas_custos"": ""A monetização é baseada em assinaturas mensais recorrentes e comissões sobre o volume transacionado. Este modelo é potencialmente escalável, mas requer uma base de clientes significativa para gerar receitas substanciais. Os custos de desenvolvimento e manutenção da plataforma são elevados, especialmente se a solução precisar ser altamente personalizável. A margem de lucro pode ser afetada pela necessidade de investir continuamente em melhorias e novos recursos para manter a competitividade."",
  ""vantagem_injusta"": ""A vantagem mais evidente é a experiência prática do CEO em resolver a própria dor, o que pode levar a uma solução mais alinhada com as necessidades específicas do mercado de nicho. Além disso, a plataforma pode ter uma vantagem competitiva se oferecer uma solução mais personalizável e flexível do que as alternativas existentes."",
  ""risco_critico"": ""O maior risco é a capacidade de convencer pequenas e médias empresas a abandonarem soluções estabelecidas e confiáveis em favor de uma nova plataforma. A necessidade de investimento contínuo em desenvolvimento e manutenção da plataforma também é um risco significativo, especialmente se a receita não crescer rapidamente para cobrir esses custos."",
  ""analise_equipe"": ""A equipe parece ter uma boa combinação de habilidades técnicas e de design, com o CEO tendo uma forte experiência prática na solução do problema. No entanto, a equipe precisa demonstrar a capacidade de gerenciar o crescimento rápido e a escalabilidade da plataforma, bem como a habilidade de vender a solução para um mercado competitivo."",
  ""categoria_risco_principal"": ""Problema de preço ou custo"",
  ""probabilidade_sucesso_0_a_100"": 65,
  ""veredito_final"": ""Necessita Pivotagem"",
  ""nivel_rigor_diagnostico"": 8
}",Concorrência predatória,75.0,Necessita Pivotagem,8.0,"{
  ""analise_problema_mercado"": ""O problema de infraestrutura para comércio eletrônico é real e crescente, especialmente para pequenos e médios lojistas que buscam autonomia e flexibilidade. A dor do cliente é a necessidade de uma solução que seja acessível, escalável e não dependa de marketplaces centralizados, o que é urgente e frequente."",
  ""analise_solucao_proposta"": ""A solução proposta é inovadora e alinha-se com a necessidade do mercado. A plataforma SaaS oferece uma infraestrutura completa e nativa para lojas virtuais, combinando assinaturas mensais com comissões sobre transações, o que é um modelo de negócio sólido e escalável."",
  ""analise_receitas_custos"": ""O caminho para a primeira receita parece claro, com um modelo de negócio que combina assinaturas mensais e comissões sobre transações, o que é uma abordagem robusta para gerar receita inicial e sustentável."",
  ""vantagem_injusta"": ""A vantagem injusta reside na experiência prática do CEO em resolver a própria dor, criando uma solução que atende a necessidades específicas de lojistas independentes. A equipe complementa essa visão com habilidades em design e operações, formando um time resiliente e capaz."",
  ""risco_critico"": ""O maior risco é a concorrência, especialmente de grandes players de marketplace que podem oferecer soluções semelhantes ou melhorar suas ofertas para competir diretamente. A capacidade de se diferenciar e conquistar uma fatia significativa do mercado é crucial."",
  ""analise_equipe"": ""A equipe é bem balanceada, com um fundador que tem uma forte experiência prática em resolver a própria dor, além de sócios que trazem habilidades complementares em design e operações. A experiência do CEO em desenvolver a plataforma do zero é um ponto forte."",
  ""categoria_risco_principal"": ""Concorrência predatória"",
  ""probabilidade_sucesso_0_a_100"": 75,
  ""veredito_final"": ""Necessita Pivotagem"",
  ""nivel_rigor_diagnostico"": 8
}",Concorrência predatória,70.0,Necessita Pivotagem,8.0,"{
  ""analise_problema_mercado"": ""A definição do problema é coerente e bem fundamentada. O problema identificado é a falta de uma solução flexível e acessível para pequenos e médios lojistas que desejam operar suas próprias lojas virtuais sem depender de marketplaces centralizados. A hipótese de que a infraestrutura existente é lenta, cara ou inflexível é compatível com o contexto de 2022, onde a demanda por soluções personalizadas e escaláveis era crescente."",
  ""analise_solucao_proposta"": ""A solução proposta é coerente com o problema identificado. A plataforma SaaS oferece uma infraestrutura completa para criar e gerenciar lojas virtuais independentes, o que resolve a dor dos lojistas que buscam autonomia e flexibilidade. A integração de serviços financeiros e logísticos embutidos é uma adição valiosa que complementa a solução principal."",
  ""analise_receitas_custos"": ""A lógica de monetização é coerente com o perfil do cliente. A base previsível de assinaturas mensais recorrentes (SaaS) e o 'take-rate' sobre o volume transacionado (GMV) são mecanismos que podem ser atraentes para lojistas que buscam uma solução completa e escalável. A combinação desses dois modelos permite uma receita diversificada e escalável."",
  ""vantagem_injusta"": ""A vantagem injusta é fundamentada na capacidade da equipe de desenvolver uma solução que resolve a própria dor, combinada com a experiência em design e operações. A equipe possui um histórico de resolver problemas práticos e técnicos, o que é uma vantagem significativa."",
  ""risco_critico"": ""O risco crítico é a capacidade da plataforma de competir com provedores de código aberto e megacorporações de marketplace. A plataforma precisa ser significativamente melhor em termos de flexibilidade, custo e funcionalidade para atrair e reter clientes em um mercado altamente competitivo."",
  ""analise_equipe"": ""A equipe é adequada para o desafio técnico e competitivo. O CEO tem experiência prática em desenvolvimento de software e resolveu a própria dor, o que é um indicador positivo. A adição de sócios com experiência em design e operações complementa bem as habilidades técnicas do CEO."",
  ""categoria_risco_principal"": ""Concorrência predatória"",
  ""probabilidade_sucesso_0_a_100"": 70,
  ""veredito_final"": ""Necessita Pivotagem"",
  ""nivel_rigor_diagnostico"": 8
}",Problema regulatório ou legal,40.0,Necessita Pivotagem,9.0,"{
  ""analise_problema_mercado"": ""O mercado de comércio eletrônico é altamente regulado, especialmente em relação a questões de privacidade, segurança de dados e conformidade com leis de proteção ao consumidor. Além disso, a presença de grandes players como Amazon e Alibaba dificulta a entrada de novos competidores devido à sua escala e poder de mercado."",
  ""analise_solucao_proposta"": ""A solução proposta, uma plataforma SaaS de infraestrutura para comércio eletrônico, pode enfrentar desafios regulatórios significativos, especialmente em relação à proteção de dados e conformidade com regulamentações específicas do setor. A necessidade de conformidade com regulamentos de privacidade e segurança pode ser um obstáculo significativo para a startup."",
  ""analise_receitas_custos"": ""O modelo de receita baseado em assinaturas mensais e comissões sobre o volume transacionado pode ser vulnerável a contestações regulatórias, especialmente em mercados onde a taxação de plataformas de comércio eletrônico é uma preocupação crescente. Além disso, a cobrança de comissões sobre transações pode ser vista como uma prática anti-concorrencial por parte de reguladores."",
  ""vantagem_injusta"": ""A vantagem competitiva da startup pode ser desafiada por incumbentes com mais recursos e acesso político. Grandes players de comércio eletrônico podem responder com ofertas semelhantes ou através de aquisições estratégicas para neutralizar a ameaça."",
  ""risco_critico"": ""O risco crítico é a retaliação competitiva de grandes players de comércio eletrônico, que podem responder com ofertas semelhantes ou através de aquisições estratégicas para neutralizar a ameaça. Além disso, a startup pode enfrentar regulamentações rigorosas que dificultem a escalabilidade e a sustentabilidade financeira."",
  ""analise_equipe"": ""A equipe parece ter uma forte base técnica e experiência prática em resolver problemas de primeira mão. No entanto, a falta de experiência em lidar com desafios regulatórios e competitivos de nível corporativo pode ser um ponto fraco."",
  ""categoria_risco_principal"": ""Problema regulatório ou legal"",
  ""probabilidade_sucesso_0_a_100"": 40,
  ""veredito_final"": ""Necessita Pivotagem"",
  ""nivel_rigor_diagnostico"": 9
}"
S10,WhatsApp,Aplicativo utilitário P2P de comunicação móvel,2009,,Consumer Internet,"Utilitário de comunicação P2P multiplataforma com foco obsessivo em velocidade, roteamento assíncrono confiável em redes de baixa qualidade e ausência total de atritos de interface (zero anúncios, zero jogos, zero distrações). O modelo foca inteiramente no hiper-crescimento orgânico alavancado por efeitos de rede diretos (o valor do produto cresce exponencialmente a cada novo usuário). A estratégia atual prioriza a dominância absoluta da base global de usuários, postergando e diferindo qualquer estratégia clara de monetização (receita) para o longo prazo.",Ativa,,,,"Aquisição multibilionária por uma mega-plataforma global de redes sociais, com o intuito de consolidar o monopólio da atenção móvel, evento que levantou posteriores pressões regulatórias antitruste e de privacidade de dados",Concorrência predatória,2014,"O aplicativo consumiu apenas algumas dezenas de milhões de dólares em capital de risco, operando com uma proporção raríssima de engenheiros por milhão de usuários ativos. A equipe fundadora é enxuta, liderada por dois experientes engenheiros de software que trabalharam juntos por mais de uma década desenhando a infraestrutura de backend em uma gigantesca e pioneira corporação global de serviços web e e-mail. A dinâmica de mercado é um ataque frontal a um monopólio histórico: o aplicativo atua para disruptar os rentáveis protocolos legados de texto tarifado mantidos por cartéis globais de operadoras de telecomunicações, enquanto se defende de comunicadores proprietários embutidos de fábrica nos sistemas operacionais das fabricantes de smartphones.",https://blog.whatsapp.com/;https://www.nytimes.com/2014/02/20/technology/facebook-to-buy-whatsapp-for-19-billion.html;https://www.ft.com/content/6f9a5c1e-99d3-11e3-91ac-00144feab7de;https://www.crunchbase.com/organization/whatsapp;https://en.wikipedia.org/wiki/WhatsApp,Modelo de negócios falho,60.0,Necessita Pivotagem,8.0,"{
  ""analise_problema_mercado"": ""O problema de comunicação móvel P2P é relevante, especialmente em áreas com baixa qualidade de rede. A demanda por uma alternativa eficiente e sem custos de mensagens é clara, especialmente em mercados emergentes e desenvolvidos onde as tarifas de texto são caras ou ineficientes."",
  ""analise_solucao_proposta"": ""A solução proposta é adequada e inovadora, oferecendo um aplicativo focado em velocidade e confiabilidade em redes de baixa qualidade. A proposta de valor única é a ausência de atritos de interface, o que pode ser um diferencial significativo para usuários que buscam uma experiência simples e eficiente."",
  ""analise_receitas_custos"": ""A estratégia de postergar a monetização é arriscada, mas pode ser justificada pelo foco em hiper-crescimento orgânico e efeitos de rede. Os custos operacionais são controlados devido à eficiência da equipe e à infraestrutura enxuta."",
  ""vantagem_injusta"": ""A vantagem competitiva é a infraestrutura robusta e eficiente desenvolvida por engenheiros experientes, bem como a capacidade de oferecer uma experiência de usuário sem distrações e focada em utilidade."",
  ""risco_critico"": ""O maior risco é a falta de uma estratégia clara de monetização. A empresa precisa encontrar um modelo de negócios sustentável antes que o caixa se esgote."",
  ""analise_equipe"": ""A equipe é experiente e enxuta, liderada por engenheiros com uma forte história de sucesso em infraestrutura de rede e comunicação. Isso é um ponto forte, mas a falta de experiência em monetização e marketing pode ser um desafio."",
  ""categoria_risco_principal"": ""Modelo de negócios falho"",
  ""probabilidade_sucesso_0_a_100"": 60,
  ""veredito_final"": ""Necessita Pivotagem"",
  ""nivel_rigor_diagnostico"": 8
}",Modelo de negócios falho,55.0,Necessita Pivotagem,8.0,"{
  ""analise_problema_mercado"": ""O problema do mercado é real e relevante, pois os usuários estão buscando alternativas mais eficientes e baratas para comunicação móvel. O segmento de clientes é bem definido, incluindo principalmente usuários de smartphones que buscam uma comunicação rápida e confiável, sem anúncios ou distrações desnecessárias."",
  ""analise_solucao_proposta"": ""A solução proposta é eficaz e executável, oferecendo uma comunicação P2P rápida e confiável, com foco em redes de baixa qualidade. A proposta de valor única é a ausência de atritos de interface e a ênfase no crescimento orgânico através de efeitos de rede."",
  ""analise_receitas_custos"": ""O modelo econômico é questionável, pois a estratégia de postergar a monetização pode levar a um desequilíbrio financeiro. A equipe está focada em crescimento orgânico, mas a falta de uma estratégia clara de monetização pode ser um problema no longo prazo. A concorrência é intensa, com gigantes como WhatsApp e Telegram já estabelecidos."",
  ""vantagem_injusta"": ""A vantagem injusta é a infraestrutura robusta e eficiente desenvolvida pela equipe, que permite uma comunicação rápida e confiável em redes de baixa qualidade."",
  ""risco_critico"": ""O maior risco estrutural é a falta de uma estratégia clara de monetização, o que pode levar a problemas financeiros no longo prazo."",
  ""analise_equipe"": ""A equipe é experiente e tem um histórico sólido em desenvolvimento de software, o que é um ponto positivo. No entanto, a equipe é enxuta e pode precisar de mais recursos para lidar com a concorrência intensa."",
  ""categoria_risco_principal"": ""Modelo de negócios falho"",
  ""probabilidade_sucesso_0_a_100"": 55,
  ""veredito_final"": ""Necessita Pivotagem"",
  ""nivel_rigor_diagnostico"": 8
}",Modelo de negócios falho,30.0,Necessita Pivotagem,10.0,"{
  ""analise_problema_mercado"": ""O problema de comunicação móvel baseado em texto tarifado é significativo, mas o mercado já está saturado com alternativas gratuitas e de baixo custo, como SMS e mensageiros proprietários. A necessidade de um novo aplicativo para resolver isso é questionável, pois os usuários já têm opções suficientes e não estão necessariamente dispostos a pagar por uma alternativa nova e desconhecida."",
  ""analise_solucao_proposta"": ""A solução proposta é uma aplicação de comunicação P2P com foco em velocidade e confiabilidade em redes de baixa qualidade. No entanto, a adoção de uma nova tecnologia requer tempo e esforço para convencer os usuários a abandonarem as soluções existentes. Além disso, a ausência de anúncios e distrações pode limitar as fontes de receita futuras, tornando a monetização mais difícil."",
  ""analise_receitas_custos"": ""A estratégia de postergar a monetização pode ser arriscada, pois a startup precisa gerar receita para sustentar o crescimento e a manutenção da infraestrutura. A subestimação de custos de infraestrutura e manutenção pode ser um problema, especialmente se a base de usuários crescer rapidamente. Além disso, a dependência de efeitos de rede pode não ser suficiente para garantir a sustentabilidade financeira a longo prazo."",
  ""vantagem_injusta"": ""A vantagem competitiva baseia-se na velocidade e confiabilidade em redes de baixa qualidade. No entanto, outras empresas podem rapidamente copiar ou superar essas características, especialmente se a tecnologia for de código aberto ou amplamente disponível. Além disso, a falta de uma estratégia clara de monetização pode permitir que concorrentes com modelos de negócios mais sólidos ganhem participação de mercado."",
  ""risco_critico"": ""O risco crítico é a falta de uma estratégia clara de monetização. A startup precisa gerar receita para sustentar o crescimento e a manutenção da infraestrutura, mas a postergação da monetização pode levar a problemas financeiros a longo prazo. Além disso, a dependência de efeitos de rede pode não ser suficiente para garantir a sustentabilidade financeira."",
  ""analise_equipe"": ""A equipe fundadora é experiente em engenharia de software e tem uma forte base técnica. No entanto, a falta de experiência em monetização e marketing pode ser um desafio significativo para a startup, especialmente se a concorrência for forte e a estratégia de monetização não for clara."",
  ""categoria_risco_principal"": ""Modelo de negócios falho"",
  ""probabilidade_sucesso_0_a_100"": 30,
  ""veredito_final"": ""Necessita Pivotagem"",
  ""nivel_rigor_diagnostico"": 10
}",Modelo de negócios falho,30.0,Necessita Pivotagem,10.0,"{
  ""analise_problema_mercado"": ""O mercado de comunicação móvel é vasto e crescente, com bilhões de usuários globais. A fricção mecânica para a aquisição de usuários é significativa devido à forte presença de monopólios e cartéis de telecomunicações, bem como a integração de comunicação proprietária nos sistemas operacionais dos smartphones. A necessidade de um utilitário de comunicação eficiente e sem atritos de interface pode ser uma oportunidade para capturar uma fatia significativa do mercado."",
  ""analise_solucao_proposta"": ""A solução proposta é um aplicativo de comunicação P2P focado em velocidade, confiabilidade e ausência de distrações. A complexidade logística e técnica é alta, exigindo uma infraestrutura robusta e escalável para suportar o hiper-crescimento orgânico. A solução visa criar um efeito de rede direto para aumentar o valor do produto com cada novo usuário."",
  ""analise_receitas_custos"": ""A estratégia atual é focar no hiper-crescimento orgânico e postergar a monetização para o longo prazo. Isso pode ser arriscado, pois a empresa precisa gerar receita para sustentar o crescimento e a infraestrutura. A ausência de uma estratégia clara de monetização no curto prazo é um risco significativo."",
  ""vantagem_injusta"": ""A vantagem injusta potencial é a capacidade de criar um efeito de rede direto, onde o valor do produto aumenta exponencialmente com cada novo usuário. Isso pode criar uma barreira de entrada significativa para novos concorrentes."",
  ""risco_critico"": ""A falta de uma estratégia clara de monetização no curto prazo é um risco crítico. A empresa precisa gerar receita para sustentar o crescimento e a infraestrutura, e a postergação da monetização pode levar a problemas financeiros no futuro."",
  ""analise_equipe"": ""A equipe fundadora é composta por dois engenheiros experientes com uma forte experiência em infraestrutura de backend. Isso é um ponto positivo, mas a equipe é enxuta e pode precisar de mais recursos para lidar com os desafios de escalabilidade e monetização."",
  ""categoria_risco_principal"": ""Modelo de negócios falho"",
  ""probabilidade_sucesso_0_a_100"": 30,
  ""veredito_final"": ""Necessita Pivotagem"",
  ""nivel_rigor_diagnostico"": 10
}",Modelo de negócios falho,55.0,Necessita Pivotagem,8.0,"{
  ""analise_problema_mercado"": ""O problema de comunicação móvel é significativo e urgente, especialmente em regiões com infraestrutura de rede limitada. O custo e a ineficiência dos protocolos de texto tarifado são uma dor crônica para os usuários, especialmente em mercados emergentes. A necessidade de uma alternativa confiável e rápida é evidente."",
  ""analise_solucao_proposta"": ""A solução proposta é inovadora e direcionada, focando em velocidade e confiabilidade em redes de baixa qualidade. A ausência de anúncios e distrações é um diferencial significativo, especialmente em mercados emergentes onde a experiência do usuário é crucial. A estratégia de hiper-crescimento orgânico é sólida e alinhada com a dinâmica de mercado."",
  ""analise_receitas_custos"": ""A estratégia de postergar a monetização é arriscada, mas pode ser justificada pela necessidade de estabelecer uma base de usuários crítica antes de implementar qualquer modelo de receita. No entanto, a falta de um plano claro de monetização no curto prazo é um ponto fraco."",
  ""vantagem_injusta"": ""A equipe fundadora tem uma experiência significativa em infraestrutura de backend e comunicação móvel, o que é uma vantagem considerável. A capacidade de desenvolver um produto robusto e escalável é um diferencial importante."",
  ""risco_critico"": ""O maior risco é a falta de um modelo de monetização claro e eficaz. Sem um plano de receita bem definido, o aplicativo pode não conseguir sustentar seu crescimento e atrair investimentos adicionais."",
  ""analise_equipe"": ""A equipe fundadora é experiente e tem uma forte base técnica, o que é crucial para o desenvolvimento de um produto complexo como este. No entanto, a falta de experiência em marketing e monetização pode ser um desafio no futuro."",
  ""categoria_risco_principal"": ""Modelo de negócios falho"",
  ""probabilidade_sucesso_0_a_100"": 55,
  ""veredito_final"": ""Necessita Pivotagem"",
  ""nivel_rigor_diagnostico"": 8
}",Problema de preço ou custo,60.0,Necessita Pivotagem,8.0,"{
  ""analise_problema_mercado"": ""A definição do problema é coerente e bem fundamentada, identificando corretamente o monopólio de cartéis de telecomunicações e a concorrência de comunicadores proprietários embutidos nos sistemas operacionais. A hipótese de que o valor do produto cresce exponencialmente com o número de usuários é lógica e consistente com o conceito de efeitos de rede."",
  ""analise_solucao_proposta"": ""A solução proposta é coerente com o problema identificado, oferecendo um utilitário de comunicação P2P focado em velocidade e confiabilidade em redes de baixa qualidade, sem atritos de interface. A estratégia de hiper-crescimento orgânico e postergação de monetização é lógica e consistente com o objetivo de dominar a base de usuários."",
  ""analise_receitas_custos"": ""A lógica de monetização é coerente com o perfil do cliente, pois o valor do produto cresce exponencialmente com o número de usuários, o que pode levar a uma monetização lucrativa no longo prazo. No entanto, a estratégia de postergar a monetização pode ser arriscada se o crescimento não for sustentável."",
  ""vantagem_injusta"": ""A vantagem injusta é fundamentada na capacidade técnica da equipe de engenheiros e na estratégia de hiper-crescimento orgânico. A equipe tem experiência em infraestrutura de backend e a estratégia de crescimento é coerente com a proposta de valor do produto."",
  ""risco_critico"": ""O risco crítico é a postergação indefinida da monetização. Se o crescimento não for sustentável ou se a base de usuários não crescer como esperado, a startup pode enfrentar problemas financeiros."",
  ""analise_equipe"": ""A equipe é adequada para o desafio, com engenheiros experientes em infraestrutura de backend e uma estratégia clara de hiper-crescimento orgânico. No entanto, a equipe é enxuta e pode precisar de mais recursos para lidar com a concorrência e a complexidade do mercado."",
  ""categoria_risco_principal"": ""Problema de preço ou custo"",
  ""probabilidade_sucesso_0_a_100"": 60,
  ""veredito_final"": ""Necessita Pivotagem"",
  ""nivel_rigor_diagnostico"": 8
}",Problema regulatório ou legal,30.0,Necessita Pivotagem,9.0,"{
  ""analise_problema_mercado"": ""O problema de comunicação móvel sem tarifas exorbitantes é real e existente, especialmente em mercados emergentes onde as operadoras de telecomunicações têm forte controle sobre os protocolos de comunicação e preços. No entanto, a presença de cartéis globais e monopólios históricos indica um mercado altamente regulado e com barreiras significativas para novos entrantes."",
  ""analise_solucao_proposta"": ""A solução técnica proposta é inovadora e focada em desafiar os protocolos legados de comunicação, mas pode criar passivos regulatórios significativos. A ausência de anúncios e distrações pode ser vista como uma vantagem, mas também pode ser vista como uma falta de modelo de receita clara, o que pode ser um problema regulatório se a startup não encontrar uma forma de monetizar o serviço de forma sustentável."",
  ""analise_receitas_custos"": ""O modelo de receita é extremamente incerto e depende de efeitos de rede diretos para se tornar lucrativo no longo prazo. Isso pode ser um risco regulatório, pois reguladores podem questionar a sustentabilidade financeira de um modelo que posterga a monetização e pode ser visto como uma ameaça aos modelos de negócios estabelecidos das operadoras de telecomunicações."",
  ""vantagem_injusta"": ""A vantagem competitiva da startup é baseada em uma infraestrutura de comunicação P2P inovadora e focada em desafiar os monopólios existentes. No entanto, essa vantagem pode ser desafiada por incumbentes com mais recursos e acesso político, especialmente se a startup não tiver uma estratégia clara de monetização e sustentabilidade financeira."",
  ""risco_critico"": ""O risco crítico é a ação de reguladores ou incumbentes que podem impor regulamentações ou leis que inviabilizem o modelo de negócios da startup. Isso pode incluir a imposição de taxas de interconexão, restrições à distribuição do aplicativo ou ações judiciais por violação de direitos autorais ou patentes."",
  ""analise_equipe"": ""A equipe fundadora é experiente e tem um histórico de inovação em infraestrutura de comunicação, o que é um ponto positivo. No entanto, a falta de experiência em lidar com reguladores e incumbentes poderosos pode ser um desafio significativo."",
  ""categoria_risco_principal"": ""Problema regulatório ou legal"",
  ""probabilidade_sucesso_0_a_100"": 30,
  ""veredito_final"": ""Necessita Pivotagem"",
  ""nivel_rigor_diagnostico"": 9
}"
